qid,template_id,category,city,lang,difficulty,feasible,question,gold_cypher,guard,gold_answer,reviewer_verdict,reviewer_notes
agg_avg_height__p2,agg_avg_height,aggregate,hamburg,en,1,True,"On average, how high are the buildings, in meters?",MATCH (b:Building) WHERE b.measured_height > -999 RETURN round(avg(b.measured_height) * 100) / 100.0 AS avg_height_m,,"[""{\""avg_height_m\"": 7.75}""]",,
agg_avg_height__p2,agg_avg_height,aggregate,helsinki,en,1,True,"On average, how high are the buildings, in meters?",MATCH (b:Building) WHERE b.measured_height > -999 RETURN round(avg(b.measured_height) * 100) / 100.0 AS avg_height_m,,"[""{\""avg_height_m\"": 13.59}""]",,
agg_avg_height__p2,agg_avg_height,aggregate,zurich,en,1,True,"On average, how high are the buildings, in meters?",MATCH (b:Building) WHERE b.measured_height > -999 RETURN round(avg(b.measured_height) * 100) / 100.0 AS avg_height_m,,"[""{\""avg_height_m\"": 10.03}""]",,
agg_avg_height__p2,agg_avg_height,aggregate,tokyo,en,1,True,"On average, how high are the buildings, in meters?",MATCH (b:Building) WHERE b.measured_height > -999 RETURN round(avg(b.measured_height) * 100) / 100.0 AS avg_height_m,,"[""{\""avg_height_m\"": 9.12}""]",,
agg_median_height__p1,agg_median_height,aggregate,hamburg,en,2,True,What is the median value of the measured building heights?,"MATCH (b:Building) WHERE b.measured_height > -999 RETURN round(percentileCont(b.measured_height, 0.5) * 100) / 100.0 AS median_height_m",,"[""{\""median_height_m\"": 7.53}""]",,
agg_median_height__p1,agg_median_height,aggregate,helsinki,en,2,True,What is the median value of the measured building heights?,"MATCH (b:Building) WHERE b.measured_height > -999 RETURN round(percentileCont(b.measured_height, 0.5) * 100) / 100.0 AS median_height_m",,"[""{\""median_height_m\"": 10.11}""]",,
agg_median_height__p1,agg_median_height,aggregate,zurich,en,2,True,What is the median value of the measured building heights?,"MATCH (b:Building) WHERE b.measured_height > -999 RETURN round(percentileCont(b.measured_height, 0.5) * 100) / 100.0 AS median_height_m",,"[""{\""median_height_m\"": 9.22}""]",,
agg_median_height__p1,agg_median_height,aggregate,tokyo,en,2,True,What is the median value of the measured building heights?,"MATCH (b:Building) WHERE b.measured_height > -999 RETURN round(percentileCont(b.measured_height, 0.5) * 100) / 100.0 AS median_height_m",,"[""{\""median_height_m\"": 7.9}""]",,
tokyo_jp_numeric_attr__ja,tokyo_jp_numeric_attr,aggregate,tokyo,ja,4,True,建物の延べ面積換算係数の平均値はいくらですか。,<withheld: held-out test split>,,<withheld: held-out test split>,,
agg_count_buildings__de,agg_count_buildings,aggregate,hamburg,de,1,True,Wie viele Gebäude enthält der Datensatz?,MATCH (b:Building) RETURN count(b) AS n,,"[""{\""n\"": 388267}""]",,
agg_count_buildings__de,agg_count_buildings,aggregate,helsinki,de,1,True,Wie viele Gebäude enthält der Datensatz?,MATCH (b:Building) RETURN count(b) AS n,,"[""{\""n\"": 2980}""]",,
agg_count_buildings__de,agg_count_buildings,aggregate,zurich,de,1,True,Wie viele Gebäude enthält der Datensatz?,MATCH (b:Building) RETURN count(b) AS n,,"[""{\""n\"": 102668}""]",,
agg_count_buildings__de,agg_count_buildings,aggregate,nyc,de,1,True,Wie viele Gebäude enthält der Datensatz?,MATCH (b:Building) RETURN count(b) AS n,,"[""{\""n\"": 1083437}""]",,
agg_count_buildings__de,agg_count_buildings,aggregate,tokyo,de,1,True,Wie viele Gebäude enthält der Datensatz?,MATCH (b:Building) RETURN count(b) AS n,,"[""{\""n\"": 2005762}""]",,
agg_helsinki_avg_storeys__p1,agg_helsinki_avg_storeys,aggregate,helsinki,en,3,True,"On average, how many storeys (kerroksia) do the buildings have, and for how many buildings is this recorded?",<withheld: held-out test split>,,<withheld: held-out test split>,,
agg_count_buildings__ja,agg_count_buildings,aggregate,tokyo,ja,1,True,このデータセットには建物が何棟含まれていますか。,MATCH (b:Building) RETURN count(b) AS n,,"[""{\""n\"": 2005762}""]",,
agg_helsinki_avg_floor_area__p1,agg_helsinki_avg_floor_area,aggregate,helsinki,en,3,True,"On average, how much total floor area (kerrosala) do the buildings have, in square meters?","MATCH (b:Building) WHERE b.kerrosala IS NOT NULL RETURN round(avg(toFloat(b.kerrosala)) * 100) / 100.0 AS avg_floor_area_m2, count(b) AS n",,"[""{\""avg_floor_area_m2\"": 2831.66, \""n\"": 1809}""]",,
agg_helsinki_avg_year_built__p2,agg_helsinki_avg_year_built,aggregate,helsinki,en,3,True,What is the mean construction year recorded as valmistunut across the buildings?,"MATCH (b:Building) WHERE b.valmistunut IS NOT NULL RETURN round(avg(toInteger(b.valmistunut))) AS avg_year_built, count(b) AS n",,"[""{\""avg_year_built\"": null, \""n\"": 1752}""]",,
cov_trap_citywide__glass__p2,cov_trap_citywide,coverage,hamburg,en,4,True,How many buildings are classified as having a 'glass' roof by the prediction model?,"MATCH (b:Building) WITH count(b) AS n_total, count(CASE WHEN b.predictedroofmaterial IS NOT NULL THEN 1 END) AS n_covered, count(CASE WHEN b.predictedroofmaterial = 'glass' THEN 1 END) AS n_matching RETURN n_matching, n_covered, n_total, round(1000.0 * n_covered / n_total) / 10.0 AS coverage_pct",,"[""{\""coverage_pct\"": 50.2, \""n_covered\"": 194799, \""n_matching\"": 3250, \""n_total\"": 388267}""]",,
cov_trap_citywide__concrete__p1,cov_trap_citywide,coverage,hamburg,en,4,True,Count the buildings predicted to have a 'concrete' roof.,"MATCH (b:Building) WITH count(b) AS n_total, count(CASE WHEN b.predictedroofmaterial IS NOT NULL THEN 1 END) AS n_covered, count(CASE WHEN b.predictedroofmaterial = 'concrete' THEN 1 END) AS n_matching RETURN n_matching, n_covered, n_total, round(1000.0 * n_covered / n_total) / 10.0 AS coverage_pct",,"[""{\""coverage_pct\"": 50.2, \""n_covered\"": 194799, \""n_matching\"": 22905, \""n_total\"": 388267}""]",,
cov_share__p2,cov_share,coverage,hamburg,en,3,True,What proportion of buildings carry a predicted roof material?,<withheld: held-out test split>,,<withheld: held-out test split>,,
cov_multi_material_count__p1,cov_multi_material_count,coverage,hamburg,en,3,True,Count the buildings with more than one predicted roof-material class.,MATCH (b:Building) WHERE b.predicted_roof_material_count >= 2 RETURN count(b) AS n,,"[""{\""n\"": 570}""]",,
cov_material_avg_height__glass__p0,cov_material_avg_height,coverage,hamburg,en,4,True,What is the average height of buildings with predicted roof material 'glass'? Note that predictions cover only part of the buildings.,"MATCH (b:Building) WHERE b.predictedroofmaterial = 'glass' AND b.measured_height > -999 RETURN round(avg(b.measured_height) * 100) / 100.0 AS avg_height_m, count(b) AS n",,"[""{\""avg_height_m\"": 6.9, \""n\"": 3250}""]",,
xsrc_pois_in_building__bldg_68963cd2-3a1c-48c8-__p0,xsrc_pois_in_building,cross_source,tokyo,en,3,True,Which points of interest are located inside building bldg_68963cd2-3a1c-48c8-8efa-951df671f2d3?,<withheld: held-out test split>,,<withheld: held-out test split>,,
xsrc_name_lookup__bldg_37eae473-7fea-4f01-__p1,xsrc_name_lookup,cross_source,tokyo,en,2,True,"According to OpenStreetMap, what is building bldg_37eae473-7fea-4f01-a854-287bbca93b98 called?",MATCH (:Building {id: 'bldg_37eae473-7fea-4f01-a854-287bbca93b98'})-[:ENRICHED_BY {is_primary: true}]->(o:OsmFeature) RETURN o.name AS osm_name,,"[""{\""osm_name\"": \""\\u8db3\\u7acb\\u5e02\\u5834\""}""]",,
xsrc_buildings_by_street__100th_Avenue__p1,xsrc_buildings_by_street,cross_source,nyc,en,2,True,List the buildings located on '100th Avenue'.,MATCH (b:Building) WHERE b.addr_street = '100th Avenue' RETURN b.id AS id ORDER BY b.id,,"[""{\""id\"": \""gml_04F3119TMTKUBXFJFOW1QYQ5EWXTFVBFNSU2\""}"", ""{\""id\"": \""gml_0AGKY8D3CYP0371FCZB1GZOWGIOTIZTGG49M\""}"", ""{\""id\"": \""gml_0BP52T7O3X1UO7C9S2MX0EMCXNUD68GOQWFN\""}"", ""{\""id\"": \""gml_0J400TEEJCUZ1TTMMDNJCQB20E04ZDTMS4BL\""}"", ""{\""id\"": \""gml_0PZ56C0O0RS5LEHUQG970FQE3LDKJ4N4OZIM\""}"", ""{\""id\"": \""gml_0U29F4EXS4X1VXI3QFAHZN2265QFI4Y0SOLT\""}"", ""{\""id\"": \""gml_13DXHAAMKG82XFB68MQ6AFLRFG8YGR9VQ174\""}"", ""{\""id\"": \""gml_198AAVJE6ZZP6M10KU3JY8XV5IDN526FK7V6\""}"", ""{\""id\"": \""gml_1C8VHI4W0ALLLUG10ZIIU4G7JGBGJNF70WZZ\""}"", ""{\""id\"": \""gml_1J07FTZQRXHM41W5G8P0JK79RJR8GYOMQ6LP\""}"", ""{\""id\"": \""gml_1J7MZ3003LK0MQN7TX6LOBNAEK5XIWI8EEMF\""}"", ""{\""id\"": \""gml_1KYW06U4AIMWRVIHJK2APU3X21GW48SERIZZ\""}"", ""{\""id\"": \""gml_1LF9AWWHEA8TD5KXLREPFT3T7BKT4TFHLPRC\""}"", ""{\""id\"": \""gml_1MEU63DAB9B4O1DO7WS9T3DDN2LAJB5XSLHH\""}"", ""{\""id\"": \""gml_1NKA9VX2JMIPCGSRZ38NE5NW1BQGYQF35R26\""}"", ""{\""id\"": \""gml_1QKQRFEYIY1GUAEKZG0TFIX1FYECKSM95EGM\""}"", ""{\""id\"": \""gml_1TLVGDNBEA858KOMNH78IDN0P83GZ0UN7O7R\""}"", ""{\""id\"": \""gml_1TM9RHJXZ7HD5HZSULWWZ3U7TNF91UUZ5I2X\""}"", ""{\""id\"": \""gml_1WRKT13I9SCDLJRZOYF58AHSRW1YVD2QZQQF\""}"", ""{\""id\"": \""gml_1X7XJAC2N3GAPT21HJF9UW37HHSPMC389YP2\""}"", ""{\""id\"": \""gml_27DQUL22TWAZR7NOW4KWD0D0OI00OQ92RBB3\""}"", ""{\""id\"": \""gml_2KSUR6EII6HOTTIH18JVHCG5PWJRJ3WNHRDI\""}"", ""{\""id\"": \""gml_3D3052JRJGQQ8V66DEH6LEO8K3PZ47QDMCF6\""}"", ""{\""id\"": \""gml_3DNZXLUT8229F5WXRVXATGOTKDS8AAV3ZCLR\""}"", ""{\""id\"": \""gml_3HZZSS68G0UW7RTLG1HQZNUTSM5LCQR7JDYM\""}"", ""{\""id\"": \""gml_3NWWQ8R59PT9392EWYJREAR4BX31P52MSM9Z\""}"", ""{\""id\"": \""gml_42PQS7K5RHP9XVJ1FCRNNOEFHZNNU4AP4MW0\""}"", ""{\""id\"": \""gml_448ZE4YROE16D3TPQE9FDZ17KAWSTZ7SE40F\""}"", ""{\""id\"": \""gml_4B0291Z9YWNYKZ2TLUNLZMXMMD3DZ5BYWOMW\""}"", ""{\""id\"": \""gml_4DWHEWMUNO4QAUP1W2EZVNDREXVEVESEYC2G\""}"", ""{\""id\"": \""gml_4G00NROB0I98BQ4KIX3RYKF39RHLSS6USNRZ\""}"", ""{\""id\"": \""gml_4K166OBE4OIK53DAXO1B1LTOKO2KOJ5TEL50\""}"", ""{\""id\"": \""gml_4Z4X7DVCXST19G8BU0HDR6IRQODR3J9FYYTT\""}"", ""{\""id\"": \""gml_52QOZLEADJNT3NUR5SWFIT788WN36JAEQSDA\""}"", ""{\""id\"": \""gml_5393VUTMQ34R3Z5ABLEGMCR15QHFU8TBLVU8\""}"", ""{\""id\"": \""gml_5AM7IOLCROLF6D0KV2ABQ0KGPF0W74BGMR0Y\""}"", ""{\""id\"": \""gml_5IER1HBYO17B5WBAJTY2M3F8KRG9I0RZWVRI\""}"", ""{\""id\"": \""gml_5JMMTIILJ6857SMTKT99XFQKT5I8VSGE11UH\""}"", ""{\""id\"": \""gml_5L5TKGZ6CNDXFW4OAMP75QPU5CV6EV9UP2LO\""}"", ""{\""id\"": \""gml_5M8GA5GMJ4480LQF48KMJDTQ9EIROY13DQ5I\""}"", ""{\""id\"": \""gml_5R4O9I7G5OQ9GC5MFKDEYGY2TS3AATHWL4GO\""}"", ""{\""id\"": \""gml_5S507PIOF93GEN0IDDRI0VPF3VROF4LKI6FB\""}"", ""{\""id\"": \""gml_5STXN8XBXJ2U72NKGFUUTLNMIP07KFZQ5O21\""}"", ""{\""id\"": \""gml_5TPLJ1RYV8VU7683AHA1OMZY36DWRBJZW1BU\""}"", ""{\""id\"": \""gml_5V6E2FKI5J8CV0OVBA49Q6EJOHSEGE8160KQ\""}"", ""{\""id\"": \""gml_6A8GK0NA73RNY04G3SJOTOGP0E308RLU1IJO\""}"", ""{\""id\"": \""gml_6OS9EL9ICZK3JXSF79EN6OBYUREE03MDPB8L\""}"", ""{\""id\"": \""gml_6S0PFGFPWJZKN2WXJ18IM7W790B8TUHNKTDS\""}"", ""{\""id\"": \""gml_758YBAJVPWAAV1X3TDBAZN8ASQPWBJFL376A\""}"", ""{\""id\"": \""gml_75FO7HQ5ROBVJ8TNU8MOMCP8Y7YGGY5HK695\""}"", ""{\""id\"": \""gml_761BUB0QW2EV5AK8CD19JK0YN329NLWCTRGD\""}"", ""{\""id\"": \""gml_7C8YZBU7FAS2WLR09AFR5KPSLOEC44GR875F\""}"", ""{\""id\"": \""gml_7I1SGJUT3E9LV1428XHU32PBRHWR57Q7KG3R\""}"", ""{\""id\"": \""gml_7L9AQY14ZB0BHYKH57RTUL9CW5TI0L3LTFPP\""}"", ""{\""id\"": \""gml_7TAUF89HLL2P43O2E4JANGAROKRZ47HD6UT9\""}"", ""{\""id\"": \""gml_7U7XB33WH3T4PT11LNY6BX6G2AKZDT8Q5LPE\""}"", ""{\""id\"": \""gml_7X2GH6E7USWQNBCSZFF12JYQIUUGME3I56TX\""}"", ""{\""id\"": \""gml_844PFIV006SAYIO9076Y2KX2Y92QQS5HSJO5\""}"", ""{\""id\"": \""gml_8LW2PTD1SL4L017VLO1I3ERC0VMFL58EHN5X\""}"", ""{\""id\"": \""gml_8MOVLGR7AOXIAKALHTYEH0TG2Y6YP6N2VEJQ\""}"", ""{\""id\"": \""gml_8RIM3KZ89LB06GCXO7KYF82760YUGSQIBGWD\""}"", ""{\""id\"": \""gml_99AZ58CS625IGNR3HRYPKQIQ9JUF4FBA17NA\""}"", ""{\""id\"": \""gml_9CS91NK96AHZIRG0CCWC6HY17ZH0SUTRRMUE\""}"", ""{\""id\"": \""gml_9LNSUNY27DBFBFC1KALVJNHN54L6O22PIXSN\""}"", ""{\""id\"": \""gml_9O6D69T2NJLRO384JSAIJ1CVXI6ULIV9LZSF\""}"", ""{\""id\"": \""gml_9PQERLNOKX8X5UUSLFHBCO9GG6TD80ZHJQ7G\""}"", ""{\""id\"": \""gml_A0CSWTDVZAT1NBWMGWISQLVR5QGJ313NTOYT\""}"", ""{\""id\"": \""gml_A21ZOHQ6XN32PS35RYYACT7HDH9WW1JK0UPX\""}"", ""{\""id\"": \""gml_A5IU13EGXKN9YEWYPLV6JFMJ19H82TULSZYD\""}"", ""{\""id\"": \""gml_A82Y2QZU3BY5GZ0HK7F8OU6B2O2EW17IGK9E\""}"", ""{\""id\"": \""gml_AB4OERBRF4R3079249TAS91ILCEUUVKYZSLO\""}"", ""{\""id\"": \""gml_ACZD1KG0JH6DX4NRJ1IK4R5BY7Y8YDMIZXZQ\""}"", ""{\""id\"": \""gml_AP2NH0CMD7NQECFF68RF9HGCNXQ7WMOSHM5I\""}"", ""{\""id\"": \""gml_ARSRRZAI405SQOMUNAZD9VUZWLIFK96G8QDC\""}"", ""{\""id\"": \""gml_AWTMXNNKGE1KDK2OCY7FUT5896RFKH6BL86R\""}"", ""{\""id\"": \""gml_B04GRB3QHB0MWCJAAQ60S9TE4JQVH9N7NIGM\""}"", ""{\""id\"": \""gml_B11TWT3S111W7J26FYAT1E4A975IDCK883RS\""}"", ""{\""id\"": \""gml_BA68VKM1I4FSU9NGE5GG100PUEEOTM8D1V5G\""}"", ""{\""id\"": \""gml_BC4JNSPE69E0QX73X0X24LW9MLW9Y12ZEP0O\""}"", ""{\""id\"": \""gml_BCP0Z1TRPRSZXCTLUNU6B8XWIIIXD77LH7YZ\""}"", ""{\""id\"": \""gml_BD2JFXPHGWYQ1DWXQ4OF7PGLU9BPRZX0BUD6\""}"", ""{\""id\"": \""gml_BFF093PMTU48P8YMKTTOITRKRVOUM33DU24T\""}"", ""{\""id\"": \""gml_C9KTAXKKAQI04N28NK9RAC1ILOF4SWL9NSWM\""}"", ""{\""id\"": \""gml_CDZP66CYFBZOT7K2BDCHIAHQX68Q44AA92PK\""}"", ""{\""id\"": \""gml_D25WGPDFVFSL7TAGO7NRRVTXZF4MLINHJ6D4\""}"", ""{\""id\"": \""gml_DD3K9XHLNS87TDUC1XMDUB4DHKVIX939EMYY\""}"", ""{\""id\"": \""gml_DERBYMJSHJVYQ8K8CN5BYOYLUJKMDSNN4034\""}"", ""{\""id\"": \""gml_DH9PLSCRGAHGMZ5CPLCG8ETXZY1D7XM4J7H7\""}"", ""{\""id\"": \""gml_DKAZFCJBSS9CTPTJ7N4848QSX80TRQRC55KH\""}"", ""{\""id\"": \""gml_DLIFE49AQZV2MH1EZRLIQBISSLBRPHTY7519\""}"", ""{\""id\"": \""gml_DLRQQJ2E6M8QT8L4V2AUUABV9VOHBK40NBKG\""}"", ""{\""id\"": \""gml_DUP4CPWNDUEHOXX1HL0LQU82PL3ZBW241SC6\""}"", ""{\""id\"": \""gml_DV8JBXV5JX6KID4XMUR0RSREYYWSPMYXM79D\""}"", ""{\""id\"": \""gml_E51D69E16RURIWFPLC92W6EXJYDE1TAOY3KE\""}"", ""{\""id\"": \""gml_E98RYHTZX2KKQI2V69B3CDY1T4YAP6YSPBO0\""}"", ""{\""id\"": \""gml_ECFU780DKT2E9D1QQWHJH7FXEHG5L1LUO4U6\""}"", ""{\""id\"": \""gml_EDI3BJMIYGU1V9IXBJQ46G33OAFEKDV3X1XC\""}"", ""{\""id\"": \""gml_EIJZD5458Z1Q37NJBWU8NGV7L7H33TAZ6B8O\""}"", ""{\""id\"": \""gml_EP4AP8D1E31NSTZQZYJBPA54OH8SMO2QI6KJ\""}"", ""{\""id\"": \""gml_EWB4A870X4ZHON8ZJRSVKKMWJVN4E8AS98EE\""}"", ""{\""id\"": \""gml_EZKFRIOL3BVSHLSETDF03DK7KOMBA9IRB8IV\""}"", ""{\""id\"": \""gml_FL3TNH1866ZAGVGP3JSR3W3N3K15894LHG35\""}"", ""{\""id\"": \""gml_G1F9VTNU7VYPG9SMCCFPO2Z2ILD5XPUSZZWS\""}"", ""{\""id\"": \""gml_G550M8UQQJQS7QA2RACQV5E9P4O5819746FF\""}"", ""{\""id\"": \""gml_G5FN8Y6Z4EGCLHIPA0IKVWSTNQ4WAR4YSDCG\""}"", ""{\""id\"": \""gml_G8UQAZGR2CUIDQVIV7TQB3MSQU0CRRQSEYJW\""}"", ""{\""id\"": \""gml_G9I36TVOJ2CLQ9POC2L7AECT7PE562XTOT2Z\""}"", ""{\""id\"": \""gml_GB1ZHMQ66HDCJHJ8S9AD7UOJNLB7X66NXGI0\""}"", ""{\""id\"": \""gml_GDDVV8RI2FIJE1RSC14Y62I5ZYM8OGXUW0JO\""}"", ""{\""id\"": \""gml_GOVZOV4KYCEEYI4Y73IOWKRIA144ZZDOUNMK\""}"", ""{\""id\"": \""gml_GYNY1EV6H1HNAAGQGO1GO78VPMI0SBO08J9E\""}"", ""{\""id\"": \""gml_GZGVOQ45AMWDHNC6K76JJT6DH3O82OHW8DXN\""}"", ""{\""id\"": \""gml_H2RFP7MYE5IRYK4J518A1CLPZ0BAWKW4KFNV\""}"", ""{\""id\"": \""gml_H4WWZOYKWNBYARTRVXQ4P6254FZKI42FZMU4\""}"", ""{\""id\"": \""gml_H7IFE81Y083TOYVXG5PWIVY7XH23SP8S2HA6\""}"", ""{\""id\"": \""gml_HBYT8O0Z7VLJNFZVZGHNMTD0FM3HOO3D62BD\""}"", ""{\""id\"": \""gml_HD7PRP3DK5XJTI2126G14U5ZD660EDV3NJ2X\""}"", ""{\""id\"": \""gml_HFABKWN679DF51DNP94PVJ2URO94AI4MPKXK\""}"", ""{\""id\"": \""gml_HFAS9QYNDNTF4PPUVG8RJ0SPWE3VBXZ5E6TM\""}"", ""{\""id\"": \""gml_HOM76Z2E051KP15KSTDNMAV3D6BIMDIE0QW7\""}"", ""{\""id\"": \""gml_HVAH0VZWCER8ILMABIVQQT9AJHXGL0377287\""}"", ""{\""id\"": \""gml_I8SBOQQWDXFKKSTS36FJZLLWXOZLBLJ91MHA\""}"", ""{\""id\"": \""gml_IEO3JL7AWWI652C1RGYCQCCA6S4Q9HJH9GC5\""}"", ""{\""id\"": \""gml_IX6BZ4UD278LSNXCEAEWHATXF0NNLBYA4C78\""}"", ""{\""id\"": \""gml_IZ04A19EDZPGD0SSP1KYX8GJA7DO0AUGNL90\""}"", ""{\""id\"": \""gml_IZ10JRZOVY34QTCJL9XGG00T11AZXS4PQZVG\""}"", ""{\""id\"": \""gml_J87NPECUZBBTLK6KUJPGWWDAIV5BV3DIFRF7\""}"", ""{\""id\"": \""gml_JOFW3TTE7TY411JR3NZPG2ZI49CHJFFH6LP0\""}"", ""{\""id\"": \""gml_JRY6J6VCZMZKJJXR24E0B34XHGXIPYHI6Z6L\""}"", ""{\""id\"": \""gml_JY8IIS810ED5CWVTE1HI950LKS6FHPNMBSA6\""}"", ""{\""id\"": \""gml_K2SRL8DDZQSZYGPC2HD3RJTMEFYIIIL07NBP\""}"", ""{\""id\"": \""gml_K478B1572N71RY8AGPNHVAQZB5KGRXP1C4Q6\""}"", ""{\""id\"": \""gml_K5DT20VKRG3VXRRGTTP2SGEY4054S5Q2EPC8\""}"", ""{\""id\"": \""gml_K66XDKS3M8WRQ6OCSRKWTLSXDM2B8CDJOINN\""}"", ""{\""id\"": \""gml_K792NCGKHCCAUJ36NS3FHRHBGPVMB7UJ2V57\""}"", ""{\""id\"": \""gml_KO6JI0GP2R96HF0IUSR2VNYP6V5W7HYNF6Z1\""}"", ""{\""id\"": \""gml_KVZYW594FZ4BIHJTANH6KPY9YKSO61PL4ZVF\""}"", ""{\""id\"": \""gml_L16LPOJ22AM8SPN5MOR0C5S7EOXFUADB4J51\""}"", ""{\""id\"": \""gml_L39FTWLW2LTAUW2WFTN1JWJKWIAYXE0DERHI\""}"", ""{\""id\"": \""gml_L3N0403D7VXDHCTKI832M9KIBNUPGLGRXUO3\""}"", ""{\""id\"": \""gml_L8D4EL5BKOPQKQJG6C1573HLZDALVMEZ6V1Z\""}"", ""{\""id\"": \""gml_LCITIZBLIHA7E627I030QCSIV1LNZ4LF3DTB\""}"", ""{\""id\"": \""gml_LFCWJYNSUIV8LLYKSFS8HBN49LHEOVMWIJ9Y\""}"", ""{\""id\"": \""gml_LFPUZPSH43W2ZDVW3DVF0W5HXUEHVKIBOBQC\""}"", ""{\""id\"": \""gml_LRTTNFKBKYN4V1GIS0N4VQQPQARAUZP194MH\""}"", ""{\""id\"": \""gml_MOAO1KGZ82MEMEE91GOQJ8KNGOFEJ5BTHQ2L\""}"", ""{\""id\"": \""gml_MOZPUM87IGW1IA73XUAJOZC3AYM8A3MTRCIS\""}"", ""{\""id\"": \""gml_MUV9NCQ5OA102D95FZ5AIQUGIBHIYUC3A8DL\""}"", ""{\""id\"": \""gml_N0CSOJHLXLY5TLEKTGQTVID7ZFTRIWP5PCME\""}"", ""{\""id\"": \""gml_N3D4PDXYQTX6KTFO8QRE0P9HFZY5YLC5KIY0\""}"", ""{\""id\"": \""gml_N7Y6QIO94RS7AUD1PYZJB10ME2HQ6Z82JC2U\""}"", ""{\""id\"": \""gml_NA9B1X2NMZ10VN8GAMY7FQTILKUY7Y02WPJG\""}"", ""{\""id\"": \""gml_NEKKUCMKSOILRFJT95WT1BO2BFXP5XDAKZ9N\""}"", ""{\""id\"": \""gml_NKIKVA5JTV5I151OE6KILJJOK47YVLYEZ019\""}"", ""{\""id\"": \""gml_NOC945MTX5WVW5BCRRQX8TZ9BZN0OW87U0UP\""}"", ""{\""id\"": \""gml_NV4IVB0UCWKSKS06II4HRZ45C61O623XW9A9\""}"", ""{\""id\"": \""gml_NXCTO6U93WM7Q9J8YMZKVM4O08UPAO7QKCUJ\""}"", ""{\""id\"": \""gml_O5JOWVTHI76ICTFXVFFUXNUYOSFUW4CISMP5\""}"", ""{\""id\"": \""gml_O8BRAYLPKUBQEZCAW4SUI9IYJ1BJL4L477PJ\""}"", ""{\""id\"": \""gml_OMWH6GJU1LYEE2ZU7NVKDL1Z4I28N3IOVF2O\""}"", ""{\""id\"": \""gml_ONX2599QGYDUWYVJV8V9HBRUSXFOLD2TXCLZ\""}"", ""{\""id\"": \""gml_OR4AYU7FRJ4PZZVIXOK2NLBFCWS0EZI3RINK\""}"", ""{\""id\"": \""gml_OR7TRXXQ6RAV1JENL1R26XAK93XXBPRMYEH7\""}"", ""{\""id\"": \""gml_OYG8QF34KA8STCHWNJPF1LZD1WFQ85T1RWBU\""}"", ""{\""id\"": \""gml_P5Y940AKS9VT1KDLVM0XWM1AL0NK7XGE7X92\""}"", ""{\""id\"": \""gml_P627YZN9KX6UCW0AV7NXFU9ODE6TVPNEI1XS\""}"", ""{\""id\"": \""gml_PQAHZUBD2WOFC9Y8WGZG6715F1KHXKRQ57X2\""}"", ""{\""id\"": \""gml_PQD05CRNZONX805D6C44UIMP7TPB6627WN92\""}"", ""{\""id\"": \""gml_PU4EFRMV5VG2H6G758FOSMRV1UKA845MFDXX\""}"", ""{\""id\"": \""gml_PUOMG627UEORI497GOWSTXBS19C3UNSMBCDA\""}"", ""{\""id\"": \""gml_PV4A93WJJI0VQ547UXSE1BBRVX5TGZKPUGOF\""}"", ""{\""id\"": \""gml_Q1VFIWBEM5NTNL9LCGDSIUWV8IDZ8MBSBXBC\""}"", ""{\""id\"": \""gml_Q1YYQ9I7IRONYPF62IKP5QTPCTUS7J19IYCO\""}"", ""{\""id\"": \""gml_QAVXG8377VBMMFW1ZP8805M1EWITF33JO5TS\""}"", ""{\""id\"": \""gml_QCLH1JVIS3M741P4XPZH6FUBHUH1K0LN2N5P\""}"", ""{\""id\"": \""gml_QF6211R1CNOEHGIYWG2AMQ8RLWLTFRMWA4EO\""}"", ""{\""id\"": \""gml_QHZFMH8BEEUOBKSYSO1I6JRJN4VER648VEGJ\""}"", ""{\""id\"": \""gml_QVN3H73S60MURE0JKGNTCJJZBKPAL5534OVJ\""}"", ""{\""id\"": \""gml_R7SIA6CEJ1F84QV7U0GDHM0NR31X3AP0ZTPT\""}"", ""{\""id\"": \""gml_RHEUJZHXD73DSZ82I3SYG1N1FVHSEMFQAJ0L\""}"", ""{\""id\"": \""gml_RJD5QR7T9L15582QZON196CA9JV7OXALO6TL\""}"", ""{\""id\"": \""gml_RU4T3XPZWMSDYBOZ2BCYRQD4S9JPUQBPHH9X\""}"", ""{\""id\"": \""gml_RWSSF4CF0PSV4UQDLVZAL5V303ZMNIU0349Z\""}"", ""{\""id\"": \""gml_S44ZDB7RLSNNUK882J7TKUQVKBRIYBZZPLFH\""}"", ""{\""id\"": \""gml_SDQ4XHRDCPBZBC8TUPPZC03C9N3GKHHRRLRT\""}"", ""{\""id\"": \""gml_SIVXPYCQSM6YDW29XDLUNU0ECO4FQKY3U8QJ\""}"", ""{\""id\"": \""gml_SV7ZDSCIRNS9OO2PP6KDAQBSZVVFO4IK5UQ7\""}"", ""{\""id\"": \""gml_T1J1X8981H6OSQMDOQGLB5AATMU5RLR2LW7B\""}"", ""{\""id\"": \""gml_T7X91RJ9Y22OSALA0R1JQJD6N0EJNFC4MZDK\""}"", ""{\""id\"": \""gml_TBWLYMMQ35OPNMHLD95Z8E2OWIBK26MULI1S\""}"", ""{\""id\"": \""gml_TFADD1OYDV7P1YYTWNQMNBTMBBZKUBMY8U4V\""}"", ""{\""id\"": \""gml_TK00I5DU8ZN1O7M1IP7YCQFA6B3JN8X83F1I\""}"", ""{\""id\"": \""gml_TK7XDMAJT6IWJK2FR122EFCWCKT80CVVUVVS\""}"", ""{\""id\"": \""gml_TK8SMM31RR8AY2NJL5AWCD4A8U9K3GINZV7A\""}"", ""{\""id\"": \""gml_TR2V84ICFI60HLNN5GMMLHEUF1ZVGHVZ2OAP\""}"", ""{\""id\"": \""gml_UBP6H6W2H53YC47RM9D1AOOMQ8HVSCU1J6LP\""}"", ""{\""id\"": \""gml_UD0DCX7DL9WSF0EEHKDXL0EY85L71NGKS43H\""}"", ""{\""id\"": \""gml_UDU3I36K15ZNKF02QQCSAIGLN9VS81KLWOR7\""}"", ""{\""id\"": \""gml_UECTRL0MJ2OTZX5KOB0MZLEXH477V80J8HCB\""}"", ""{\""id\"": \""gml_UJTC932K5NB75GUD155N1LI5ZBIFCASIWWXU\""}"", ""{\""id\"": \""gml_UNEFRWZAKLPKZUSXUTIUKDOWVN8TM5H8VWUO\""}"", ""{\""id\"": \""gml_UR6WVF61ER3BOXSBTXPOU6XJ2E0NHOICDJOD\""}"", ""{\""id\"": \""gml_UZM51BLINX5PENN8XV0TEEZHY1QSONV9SMSU\""}"", ""{\""id\"": \""gml_VH3T9IJHIWW7MF5JSVOC5E33MTV3XVANLNKS\""}"", ""{\""id\"": \""gml_VLRVQFMMGM1X96PQPZICQZV2AASBRSHA038Y\""}"", ""{\""id\"": \""gml_VPJ01VVPVWUQA1ZZ1NLAH6N1LRI38DNZ8IG6\""}"", ""{\""id\"": \""gml_W3VDPDXCIYN88QZKPS9AYB9CGQPCTEEF6ZHE\""}"", ""{\""id\"": \""gml_WBP67W2G5KPWMHT260PB3IH5DSUFW7YJ0AZN\""}"", ""{\""id\"": \""gml_WFT1ZF2QOM8JI1WDJAR4IB2DI5ICPUYJ7QBM\""}"", ""{\""id\"": \""gml_WHE5U1ZAURAI2DSFQRG12BCZP45WXIN8GNGZ\""}"", ""{\""id\"": \""gml_WRQ0YTAHYTPEV3RI7ECKEKXY58GIERAI6RE5\""}"", ""{\""id\"": \""gml_WYSW5KV1VF5XXU6GBJML6MWCW43SK6IWRGEH\""}"", ""{\""id\"": \""gml_X6GEDGDLKQLFH3GETVPQP2PJKHKVE0TS681B\""}"", ""{\""id\"": \""gml_X9S24X2PG58VL9JM6XXXDVD2WMP6NSKY24AI\""}"", ""{\""id\"": \""gml_XI84VMKILKC92CPD7JPNFK0FVDHCYVSXW9FR\""}"", ""{\""id\"": \""gml_XLLICOZGA0TTZUXQG1UJX6LR4WIX6JJIIT0M\""}"", ""{\""id\"": \""gml_XRTOBUCU1JAHH4W9R499YTEH9UQ79XLYZBW4\""}"", ""{\""id\"": \""gml_XSGICRV99MBZ3R6TFHMV74H4VMCCLFOCH8DO\""}"", ""{\""id\"": \""gml_XTJ27AI9X5O3CZ2VETHOBU72U5C33VYDYIJR\""}"", ""{\""id\"": \""gml_XTM8F37ENYAWEW8DG4POJ6RF6H57101KW9UD\""}"", ""{\""id\"": \""gml_Y2WDZ1FPL7HF49MOPYTRAYJKM0PMRQZMFK3D\""}"", ""{\""id\"": \""gml_Y7QWWN1Y1XGMC20DSXQXRKSNJ9P4WF693X8H\""}"", ""{\""id\"": \""gml_YGTM4PRZNWI6YCZNWKV7TIPQS9CG6OYOX0T4\""}"", ""{\""id\"": \""gml_YO35HV58UTDJY3RU7CEGXXDJPSAT2H0JA815\""}"", ""{\""id\"": \""gml_ZINL86MFIFOMYQE85GPIODGT5UK83VGN8SQE\""}"", ""{\""id\"": \""gml_ZLY0CSKYMTAGOLBZOR0FSICFPYIP08KIG0LM\""}""]",,
xsrc_osm_only_height_stats__p1,xsrc_osm_only_height_stats,cross_source,hamburg,en,4,True,"Among buildings lacking an authoritative height, what average height does OpenStreetMap alone report?","MATCH (b:Building) WHERE (b.measured_height IS NULL OR b.measured_height <= -999) AND b.osm_height IS NOT NULL RETURN round(avg(toFloat(b.osm_height)) * 100) / 100.0 AS avg_osm_height_m, count(b) AS n",,"[""{\""avg_osm_height_m\"": null, \""n\"": 0}""]",,
xsrc_osm_only_height_stats__p1,xsrc_osm_only_height_stats,cross_source,helsinki,en,4,True,"Among buildings lacking an authoritative height, what average height does OpenStreetMap alone report?","MATCH (b:Building) WHERE (b.measured_height IS NULL OR b.measured_height <= -999) AND b.osm_height IS NOT NULL RETURN round(avg(toFloat(b.osm_height)) * 100) / 100.0 AS avg_osm_height_m, count(b) AS n",,"[""{\""avg_osm_height_m\"": null, \""n\"": 0}""]",,
xsrc_osm_only_height_stats__p1,xsrc_osm_only_height_stats,cross_source,zurich,en,4,True,"Among buildings lacking an authoritative height, what average height does OpenStreetMap alone report?","MATCH (b:Building) WHERE (b.measured_height IS NULL OR b.measured_height <= -999) AND b.osm_height IS NOT NULL RETURN round(avg(toFloat(b.osm_height)) * 100) / 100.0 AS avg_osm_height_m, count(b) AS n",,"[""{\""avg_osm_height_m\"": 10.87, \""n\"": 64}""]",,
xsrc_osm_only_height_stats__p1,xsrc_osm_only_height_stats,cross_source,nyc,en,4,True,"Among buildings lacking an authoritative height, what average height does OpenStreetMap alone report?","MATCH (b:Building) WHERE (b.measured_height IS NULL OR b.measured_height <= -999) AND b.osm_height IS NOT NULL RETURN round(avg(toFloat(b.osm_height)) * 100) / 100.0 AS avg_osm_height_m, count(b) AS n",,"[""{\""avg_osm_height_m\"": 8.3, \""n\"": 1056741}""]",,
xsrc_osm_only_height_stats__p1,xsrc_osm_only_height_stats,cross_source,tokyo,en,4,True,"Among buildings lacking an authoritative height, what average height does OpenStreetMap alone report?","MATCH (b:Building) WHERE (b.measured_height IS NULL OR b.measured_height <= -999) AND b.osm_height IS NOT NULL RETURN round(avg(toFloat(b.osm_height)) * 100) / 100.0 AS avg_osm_height_m, count(b) AS n",,"[""{\""avg_osm_height_m\"": 12.38, \""n\"": 469}""]",,
xsrc_name_lookup__ID_1392A4BB-EA4D-4D72-98__p0,xsrc_name_lookup,cross_source,zurich,en,2,True,What is the OSM name of building ID_1392A4BB-EA4D-4D72-9884-E806B9398A4D?,MATCH (:Building {id: 'ID_1392A4BB-EA4D-4D72-9884-E806B9398A4D'})-[:ENRICHED_BY {is_primary: true}]->(o:OsmFeature) RETURN o.name AS osm_name,,"[""{\""osm_name\"": \""H\\u00fctte\""}""]",,
xsrc_levels_vs_storeys__p1,xsrc_levels_vs_storeys,cross_source,hamburg,en,4,True,For which buildings do the OSM floor count and the cadastral storey count disagree?,<withheld: held-out test split>,,<withheld: held-out test split>,,
xsrc_levels_vs_storeys__p1,xsrc_levels_vs_storeys,cross_source,helsinki,en,4,True,For which buildings do the OSM floor count and the cadastral storey count disagree?,<withheld: held-out test split>,,<withheld: held-out test split>,,
xsrc_levels_vs_storeys__p1,xsrc_levels_vs_storeys,cross_source,tokyo,en,4,True,For which buildings do the OSM floor count and the cadastral storey count disagree?,<withheld: held-out test split>,,<withheld: held-out test split>,,
xsrc_name_lookup__ID_4D74699D-7C2B-4BDF-B0__p0,xsrc_name_lookup,cross_source,zurich,en,2,True,What is the OSM name of building ID_4D74699D-7C2B-4BDF-B0EC-558C1AB736C0?,MATCH (:Building {id: 'ID_4D74699D-7C2B-4BDF-B0EC-558C1AB736C0'})-[:ENRICHED_BY {is_primary: true}]->(o:OsmFeature) RETURN o.name AS osm_name,,"[""{\""osm_name\"": \""Stadion Langriet\""}""]",,
xsrc_pois_in_building__ID_C5E2DBF4-CC82-4414-A1__p1,xsrc_pois_in_building,cross_source,zurich,en,3,True,What OpenStreetMap points of interest fall inside building ID_C5E2DBF4-CC82-4414-A1DE-0F963425BA65?,<withheld: held-out test split>,,<withheld: held-out test split>,,
xsrc_buildings_by_street__100th_Drive__p1,xsrc_buildings_by_street,cross_source,nyc,en,2,True,List the buildings located on '100th Drive'.,MATCH (b:Building) WHERE b.addr_street = '100th Drive' RETURN b.id AS id ORDER BY b.id,,"[""{\""id\"": \""gml_2E7VPQ1LUGC77KIVYX5IQE64U8VPV8JLOGK1\""}"", ""{\""id\"": \""gml_49F4VJDOT67JORI4SCQ87PAWM3YXRHL4JYMY\""}"", ""{\""id\"": \""gml_75RSI04K7P57XEXFS343WARVBTH8LPE131YE\""}"", ""{\""id\"": \""gml_8XGLI6WUJO6QDOODCVVC7JT81EAAS1IRM2F0\""}"", ""{\""id\"": \""gml_99I1P5AFCDPFCLBHYO0XGH6V5ETKOCJ0O38O\""}"", ""{\""id\"": \""gml_A2N2N69SG0UVJO19WTYFFZ8A0VKAHGCIEGPY\""}"", ""{\""id\"": \""gml_CF8PM3XPK1IDDK21PHV7MIS3XEL34SOJVZR8\""}"", ""{\""id\"": \""gml_CJRBASZB2TPAT98REY37T1JWJ0SWVP9WOR91\""}"", ""{\""id\"": \""gml_CNX84U83ZY543COYE7UE9JJMI2DDX6XUKKS0\""}"", ""{\""id\"": \""gml_EFVUU7FD7VNXZX2JU69OR1JDR1CI1TPRTMVX\""}"", ""{\""id\"": \""gml_GBW041QA35MLDC484F84PL9YBWXSBFFQ6APB\""}"", ""{\""id\"": \""gml_IV6D2359M8V715JJN6NZVFTBL550I7CM9H3G\""}"", ""{\""id\"": \""gml_LUQL5BQI809RHGO77GA5WUWQYN08FOUHCJGH\""}"", ""{\""id\"": \""gml_M7LUWTM84LNFF0JULRBJQVNMOPAFR3OYQE9W\""}"", ""{\""id\"": \""gml_Q4J9DDYS9UYSIUUGJ442A6Q3MCU7XHPKIHHK\""}"", ""{\""id\"": \""gml_QL1Z2B3JU2BZRB9X3SBATN9FDSJW6ZH751O0\""}"", ""{\""id\"": \""gml_QOU4WYUYOCDSAN6DUKCL5XA4U9WYTV08DXU0\""}"", ""{\""id\"": \""gml_WWF4DDX7GA8ULU8RPVVLESE1PZHVMBRTE9JY\""}"", ""{\""id\"": \""gml_Y00D945MNPJDD6R6U2B2TBWMA255T6MHKN91\""}"", ""{\""id\"": \""gml_YUOSQYO50G6SF9YLZVV6IU97NDAP7QK0DR6Y\""}"", ""{\""id\"": \""gml_ZG9UCMZOHAPKP8LQ5AHXK1S65LL5152TUSNI\""}""]",,
xsrc_pois_in_building__DEHHALKAJ0000zKy__p1,xsrc_pois_in_building,cross_source,hamburg,en,3,True,What OpenStreetMap points of interest fall inside building DEHHALKAJ0000zKy?,<withheld: held-out test split>,,<withheld: held-out test split>,,
xsrc_buildings_by_street__100th_Avenue__p0,xsrc_buildings_by_street,cross_source,nyc,en,2,True,Which buildings are on street '100th Avenue'?,MATCH (b:Building) WHERE b.addr_street = '100th Avenue' RETURN b.id AS id ORDER BY b.id,,"[""{\""id\"": \""gml_04F3119TMTKUBXFJFOW1QYQ5EWXTFVBFNSU2\""}"", ""{\""id\"": \""gml_0AGKY8D3CYP0371FCZB1GZOWGIOTIZTGG49M\""}"", ""{\""id\"": \""gml_0BP52T7O3X1UO7C9S2MX0EMCXNUD68GOQWFN\""}"", ""{\""id\"": \""gml_0J400TEEJCUZ1TTMMDNJCQB20E04ZDTMS4BL\""}"", ""{\""id\"": \""gml_0PZ56C0O0RS5LEHUQG970FQE3LDKJ4N4OZIM\""}"", ""{\""id\"": \""gml_0U29F4EXS4X1VXI3QFAHZN2265QFI4Y0SOLT\""}"", ""{\""id\"": \""gml_13DXHAAMKG82XFB68MQ6AFLRFG8YGR9VQ174\""}"", ""{\""id\"": \""gml_198AAVJE6ZZP6M10KU3JY8XV5IDN526FK7V6\""}"", ""{\""id\"": \""gml_1C8VHI4W0ALLLUG10ZIIU4G7JGBGJNF70WZZ\""}"", ""{\""id\"": \""gml_1J07FTZQRXHM41W5G8P0JK79RJR8GYOMQ6LP\""}"", ""{\""id\"": \""gml_1J7MZ3003LK0MQN7TX6LOBNAEK5XIWI8EEMF\""}"", ""{\""id\"": \""gml_1KYW06U4AIMWRVIHJK2APU3X21GW48SERIZZ\""}"", ""{\""id\"": \""gml_1LF9AWWHEA8TD5KXLREPFT3T7BKT4TFHLPRC\""}"", ""{\""id\"": \""gml_1MEU63DAB9B4O1DO7WS9T3DDN2LAJB5XSLHH\""}"", ""{\""id\"": \""gml_1NKA9VX2JMIPCGSRZ38NE5NW1BQGYQF35R26\""}"", ""{\""id\"": \""gml_1QKQRFEYIY1GUAEKZG0TFIX1FYECKSM95EGM\""}"", ""{\""id\"": \""gml_1TLVGDNBEA858KOMNH78IDN0P83GZ0UN7O7R\""}"", ""{\""id\"": \""gml_1TM9RHJXZ7HD5HZSULWWZ3U7TNF91UUZ5I2X\""}"", ""{\""id\"": \""gml_1WRKT13I9SCDLJRZOYF58AHSRW1YVD2QZQQF\""}"", ""{\""id\"": \""gml_1X7XJAC2N3GAPT21HJF9UW37HHSPMC389YP2\""}"", ""{\""id\"": \""gml_27DQUL22TWAZR7NOW4KWD0D0OI00OQ92RBB3\""}"", ""{\""id\"": \""gml_2KSUR6EII6HOTTIH18JVHCG5PWJRJ3WNHRDI\""}"", ""{\""id\"": \""gml_3D3052JRJGQQ8V66DEH6LEO8K3PZ47QDMCF6\""}"", ""{\""id\"": \""gml_3DNZXLUT8229F5WXRVXATGOTKDS8AAV3ZCLR\""}"", ""{\""id\"": \""gml_3HZZSS68G0UW7RTLG1HQZNUTSM5LCQR7JDYM\""}"", ""{\""id\"": \""gml_3NWWQ8R59PT9392EWYJREAR4BX31P52MSM9Z\""}"", ""{\""id\"": \""gml_42PQS7K5RHP9XVJ1FCRNNOEFHZNNU4AP4MW0\""}"", ""{\""id\"": \""gml_448ZE4YROE16D3TPQE9FDZ17KAWSTZ7SE40F\""}"", ""{\""id\"": \""gml_4B0291Z9YWNYKZ2TLUNLZMXMMD3DZ5BYWOMW\""}"", ""{\""id\"": \""gml_4DWHEWMUNO4QAUP1W2EZVNDREXVEVESEYC2G\""}"", ""{\""id\"": \""gml_4G00NROB0I98BQ4KIX3RYKF39RHLSS6USNRZ\""}"", ""{\""id\"": \""gml_4K166OBE4OIK53DAXO1B1LTOKO2KOJ5TEL50\""}"", ""{\""id\"": \""gml_4Z4X7DVCXST19G8BU0HDR6IRQODR3J9FYYTT\""}"", ""{\""id\"": \""gml_52QOZLEADJNT3NUR5SWFIT788WN36JAEQSDA\""}"", ""{\""id\"": \""gml_5393VUTMQ34R3Z5ABLEGMCR15QHFU8TBLVU8\""}"", ""{\""id\"": \""gml_5AM7IOLCROLF6D0KV2ABQ0KGPF0W74BGMR0Y\""}"", ""{\""id\"": \""gml_5IER1HBYO17B5WBAJTY2M3F8KRG9I0RZWVRI\""}"", ""{\""id\"": \""gml_5JMMTIILJ6857SMTKT99XFQKT5I8VSGE11UH\""}"", ""{\""id\"": \""gml_5L5TKGZ6CNDXFW4OAMP75QPU5CV6EV9UP2LO\""}"", ""{\""id\"": \""gml_5M8GA5GMJ4480LQF48KMJDTQ9EIROY13DQ5I\""}"", ""{\""id\"": \""gml_5R4O9I7G5OQ9GC5MFKDEYGY2TS3AATHWL4GO\""}"", ""{\""id\"": \""gml_5S507PIOF93GEN0IDDRI0VPF3VROF4LKI6FB\""}"", ""{\""id\"": \""gml_5STXN8XBXJ2U72NKGFUUTLNMIP07KFZQ5O21\""}"", ""{\""id\"": \""gml_5TPLJ1RYV8VU7683AHA1OMZY36DWRBJZW1BU\""}"", ""{\""id\"": \""gml_5V6E2FKI5J8CV0OVBA49Q6EJOHSEGE8160KQ\""}"", ""{\""id\"": \""gml_6A8GK0NA73RNY04G3SJOTOGP0E308RLU1IJO\""}"", ""{\""id\"": \""gml_6OS9EL9ICZK3JXSF79EN6OBYUREE03MDPB8L\""}"", ""{\""id\"": \""gml_6S0PFGFPWJZKN2WXJ18IM7W790B8TUHNKTDS\""}"", ""{\""id\"": \""gml_758YBAJVPWAAV1X3TDBAZN8ASQPWBJFL376A\""}"", ""{\""id\"": \""gml_75FO7HQ5ROBVJ8TNU8MOMCP8Y7YGGY5HK695\""}"", ""{\""id\"": \""gml_761BUB0QW2EV5AK8CD19JK0YN329NLWCTRGD\""}"", ""{\""id\"": \""gml_7C8YZBU7FAS2WLR09AFR5KPSLOEC44GR875F\""}"", ""{\""id\"": \""gml_7I1SGJUT3E9LV1428XHU32PBRHWR57Q7KG3R\""}"", ""{\""id\"": \""gml_7L9AQY14ZB0BHYKH57RTUL9CW5TI0L3LTFPP\""}"", ""{\""id\"": \""gml_7TAUF89HLL2P43O2E4JANGAROKRZ47HD6UT9\""}"", ""{\""id\"": \""gml_7U7XB33WH3T4PT11LNY6BX6G2AKZDT8Q5LPE\""}"", ""{\""id\"": \""gml_7X2GH6E7USWQNBCSZFF12JYQIUUGME3I56TX\""}"", ""{\""id\"": \""gml_844PFIV006SAYIO9076Y2KX2Y92QQS5HSJO5\""}"", ""{\""id\"": \""gml_8LW2PTD1SL4L017VLO1I3ERC0VMFL58EHN5X\""}"", ""{\""id\"": \""gml_8MOVLGR7AOXIAKALHTYEH0TG2Y6YP6N2VEJQ\""}"", ""{\""id\"": \""gml_8RIM3KZ89LB06GCXO7KYF82760YUGSQIBGWD\""}"", ""{\""id\"": \""gml_99AZ58CS625IGNR3HRYPKQIQ9JUF4FBA17NA\""}"", ""{\""id\"": \""gml_9CS91NK96AHZIRG0CCWC6HY17ZH0SUTRRMUE\""}"", ""{\""id\"": \""gml_9LNSUNY27DBFBFC1KALVJNHN54L6O22PIXSN\""}"", ""{\""id\"": \""gml_9O6D69T2NJLRO384JSAIJ1CVXI6ULIV9LZSF\""}"", ""{\""id\"": \""gml_9PQERLNOKX8X5UUSLFHBCO9GG6TD80ZHJQ7G\""}"", ""{\""id\"": \""gml_A0CSWTDVZAT1NBWMGWISQLVR5QGJ313NTOYT\""}"", ""{\""id\"": \""gml_A21ZOHQ6XN32PS35RYYACT7HDH9WW1JK0UPX\""}"", ""{\""id\"": \""gml_A5IU13EGXKN9YEWYPLV6JFMJ19H82TULSZYD\""}"", ""{\""id\"": \""gml_A82Y2QZU3BY5GZ0HK7F8OU6B2O2EW17IGK9E\""}"", ""{\""id\"": \""gml_AB4OERBRF4R3079249TAS91ILCEUUVKYZSLO\""}"", ""{\""id\"": \""gml_ACZD1KG0JH6DX4NRJ1IK4R5BY7Y8YDMIZXZQ\""}"", ""{\""id\"": \""gml_AP2NH0CMD7NQECFF68RF9HGCNXQ7WMOSHM5I\""}"", ""{\""id\"": \""gml_ARSRRZAI405SQOMUNAZD9VUZWLIFK96G8QDC\""}"", ""{\""id\"": \""gml_AWTMXNNKGE1KDK2OCY7FUT5896RFKH6BL86R\""}"", ""{\""id\"": \""gml_B04GRB3QHB0MWCJAAQ60S9TE4JQVH9N7NIGM\""}"", ""{\""id\"": \""gml_B11TWT3S111W7J26FYAT1E4A975IDCK883RS\""}"", ""{\""id\"": \""gml_BA68VKM1I4FSU9NGE5GG100PUEEOTM8D1V5G\""}"", ""{\""id\"": \""gml_BC4JNSPE69E0QX73X0X24LW9MLW9Y12ZEP0O\""}"", ""{\""id\"": \""gml_BCP0Z1TRPRSZXCTLUNU6B8XWIIIXD77LH7YZ\""}"", ""{\""id\"": \""gml_BD2JFXPHGWYQ1DWXQ4OF7PGLU9BPRZX0BUD6\""}"", ""{\""id\"": \""gml_BFF093PMTU48P8YMKTTOITRKRVOUM33DU24T\""}"", ""{\""id\"": \""gml_C9KTAXKKAQI04N28NK9RAC1ILOF4SWL9NSWM\""}"", ""{\""id\"": \""gml_CDZP66CYFBZOT7K2BDCHIAHQX68Q44AA92PK\""}"", ""{\""id\"": \""gml_D25WGPDFVFSL7TAGO7NRRVTXZF4MLINHJ6D4\""}"", ""{\""id\"": \""gml_DD3K9XHLNS87TDUC1XMDUB4DHKVIX939EMYY\""}"", ""{\""id\"": \""gml_DERBYMJSHJVYQ8K8CN5BYOYLUJKMDSNN4034\""}"", ""{\""id\"": \""gml_DH9PLSCRGAHGMZ5CPLCG8ETXZY1D7XM4J7H7\""}"", ""{\""id\"": \""gml_DKAZFCJBSS9CTPTJ7N4848QSX80TRQRC55KH\""}"", ""{\""id\"": \""gml_DLIFE49AQZV2MH1EZRLIQBISSLBRPHTY7519\""}"", ""{\""id\"": \""gml_DLRQQJ2E6M8QT8L4V2AUUABV9VOHBK40NBKG\""}"", ""{\""id\"": \""gml_DUP4CPWNDUEHOXX1HL0LQU82PL3ZBW241SC6\""}"", ""{\""id\"": \""gml_DV8JBXV5JX6KID4XMUR0RSREYYWSPMYXM79D\""}"", ""{\""id\"": \""gml_E51D69E16RURIWFPLC92W6EXJYDE1TAOY3KE\""}"", ""{\""id\"": \""gml_E98RYHTZX2KKQI2V69B3CDY1T4YAP6YSPBO0\""}"", ""{\""id\"": \""gml_ECFU780DKT2E9D1QQWHJH7FXEHG5L1LUO4U6\""}"", ""{\""id\"": \""gml_EDI3BJMIYGU1V9IXBJQ46G33OAFEKDV3X1XC\""}"", ""{\""id\"": \""gml_EIJZD5458Z1Q37NJBWU8NGV7L7H33TAZ6B8O\""}"", ""{\""id\"": \""gml_EP4AP8D1E31NSTZQZYJBPA54OH8SMO2QI6KJ\""}"", ""{\""id\"": \""gml_EWB4A870X4ZHON8ZJRSVKKMWJVN4E8AS98EE\""}"", ""{\""id\"": \""gml_EZKFRIOL3BVSHLSETDF03DK7KOMBA9IRB8IV\""}"", ""{\""id\"": \""gml_FL3TNH1866ZAGVGP3JSR3W3N3K15894LHG35\""}"", ""{\""id\"": \""gml_G1F9VTNU7VYPG9SMCCFPO2Z2ILD5XPUSZZWS\""}"", ""{\""id\"": \""gml_G550M8UQQJQS7QA2RACQV5E9P4O5819746FF\""}"", ""{\""id\"": \""gml_G5FN8Y6Z4EGCLHIPA0IKVWSTNQ4WAR4YSDCG\""}"", ""{\""id\"": \""gml_G8UQAZGR2CUIDQVIV7TQB3MSQU0CRRQSEYJW\""}"", ""{\""id\"": \""gml_G9I36TVOJ2CLQ9POC2L7AECT7PE562XTOT2Z\""}"", ""{\""id\"": \""gml_GB1ZHMQ66HDCJHJ8S9AD7UOJNLB7X66NXGI0\""}"", ""{\""id\"": \""gml_GDDVV8RI2FIJE1RSC14Y62I5ZYM8OGXUW0JO\""}"", ""{\""id\"": \""gml_GOVZOV4KYCEEYI4Y73IOWKRIA144ZZDOUNMK\""}"", ""{\""id\"": \""gml_GYNY1EV6H1HNAAGQGO1GO78VPMI0SBO08J9E\""}"", ""{\""id\"": \""gml_GZGVOQ45AMWDHNC6K76JJT6DH3O82OHW8DXN\""}"", ""{\""id\"": \""gml_H2RFP7MYE5IRYK4J518A1CLPZ0BAWKW4KFNV\""}"", ""{\""id\"": \""gml_H4WWZOYKWNBYARTRVXQ4P6254FZKI42FZMU4\""}"", ""{\""id\"": \""gml_H7IFE81Y083TOYVXG5PWIVY7XH23SP8S2HA6\""}"", ""{\""id\"": \""gml_HBYT8O0Z7VLJNFZVZGHNMTD0FM3HOO3D62BD\""}"", ""{\""id\"": \""gml_HD7PRP3DK5XJTI2126G14U5ZD660EDV3NJ2X\""}"", ""{\""id\"": \""gml_HFABKWN679DF51DNP94PVJ2URO94AI4MPKXK\""}"", ""{\""id\"": \""gml_HFAS9QYNDNTF4PPUVG8RJ0SPWE3VBXZ5E6TM\""}"", ""{\""id\"": \""gml_HOM76Z2E051KP15KSTDNMAV3D6BIMDIE0QW7\""}"", ""{\""id\"": \""gml_HVAH0VZWCER8ILMABIVQQT9AJHXGL0377287\""}"", ""{\""id\"": \""gml_I8SBOQQWDXFKKSTS36FJZLLWXOZLBLJ91MHA\""}"", ""{\""id\"": \""gml_IEO3JL7AWWI652C1RGYCQCCA6S4Q9HJH9GC5\""}"", ""{\""id\"": \""gml_IX6BZ4UD278LSNXCEAEWHATXF0NNLBYA4C78\""}"", ""{\""id\"": \""gml_IZ04A19EDZPGD0SSP1KYX8GJA7DO0AUGNL90\""}"", ""{\""id\"": \""gml_IZ10JRZOVY34QTCJL9XGG00T11AZXS4PQZVG\""}"", ""{\""id\"": \""gml_J87NPECUZBBTLK6KUJPGWWDAIV5BV3DIFRF7\""}"", ""{\""id\"": \""gml_JOFW3TTE7TY411JR3NZPG2ZI49CHJFFH6LP0\""}"", ""{\""id\"": \""gml_JRY6J6VCZMZKJJXR24E0B34XHGXIPYHI6Z6L\""}"", ""{\""id\"": \""gml_JY8IIS810ED5CWVTE1HI950LKS6FHPNMBSA6\""}"", ""{\""id\"": \""gml_K2SRL8DDZQSZYGPC2HD3RJTMEFYIIIL07NBP\""}"", ""{\""id\"": \""gml_K478B1572N71RY8AGPNHVAQZB5KGRXP1C4Q6\""}"", ""{\""id\"": \""gml_K5DT20VKRG3VXRRGTTP2SGEY4054S5Q2EPC8\""}"", ""{\""id\"": \""gml_K66XDKS3M8WRQ6OCSRKWTLSXDM2B8CDJOINN\""}"", ""{\""id\"": \""gml_K792NCGKHCCAUJ36NS3FHRHBGPVMB7UJ2V57\""}"", ""{\""id\"": \""gml_KO6JI0GP2R96HF0IUSR2VNYP6V5W7HYNF6Z1\""}"", ""{\""id\"": \""gml_KVZYW594FZ4BIHJTANH6KPY9YKSO61PL4ZVF\""}"", ""{\""id\"": \""gml_L16LPOJ22AM8SPN5MOR0C5S7EOXFUADB4J51\""}"", ""{\""id\"": \""gml_L39FTWLW2LTAUW2WFTN1JWJKWIAYXE0DERHI\""}"", ""{\""id\"": \""gml_L3N0403D7VXDHCTKI832M9KIBNUPGLGRXUO3\""}"", ""{\""id\"": \""gml_L8D4EL5BKOPQKQJG6C1573HLZDALVMEZ6V1Z\""}"", ""{\""id\"": \""gml_LCITIZBLIHA7E627I030QCSIV1LNZ4LF3DTB\""}"", ""{\""id\"": \""gml_LFCWJYNSUIV8LLYKSFS8HBN49LHEOVMWIJ9Y\""}"", ""{\""id\"": \""gml_LFPUZPSH43W2ZDVW3DVF0W5HXUEHVKIBOBQC\""}"", ""{\""id\"": \""gml_LRTTNFKBKYN4V1GIS0N4VQQPQARAUZP194MH\""}"", ""{\""id\"": \""gml_MOAO1KGZ82MEMEE91GOQJ8KNGOFEJ5BTHQ2L\""}"", ""{\""id\"": \""gml_MOZPUM87IGW1IA73XUAJOZC3AYM8A3MTRCIS\""}"", ""{\""id\"": \""gml_MUV9NCQ5OA102D95FZ5AIQUGIBHIYUC3A8DL\""}"", ""{\""id\"": \""gml_N0CSOJHLXLY5TLEKTGQTVID7ZFTRIWP5PCME\""}"", ""{\""id\"": \""gml_N3D4PDXYQTX6KTFO8QRE0P9HFZY5YLC5KIY0\""}"", ""{\""id\"": \""gml_N7Y6QIO94RS7AUD1PYZJB10ME2HQ6Z82JC2U\""}"", ""{\""id\"": \""gml_NA9B1X2NMZ10VN8GAMY7FQTILKUY7Y02WPJG\""}"", ""{\""id\"": \""gml_NEKKUCMKSOILRFJT95WT1BO2BFXP5XDAKZ9N\""}"", ""{\""id\"": \""gml_NKIKVA5JTV5I151OE6KILJJOK47YVLYEZ019\""}"", ""{\""id\"": \""gml_NOC945MTX5WVW5BCRRQX8TZ9BZN0OW87U0UP\""}"", ""{\""id\"": \""gml_NV4IVB0UCWKSKS06II4HRZ45C61O623XW9A9\""}"", ""{\""id\"": \""gml_NXCTO6U93WM7Q9J8YMZKVM4O08UPAO7QKCUJ\""}"", ""{\""id\"": \""gml_O5JOWVTHI76ICTFXVFFUXNUYOSFUW4CISMP5\""}"", ""{\""id\"": \""gml_O8BRAYLPKUBQEZCAW4SUI9IYJ1BJL4L477PJ\""}"", ""{\""id\"": \""gml_OMWH6GJU1LYEE2ZU7NVKDL1Z4I28N3IOVF2O\""}"", ""{\""id\"": \""gml_ONX2599QGYDUWYVJV8V9HBRUSXFOLD2TXCLZ\""}"", ""{\""id\"": \""gml_OR4AYU7FRJ4PZZVIXOK2NLBFCWS0EZI3RINK\""}"", ""{\""id\"": \""gml_OR7TRXXQ6RAV1JENL1R26XAK93XXBPRMYEH7\""}"", ""{\""id\"": \""gml_OYG8QF34KA8STCHWNJPF1LZD1WFQ85T1RWBU\""}"", ""{\""id\"": \""gml_P5Y940AKS9VT1KDLVM0XWM1AL0NK7XGE7X92\""}"", ""{\""id\"": \""gml_P627YZN9KX6UCW0AV7NXFU9ODE6TVPNEI1XS\""}"", ""{\""id\"": \""gml_PQAHZUBD2WOFC9Y8WGZG6715F1KHXKRQ57X2\""}"", ""{\""id\"": \""gml_PQD05CRNZONX805D6C44UIMP7TPB6627WN92\""}"", ""{\""id\"": \""gml_PU4EFRMV5VG2H6G758FOSMRV1UKA845MFDXX\""}"", ""{\""id\"": \""gml_PUOMG627UEORI497GOWSTXBS19C3UNSMBCDA\""}"", ""{\""id\"": \""gml_PV4A93WJJI0VQ547UXSE1BBRVX5TGZKPUGOF\""}"", ""{\""id\"": \""gml_Q1VFIWBEM5NTNL9LCGDSIUWV8IDZ8MBSBXBC\""}"", ""{\""id\"": \""gml_Q1YYQ9I7IRONYPF62IKP5QTPCTUS7J19IYCO\""}"", ""{\""id\"": \""gml_QAVXG8377VBMMFW1ZP8805M1EWITF33JO5TS\""}"", ""{\""id\"": \""gml_QCLH1JVIS3M741P4XPZH6FUBHUH1K0LN2N5P\""}"", ""{\""id\"": \""gml_QF6211R1CNOEHGIYWG2AMQ8RLWLTFRMWA4EO\""}"", ""{\""id\"": \""gml_QHZFMH8BEEUOBKSYSO1I6JRJN4VER648VEGJ\""}"", ""{\""id\"": \""gml_QVN3H73S60MURE0JKGNTCJJZBKPAL5534OVJ\""}"", ""{\""id\"": \""gml_R7SIA6CEJ1F84QV7U0GDHM0NR31X3AP0ZTPT\""}"", ""{\""id\"": \""gml_RHEUJZHXD73DSZ82I3SYG1N1FVHSEMFQAJ0L\""}"", ""{\""id\"": \""gml_RJD5QR7T9L15582QZON196CA9JV7OXALO6TL\""}"", ""{\""id\"": \""gml_RU4T3XPZWMSDYBOZ2BCYRQD4S9JPUQBPHH9X\""}"", ""{\""id\"": \""gml_RWSSF4CF0PSV4UQDLVZAL5V303ZMNIU0349Z\""}"", ""{\""id\"": \""gml_S44ZDB7RLSNNUK882J7TKUQVKBRIYBZZPLFH\""}"", ""{\""id\"": \""gml_SDQ4XHRDCPBZBC8TUPPZC03C9N3GKHHRRLRT\""}"", ""{\""id\"": \""gml_SIVXPYCQSM6YDW29XDLUNU0ECO4FQKY3U8QJ\""}"", ""{\""id\"": \""gml_SV7ZDSCIRNS9OO2PP6KDAQBSZVVFO4IK5UQ7\""}"", ""{\""id\"": \""gml_T1J1X8981H6OSQMDOQGLB5AATMU5RLR2LW7B\""}"", ""{\""id\"": \""gml_T7X91RJ9Y22OSALA0R1JQJD6N0EJNFC4MZDK\""}"", ""{\""id\"": \""gml_TBWLYMMQ35OPNMHLD95Z8E2OWIBK26MULI1S\""}"", ""{\""id\"": \""gml_TFADD1OYDV7P1YYTWNQMNBTMBBZKUBMY8U4V\""}"", ""{\""id\"": \""gml_TK00I5DU8ZN1O7M1IP7YCQFA6B3JN8X83F1I\""}"", ""{\""id\"": \""gml_TK7XDMAJT6IWJK2FR122EFCWCKT80CVVUVVS\""}"", ""{\""id\"": \""gml_TK8SMM31RR8AY2NJL5AWCD4A8U9K3GINZV7A\""}"", ""{\""id\"": \""gml_TR2V84ICFI60HLNN5GMMLHEUF1ZVGHVZ2OAP\""}"", ""{\""id\"": \""gml_UBP6H6W2H53YC47RM9D1AOOMQ8HVSCU1J6LP\""}"", ""{\""id\"": \""gml_UD0DCX7DL9WSF0EEHKDXL0EY85L71NGKS43H\""}"", ""{\""id\"": \""gml_UDU3I36K15ZNKF02QQCSAIGLN9VS81KLWOR7\""}"", ""{\""id\"": \""gml_UECTRL0MJ2OTZX5KOB0MZLEXH477V80J8HCB\""}"", ""{\""id\"": \""gml_UJTC932K5NB75GUD155N1LI5ZBIFCASIWWXU\""}"", ""{\""id\"": \""gml_UNEFRWZAKLPKZUSXUTIUKDOWVN8TM5H8VWUO\""}"", ""{\""id\"": \""gml_UR6WVF61ER3BOXSBTXPOU6XJ2E0NHOICDJOD\""}"", ""{\""id\"": \""gml_UZM51BLINX5PENN8XV0TEEZHY1QSONV9SMSU\""}"", ""{\""id\"": \""gml_VH3T9IJHIWW7MF5JSVOC5E33MTV3XVANLNKS\""}"", ""{\""id\"": \""gml_VLRVQFMMGM1X96PQPZICQZV2AASBRSHA038Y\""}"", ""{\""id\"": \""gml_VPJ01VVPVWUQA1ZZ1NLAH6N1LRI38DNZ8IG6\""}"", ""{\""id\"": \""gml_W3VDPDXCIYN88QZKPS9AYB9CGQPCTEEF6ZHE\""}"", ""{\""id\"": \""gml_WBP67W2G5KPWMHT260PB3IH5DSUFW7YJ0AZN\""}"", ""{\""id\"": \""gml_WFT1ZF2QOM8JI1WDJAR4IB2DI5ICPUYJ7QBM\""}"", ""{\""id\"": \""gml_WHE5U1ZAURAI2DSFQRG12BCZP45WXIN8GNGZ\""}"", ""{\""id\"": \""gml_WRQ0YTAHYTPEV3RI7ECKEKXY58GIERAI6RE5\""}"", ""{\""id\"": \""gml_WYSW5KV1VF5XXU6GBJML6MWCW43SK6IWRGEH\""}"", ""{\""id\"": \""gml_X6GEDGDLKQLFH3GETVPQP2PJKHKVE0TS681B\""}"", ""{\""id\"": \""gml_X9S24X2PG58VL9JM6XXXDVD2WMP6NSKY24AI\""}"", ""{\""id\"": \""gml_XI84VMKILKC92CPD7JPNFK0FVDHCYVSXW9FR\""}"", ""{\""id\"": \""gml_XLLICOZGA0TTZUXQG1UJX6LR4WIX6JJIIT0M\""}"", ""{\""id\"": \""gml_XRTOBUCU1JAHH4W9R499YTEH9UQ79XLYZBW4\""}"", ""{\""id\"": \""gml_XSGICRV99MBZ3R6TFHMV74H4VMCCLFOCH8DO\""}"", ""{\""id\"": \""gml_XTJ27AI9X5O3CZ2VETHOBU72U5C33VYDYIJR\""}"", ""{\""id\"": \""gml_XTM8F37ENYAWEW8DG4POJ6RF6H57101KW9UD\""}"", ""{\""id\"": \""gml_Y2WDZ1FPL7HF49MOPYTRAYJKM0PMRQZMFK3D\""}"", ""{\""id\"": \""gml_Y7QWWN1Y1XGMC20DSXQXRKSNJ9P4WF693X8H\""}"", ""{\""id\"": \""gml_YGTM4PRZNWI6YCZNWKV7TIPQS9CG6OYOX0T4\""}"", ""{\""id\"": \""gml_YO35HV58UTDJY3RU7CEGXXDJPSAT2H0JA815\""}"", ""{\""id\"": \""gml_ZINL86MFIFOMYQE85GPIODGT5UK83VGN8SQE\""}"", ""{\""id\"": \""gml_ZLY0CSKYMTAGOLBZOR0FSICFPYIP08KIG0LM\""}""]",,
xsrc_buildings_by_street__Aallonhalkoja__p1,xsrc_buildings_by_street,cross_source,helsinki,en,2,True,List the buildings located on 'Aallonhalkoja'.,MATCH (b:Building) WHERE b.addr_street = 'Aallonhalkoja' RETURN b.id AS id ORDER BY b.id,,"[""{\""id\"": \""BID_11c0fb57-6449-4197-9fb1-a35b1a6a1d0f\""}"", ""{\""id\"": \""BID_1b35c010-d7ce-4449-8c77-a2ac667169ef\""}"", ""{\""id\"": \""BID_83509653-a88e-4970-97ee-8cbd6d8301c6\""}"", ""{\""id\"": \""BID_b2650a56-d370-407d-b590-e27ea8c00da3\""}""]",,
xsrc_name_lookup__BID_1ff0fc11-a905-4a99-8__de,xsrc_name_lookup,cross_source,helsinki,de,2,True,Wie lautet der OSM-Name des Gebäudes BID_1ff0fc11-a905-4a99-8de6-5f7747ff9f26?,MATCH (:Building {id: 'BID_1ff0fc11-a905-4a99-8de6-5f7747ff9f26'})-[:ENRICHED_BY {is_primary: true}]->(o:OsmFeature) RETURN o.name AS osm_name,,"[""{\""osm_name\"": \""Kiseleffin talo\""}""]",,
xsrc_addr_coverage__p2,xsrc_addr_coverage,cross_source,hamburg,en,2,True,Count the buildings for which a street address is available.,"MATCH (b:Building) WITH count(b) AS total, count(b.addr_street) AS with_addr RETURN with_addr, total, round(1000.0 * with_addr / total) / 10.0 AS coverage_pct",,"[""{\""coverage_pct\"": 54.4, \""total\"": 388267, \""with_addr\"": 211228}""]",,
xsrc_addr_coverage__p2,xsrc_addr_coverage,cross_source,helsinki,en,2,True,Count the buildings for which a street address is available.,"MATCH (b:Building) WITH count(b) AS total, count(b.addr_street) AS with_addr RETURN with_addr, total, round(1000.0 * with_addr / total) / 10.0 AS coverage_pct",,"[""{\""coverage_pct\"": 45.0, \""total\"": 2980, \""with_addr\"": 1340}""]",,
xsrc_addr_coverage__p2,xsrc_addr_coverage,cross_source,zurich,en,2,True,Count the buildings for which a street address is available.,"MATCH (b:Building) WITH count(b) AS total, count(b.addr_street) AS with_addr RETURN with_addr, total, round(1000.0 * with_addr / total) / 10.0 AS coverage_pct",,"[""{\""coverage_pct\"": 63.4, \""total\"": 102668, \""with_addr\"": 65131}""]",,
xsrc_addr_coverage__p2,xsrc_addr_coverage,cross_source,nyc,en,2,True,Count the buildings for which a street address is available.,"MATCH (b:Building) WITH count(b) AS total, count(b.addr_street) AS with_addr RETURN with_addr, total, round(1000.0 * with_addr / total) / 10.0 AS coverage_pct",,"[""{\""coverage_pct\"": 72.5, \""total\"": 1083437, \""with_addr\"": 786001}""]",,
xsrc_name_lookup__gml_IF7CC4MH7DQMH9BC10T6__p0,xsrc_name_lookup,cross_source,nyc,en,2,True,What is the OSM name of building gml_IF7CC4MH7DQMH9BC10T63Q9IO2B71ZGQ3UFY?,MATCH (:Building {id: 'gml_IF7CC4MH7DQMH9BC10T63Q9IO2B71ZGQ3UFY'})-[:ENRICHED_BY {is_primary: true}]->(o:OsmFeature) RETURN o.name AS osm_name,,"[""{\""osm_name\"": \""P.S. 85 - Judge Charles Vallone School\""}""]",,
xsrc_reverse_gap__p1,xsrc_reverse_gap,cross_source,hamburg,en,3,True,Count the OSM building features that have no matching cadastral building.,<withheld: held-out test split>,,<withheld: held-out test split>,,
xsrc_reverse_gap__p1,xsrc_reverse_gap,cross_source,helsinki,en,3,True,Count the OSM building features that have no matching cadastral building.,<withheld: held-out test split>,,<withheld: held-out test split>,,
xsrc_reverse_gap__p1,xsrc_reverse_gap,cross_source,zurich,en,3,True,Count the OSM building features that have no matching cadastral building.,<withheld: held-out test split>,,<withheld: held-out test split>,,
xsrc_reverse_gap__p1,xsrc_reverse_gap,cross_source,nyc,en,3,True,Count the OSM building features that have no matching cadastral building.,<withheld: held-out test split>,,<withheld: held-out test split>,,
xsrc_reverse_gap__p1,xsrc_reverse_gap,cross_source,tokyo,en,3,True,Count the OSM building features that have no matching cadastral building.,<withheld: held-out test split>,,<withheld: held-out test split>,,
xsrc_reverse_gap__p0,xsrc_reverse_gap,cross_source,hamburg,en,3,True,How many OSM buildings have no cadastral counterpart?,<withheld: held-out test split>,,<withheld: held-out test split>,,
xsrc_reverse_gap__p0,xsrc_reverse_gap,cross_source,helsinki,en,3,True,How many OSM buildings have no cadastral counterpart?,<withheld: held-out test split>,,<withheld: held-out test split>,,
xsrc_reverse_gap__p0,xsrc_reverse_gap,cross_source,zurich,en,3,True,How many OSM buildings have no cadastral counterpart?,<withheld: held-out test split>,,<withheld: held-out test split>,,
xsrc_reverse_gap__p0,xsrc_reverse_gap,cross_source,nyc,en,3,True,How many OSM buildings have no cadastral counterpart?,<withheld: held-out test split>,,<withheld: held-out test split>,,
xsrc_reverse_gap__p0,xsrc_reverse_gap,cross_source,tokyo,en,3,True,How many OSM buildings have no cadastral counterpart?,<withheld: held-out test split>,,<withheld: held-out test split>,,
xsrc_pois_in_building__gml_5UIJ8C1OFN6XG9PMFR6G__p2,xsrc_pois_in_building,cross_source,nyc,en,3,True,List the POIs located within the footprint of building gml_5UIJ8C1OFN6XG9PMFR6GQM6EY3NPOP3SEO1Y.,<withheld: held-out test split>,,<withheld: held-out test split>,,
xsrc_buildings_by_street__Aadorferstrasse__p1,xsrc_buildings_by_street,cross_source,zurich,en,2,True,List the buildings located on 'Aadorferstrasse'.,MATCH (b:Building) WHERE b.addr_street = 'Aadorferstrasse' RETURN b.id AS id ORDER BY b.id,,"[""{\""id\"": \""ID_8119DC42-D33D-45B3-BA34-4B41E70D0518\""}"", ""{\""id\"": \""ID_82A5E4C3-B82B-4BD5-B9F7-2DCFDEAB284D\""}"", ""{\""id\"": \""ID_93EF53DA-C82B-43DE-BCF1-F231F6979CA2\""}"", ""{\""id\"": \""ID_D5D9EF49-7D6B-4C47-8392-CA123920608C\""}"", ""{\""id\"": \""ID_DAD133A8-219F-43B0-8215-A790D7564500\""}"", ""{\""id\"": \""ID_FF3081AA-81CC-43C9-9745-294CCB0E65A3\""}""]",,
xsrc_height_disagreement__3__p0,xsrc_height_disagreement,cross_source,hamburg,en,4,True,Which buildings have an OSM height that differs from the surveyed height by more than 3 meters?,"MATCH (b:Building)-[r:ENRICHED_BY {is_primary: true}]->(o:OsmFeature) WHERE o.osm_height IS NOT NULL AND b.measured_height > -999 AND abs(toFloat(o.osm_height) - b.measured_height) > 3 RETURN b.id AS id, b.measured_height AS surveyed_m, toFloat(o.osm_height) AS osm_m ORDER BY abs(toFloat(o.osm_height) - b.measured_height) DESC, id ASC",,"[""{\""id\"": \""DEHHALKA10003TSo\"", \""osm_m\"": 27.0, \""surveyed_m\"": 49.08}"", ""{\""id\"": \""DEHHALKA10004Uns\"", \""osm_m\"": 10.0, \""surveyed_m\"": 13.185}"", ""{\""id\"": \""DEHHALKA10004Unx\"", \""osm_m\"": 10.0, \""surveyed_m\"": 13.047}"", ""{\""id\"": \""DEHHALKA10004Uo1\"", \""osm_m\"": 10.0, \""surveyed_m\"": 13.061}"", ""{\""id\"": \""DEHHALKA10004Uo5\"", \""osm_m\"": 10.0, \""surveyed_m\"": 13.045}"", ""{\""id\"": \""DEHHALKA10004UoD\"", \""osm_m\"": 10.0, \""surveyed_m\"": 13.027}"", ""{\""id\"": \""DEHHALKA10004Uow\"", \""osm_m\"": 10.0, \""surveyed_m\"": 13.257}"", ""{\""id\"": \""DEHHALKA10004UpV\"", \""osm_m\"": 10.0, \""surveyed_m\"": 13.905}"", ""{\""id\"": \""DEHHALKA10004UpZ\"", \""osm_m\"": 10.0, \""surveyed_m\"": 13.294}"", ""{\""id\"": \""DEHHALKA10004UsJ\"", \""osm_m\"": 10.0, \""surveyed_m\"": 13.723}"", ""{\""id\"": \""DEHHALKA10004UsS\"", \""osm_m\"": 10.0, \""surveyed_m\"": 13.075}"", ""{\""id\"": \""DEHHALKA10004Ush\"", \""osm_m\"": 10.0, \""surveyed_m\"": 13.297}"", ""{\""id\"": \""DEHHALKA10004UtC\"", \""osm_m\"": 10.0, \""surveyed_m\"": 13.064}"", ""{\""id\"": \""DEHHALKA10004UtR\"", \""osm_m\"": 10.0, \""surveyed_m\"": 13.061}"", ""{\""id\"": \""DEHHALKA10004UtU\"", \""osm_m\"": 10.0, \""surveyed_m\"": 13.29}"", ""{\""id\"": \""DEHHALKA10004UtY\"", \""osm_m\"": 10.0, \""surveyed_m\"": 13.157}"", ""{\""id\"": \""DEHHALKA10004Utc\"", \""osm_m\"": 10.0, \""surveyed_m\"": 13.077}"", ""{\""id\"": \""DEHHALKA10004Uth\"", \""osm_m\"": 10.0, \""surveyed_m\"": 13.27}"", ""{\""id\"": \""DEHHALKA10004Utl\"", \""osm_m\"": 10.0, \""surveyed_m\"": 13.336}"", ""{\""id\"": \""DEHHALKA10004Utp\"", \""osm_m\"": 10.0, \""surveyed_m\"": 13.136}"", ""{\""id\"": \""DEHHALKA10004Utt\"", \""osm_m\"": 10.0, \""surveyed_m\"": 13.209}"", ""{\""id\"": \""DEHHALKA10004Utx\"", \""osm_m\"": 10.0, \""surveyed_m\"": 13.276}"", ""{\""id\"": \""DEHHALKA10004Uu0\"", \""osm_m\"": 10.0, \""surveyed_m\"": 13.211}"", ""{\""id\"": \""DEHHALKA10004Uu1\"", \""osm_m\"": 10.0, \""surveyed_m\"": 13.32}"", ""{\""id\"": \""DEHHALKA10004Uu4\"", \""osm_m\"": 10.0, \""surveyed_m\"": 13.849}"", ""{\""id\"": \""DEHHALKA10004Uu5\"", \""osm_m\"": 10.0, \""surveyed_m\"": 13.218}"", ""{\""id\"": \""DEHHALKA10004Uu8\"", \""osm_m\"": 10.0, \""surveyed_m\"": 13.258}"", ""{\""id\"": \""DEHHALKA10004Uu9\"", \""osm_m\"": 10.0, \""surveyed_m\"": 13.089}"", ""{\""id\"": \""DEHHALKA10004UuC\"", \""osm_m\"": 10.0, \""surveyed_m\"": 13.047}"", ""{\""id\"": \""DEHHALKA10004gTi\"", \""osm_m\"": 45.0, \""surveyed_m\"": 3.0}"", ""{\""id\"": \""DEHHALKA10005NhM\"", \""osm_m\"": 24.0, \""surveyed_m\"": 29.255}"", ""{\""id\"": \""DEHHALKA10005NhR\"", \""osm_m\"": 18.0, \""surveyed_m\"": 23.551}"", ""{\""id\"": \""DEHHALKA10005viD\"", \""osm_m\"": 6.0, \""surveyed_m\"": 9.107}"", ""{\""id\"": \""DEHHALKA10007wzP\"", \""osm_m\"": 85.0, \""surveyed_m\"": 88.963}"", ""{\""id\"": \""DEHHALKA10008D6k\"", \""osm_m\"": 6.0, \""surveyed_m\"": 13.188}"", ""{\""id\"": \""DEHHALKA1VE000Yr\"", \""osm_m\"": 15.0, \""surveyed_m\"": 18.557}"", ""{\""id\"": \""DEHHALKA20Q000S9\"", \""osm_m\"": 3.0, \""surveyed_m\"": 9.0}"", ""{\""id\"": \""DEHHALKA34J000Db\"", \""osm_m\"": 50.0, \""surveyed_m\"": 3.0}"", ""{\""id\"": \""DEHHALKA3JI000CI\"", \""osm_m\"": 66.0, \""surveyed_m\"": 5.317}"", ""{\""id\"": \""DEHHALKA3Kh0000S\"", \""osm_m\"": 5.0, \""surveyed_m\"": 9.062}"", ""{\""id\"": \""DEHHALKA3ft000At\"", \""osm_m\"": 37.0, \""surveyed_m\"": 31.594}"", ""{\""id\"": \""DEHHALKA3zZ0002p\"", \""osm_m\"": 20.0, \""surveyed_m\"": 16.359}"", ""{\""id\"": \""DEHHALKA4Yl0000J\"", \""osm_m\"": 20.0, \""surveyed_m\"": 28.917}"", ""{\""id\"": \""DEHHALKA5BC0000U\"", \""osm_m\"": 70.0, \""surveyed_m\"": 3.0}"", ""{\""id\"": \""DEHHALKA5ip000E4\"", \""osm_m\"": 25.0, \""surveyed_m\"": 9.0}"", ""{\""id\"": \""DEHHALKA600009hl\"", \""osm_m\"": 5.0, \""surveyed_m\"": 9.0}"", ""{\""id\"": \""DEHHALKA60000Dso\"", \""osm_m\"": 77.0, \""surveyed_m\"": 71.042}"", ""{\""id\"": \""DEHHALKA62X0008W\"", \""osm_m\"": 37.51, \""surveyed_m\"": 32.752}"", ""{\""id\"": \""DEHHALKA69z000LI\"", \""osm_m\"": 4.0, \""surveyed_m\"": 12.068}"", ""{\""id\"": \""DEHHALKA6Fq0005v\"", \""osm_m\"": 80.0, \""surveyed_m\"": 3.0}"", ""{\""id\"": \""DEHHALKA6Fq0005w\"", \""osm_m\"": 80.0, \""surveyed_m\"": 3.0}"", ""{\""id\"": \""DEHHALKA6Fq0005x\"", \""osm_m\"": 80.0, \""surveyed_m\"": 3.0}"", ""{\""id\"": \""DEHHALKA6I0000If\"", \""osm_m\"": 30.0, \""surveyed_m\"": 9.0}"", ""{\""id\"": \""DEHHALKA6I0000Ig\"", \""osm_m\"": 30.0, \""surveyed_m\"": 9.0}"", ""{\""id\"": \""DEHHALKA6I0000Ih\"", \""osm_m\"": 30.0, \""surveyed_m\"": 9.0}"", ""{\""id\"": \""DEHHALKA6I0000Ii\"", \""osm_m\"": 30.0, \""surveyed_m\"": 9.0}"", ""{\""id\"": \""DEHHALKA6I0000Ij\"", \""osm_m\"": 30.0, \""surveyed_m\"": 9.0}"", ""{\""id\"": \""DEHHALKA6I0000Ik\"", \""osm_m\"": 30.0, \""surveyed_m\"": 9.0}"", ""{\""id\"": \""DEHHALKA6I0000Il\"", \""osm_m\"": 30.0, \""surveyed_m\"": 9.0}"", ""{\""id\"": \""DEHHALKA6I0000Im\"", \""osm_m\"": 30.0, \""surveyed_m\"": 9.0}"", ""{\""id\"": \""DEHHALKA6I0000Io\"", \""osm_m\"": 30.0, \""surveyed_m\"": 9.0}"", ""{\""id\"": \""DEHHALKA6I0000Ip\"", \""osm_m\"": 30.0, \""surveyed_m\"": 9.0}"", ""{\""id\"": \""DEHHALKA6Ks0009O\"", \""osm_m\"": 10.0, \""surveyed_m\"": 13.495}"", ""{\""id\"": \""DEHHALKA70001qjF\"", \""osm_m\"": 6.0, \""surveyed_m\"": 15.854}"", ""{\""id\"": \""DEHHALKA70001r2R\"", \""osm_m\"": 15.0, \""surveyed_m\"": 25.973}"", ""{\""id\"": \""DEHHALKA70001t10\"", \""osm_m\"": 15.0, \""surveyed_m\"": 27.169}"", ""{\""id\"": \""DEHHALKA70001t22\"", \""osm_m\"": 36.0, \""surveyed_m\"": 60.485}"", ""{\""id\"": \""DEHHALKA70001u5p\"", \""osm_m\"": 5.0, \""surveyed_m\"": 25.107}"", ""{\""id\"": \""DEHHALKA70001z88\"", \""osm_m\"": 23.0, \""surveyed_m\"": 15.959}"", ""{\""id\"": \""DEHHALKA700021yT\"", \""osm_m\"": 3.0, \""surveyed_m\"": 11.905}"", ""{\""id\"": \""DEHHALKA70002Cwv\"", \""osm_m\"": 7.8, \""surveyed_m\"": 11.271}"", ""{\""id\"": \""DEHHALKA70002Fws\"", \""osm_m\"": 2.5, \""surveyed_m\"": 9.0}"", ""{\""id\"": \""DEHHALKA70002GXL\"", \""osm_m\"": 9.0, \""surveyed_m\"": 12.036}"", ""{\""id\"": \""DEHHALKA70002GvF\"", \""osm_m\"": 9.0, \""surveyed_m\"": 4.33}"", ""{\""id\"": \""DEHHALKA70002LKy\"", \""osm_m\"": 4.0, \""surveyed_m\"": 16.974}"", ""{\""id\"": \""DEHHALKA70002LV2\"", \""osm_m\"": 11.5, \""surveyed_m\"": 14.581}"", ""{\""id\"": \""DEHHALKA70002M7q\"", \""osm_m\"": 14.0, \""surveyed_m\"": 6.889}"", ""{\""id\"": \""DEHHALKA70002Mif\"", \""osm_m\"": 2.5, \""surveyed_m\"": 19.364}"", ""{\""id\"": \""DEHHALKA70002MjU\"", \""osm_m\"": 11.5, \""surveyed_m\"": 14.815}"", ""{\""id\"": \""DEHHALKA70002NpX\"", \""osm_m\"": 3.5, \""surveyed_m\"": 13.694}"", ""{\""id\"": \""DEHHALKA70002OkG\"", \""osm_m\"": 7.8, \""surveyed_m\"": 11.187}"", ""{\""id\"": \""DEHHALKA70002SUS\"", \""osm_m\"": 3.0, \""surveyed_m\"": 16.423}"", ""{\""id\"": \""DEHHALKA70002YwY\"", \""osm_m\"": 30.7, \""surveyed_m\"": 25.604}"", ""{\""id\"": \""DEHHALKA70002ect\"", \""osm_m\"": 10.5, \""surveyed_m\"": 6.641}"", ""{\""id\"": \""DEHHALKA70002g68\"", \""osm_m\"": 8.0, \""surveyed_m\"": 13.704}"", ""{\""id\"": \""DEHHALKA70002gXK\"", \""osm_m\"": 10.0, \""surveyed_m\"": 13.402}"", ""{\""id\"": \""DEHHALKA70002gth\"", \""osm_m\"": 13.0, \""surveyed_m\"": 16.213}"", ""{\""id\"": \""DEHHALKA7000CnAO\"", \""osm_m\"": 5.0, \""surveyed_m\"": 9.0}"", ""{\""id\"": \""DEHHALKA72G00010\"", \""osm_m\"": 13.0, \""surveyed_m\"": 3.0}"", ""{\""id\"": \""DEHHALKA7IA000M2\"", \""osm_m\"": 62.0, \""surveyed_m\"": 3.0}"", ""{\""id\"": \""DEHHALKA7lg0003a\"", \""osm_m\"": 5.0, \""surveyed_m\"": 9.0}"", ""{\""id\"": \""DEHHALKA82F000AP\"", \""osm_m\"": 10.0, \""surveyed_m\"": 3.392}"", ""{\""id\"": \""DEHHALKA82F000Ab\"", \""osm_m\"": 10.0, \""surveyed_m\"": 3.306}"", ""{\""id\"": \""DEHHALKA82F000Ag\"", \""osm_m\"": 10.0, \""surveyed_m\"": 3.162}"", ""{\""id\"": \""DEHHALKA8FU000Dt\"", \""osm_m\"": 29.5, \""surveyed_m\"": 25.336}"", ""{\""id\"": \""DEHHALKA8FU000EF\"", \""osm_m\"": 23.5, \""surveyed_m\"": 16.693}"", ""{\""id\"": \""DEHHALKA8NP000Dz\"", \""osm_m\"": 108.0, \""surveyed_m\"": 10.147}"", ""{\""id\"": \""DEHHALKA8NP000E0\"", \""osm_m\"": 108.0, \""surveyed_m\"": 11.393}"", ""{\""id\"": \""DEHHALKA8Wg000AT\"", \""osm_m\"": 2.5, \""surveyed_m\"": 11.125}"", ""{\""id\"": \""DEHHALKA8c000067\"", \""osm_m\"": 5.0, \""surveyed_m\"": 9.0}"", ""{\""id\"": \""DEHHALKA8c00006S\"", \""osm_m\"": 5.0, \""surveyed_m\"": 9.0}"", ""{\""id\"": \""DEHHALKA8mv0006l\"", \""osm_m\"": 3.5, \""surveyed_m\"": 24.771}"", ""{\""id\"": \""DEHHALKA90000Btf\"", \""osm_m\"": 13.0, \""surveyed_m\"": 6.426}"", ""{\""id\"": \""DEHHALKA9Gl0004P\"", \""osm_m\"": 2.5, \""surveyed_m\"": 23.364}"", ""{\""id\"": \""DEHHALKA9qA000Bb\"", \""osm_m\"": 30.0, \""surveyed_m\"": 37.731}"", ""{\""id\"": \""DEHHALKA9qA000Bg\"", \""osm_m\"": 30.0, \""surveyed_m\"": 38.681}"", ""{\""id\"": \""DEHHALKAJ0000nlt\"", \""osm_m\"": 19.0, \""surveyed_m\"": 3.0}"", ""{\""id\"": \""DEHHALKAJ0000oei\"", \""osm_m\"": 8.0, \""surveyed_m\"": 18.842}"", ""{\""id\"": \""DEHHALKAJ0000og1\"", \""osm_m\"": 28.0, \""surveyed_m\"": 36.641}"", ""{\""id\"": \""DEHHALKAJ0000ogp\"", \""osm_m\"": 70.0, \""surveyed_m\"": 66.729}"", ""{\""id\"": \""DEHHALKAJ0000olM\"", \""osm_m\"": 20.0, \""surveyed_m\"": 29.758}"", ""{\""id\"": \""DEHHALKAJ0000orG\"", \""osm_m\"": 34.6, \""surveyed_m\"": 27.177}"", ""{\""id\"": \""DEHHALKAJ0000orT\"", \""osm_m\"": 18.0, \""surveyed_m\"": 21.369}"", ""{\""id\"": \""DEHHALKAJ0000ovE\"", \""osm_m\"": 24.0, \""surveyed_m\"": 29.213}"", ""{\""id\"": \""DEHHALKAJ0000owm\"", \""osm_m\"": 24.0, \""surveyed_m\"": 32.77}"", ""{\""id\"": \""DEHHALKAJ0000oxg\"", \""osm_m\"": 22.0, \""surveyed_m\"": 29.449}"", ""{\""id\"": \""DEHHALKAJ0000ozJ\"", \""osm_m\"": 19.0, \""surveyed_m\"": 28.19}"", ""{\""id\"": \""DEHHALKAJ0000p19\"", \""osm_m\"": 2.7, \""surveyed_m\"": 27.929}"", ""{\""id\"": \""DEHHALKAJ0000p2h\"", \""osm_m\"": 21.0, \""surveyed_m\"": 30.384}"", ""{\""id\"": \""DEHHALKAJ0000p4Q\"", \""osm_m\"": 28.0, \""surveyed_m\"": 33.08}"", ""{\""id\"": \""DEHHALKAJ0000p7R\"", \""osm_m\"": 90.0, \""surveyed_m\"": 27.618}"", ""{\""id\"": \""DEHHALKAJ0000p8G\"", \""osm_m\"": 3.0, \""surveyed_m\"": 9.0}"", ""{\""id\"": \""DEHHALKAJ0000p8w\"", \""osm_m\"": 7.0, \""surveyed_m\"": 12.445}"", ""{\""id\"": \""DEHHALKAJ0000pBW\"", \""osm_m\"": 27.5, \""surveyed_m\"": 31.731}"", ""{\""id\"": \""DEHHALKAJ0000pED\"", \""osm_m\"": 20.0, \""surveyed_m\"": 28.654}"", ""{\""id\"": \""DEHHALKAJ0000pLe\"", \""osm_m\"": 34.3, \""surveyed_m\"": 12.15}"", ""{\""id\"": \""DEHHALKAJ0000pLi\"", \""osm_m\"": 24.0, \""surveyed_m\"": 28.297}"", ""{\""id\"": \""DEHHALKAJ0000pNg\"", \""osm_m\"": 24.0, \""surveyed_m\"": 29.257}"", ""{\""id\"": \""DEHHALKAJ0000pO5\"", \""osm_m\"": 6.0, \""surveyed_m\"": 83.843}"", ""{\""id\"": \""DEHHALKAJ0000pR2\"", \""osm_m\"": 28.0, \""surveyed_m\"": 32.708}"", ""{\""id\"": \""DEHHALKAJ0000pRZ\"", \""osm_m\"": 24.0, \""surveyed_m\"": 30.731}"", ""{\""id\"": \""DEHHALKAJ0000pSv\"", \""osm_m\"": 21.0, \""surveyed_m\"": 29.592}"", ""{\""id\"": \""DEHHALKAJ0000pTN\"", \""osm_m\"": 24.0, \""surveyed_m\"": 29.365}"", ""{\""id\"": \""DEHHALKAJ0000pTk\"", \""osm_m\"": 110.0, \""surveyed_m\"": 96.328}"", ""{\""id\"": \""DEHHALKAJ0000pU0\"", \""osm_m\"": 28.0, \""surveyed_m\"": 32.647}"", ""{\""id\"": \""DEHHALKAJ0000pUe\"", \""osm_m\"": 21.0, \""surveyed_m\"": 30.243}"", ""{\""id\"": \""DEHHALKAJ0000pW0\"", \""osm_m\"": 24.0, \""surveyed_m\"": 29.147}"", ""{\""id\"": \""DEHHALKAJ0000pYV\"", \""osm_m\"": 3.0, \""surveyed_m\"": 9.0}"", ""{\""id\"": \""DEHHALKAJ0000pcl\"", \""osm_m\"": 27.5, \""surveyed_m\"": 30.556}"", ""{\""id\"": \""DEHHALKAJ0000pdv\"", \""osm_m\"": 3.0, \""surveyed_m\"": 9.0}"", ""{\""id\"": \""DEHHALKAJ0000sON\"", \""osm_m\"": 42.0, \""surveyed_m\"": 47.433}"", ""{\""id\"": \""DEHHALKAJ0000sXg\"", \""osm_m\"": 18.0, \""surveyed_m\"": 29.501}"", ""{\""id\"": \""DEHHALKAJ0000tVU\"", \""osm_m\"": 15.0, \""surveyed_m\"": 31.611}"", ""{\""id\"": \""DEHHALKAJ0000uHz\"", \""osm_m\"": 18.0, \""surveyed_m\"": 30.007}"", ""{\""id\"": \""DEHHALKAJ0000yJh\"", \""osm_m\"": 21.0, \""surveyed_m\"": 24.487}"", ""{\""id\"": \""DEHHALKAJ0000yKc\"", \""osm_m\"": 20.0, \""surveyed_m\"": 24.176}"", ""{\""id\"": \""DEHHALKAJ0000yUM\"", \""osm_m\"": 21.0, \""surveyed_m\"": 24.192}"", ""{\""id\"": \""DEHHALKAJ0000yaK\"", \""osm_m\"": 23.0, \""surveyed_m\"": 31.743}"", ""{\""id\"": \""DEHHALKAJ0000yd2\"", \""osm_m\"": 18.0, \""surveyed_m\"": 33.512}"", ""{\""id\"": \""DEHHALKAJ0000yhQ\"", \""osm_m\"": 5.0, \""surveyed_m\"": 18.839}"", ""{\""id\"": \""DEHHALKAJ0000ynU\"", \""osm_m\"": 3.5, \""surveyed_m\"": 9.221}"", ""{\""id\"": \""DEHHALKAJ0000z0T\"", \""osm_m\"": 10.0, \""surveyed_m\"": 27.777}"", ""{\""id\"": \""DEHHALKAJ0000z4h\"", \""osm_m\"": 18.0, \""surveyed_m\"": 22.107}"", ""{\""id\"": \""DEHHALKAJ0000z56\"", \""osm_m\"": 26.0, \""surveyed_m\"": 30.433}"", ""{\""id\"": \""DEHHALKAJ0000zDc\"", \""osm_m\"": 7.0, \""surveyed_m\"": 12.208}"", ""{\""id\"": \""DEHHALKAJ0000zEJ\"", \""osm_m\"": 24.0, \""surveyed_m\"": 28.374}"", ""{\""id\"": \""DEHHALKAJ0000zFv\"", \""osm_m\"": 27.0, \""surveyed_m\"": 35.318}"", ""{\""id\"": \""DEHHALKAJ0000zGi\"", \""osm_m\"": 8.0, \""surveyed_m\"": 12.388}"", ""{\""id\"": \""DEHHALKAJ0000zIn\"", \""osm_m\"": 19.0, \""surveyed_m\"": 26.182}"", ""{\""id\"": \""DEHHALKAJ0000zKD\"", \""osm_m\"": 0.5, \""surveyed_m\"": 19.936}"", ""{\""id\"": \""DEHHALKAJ0000zSJ\"", \""osm_m\"": 33.0, \""surveyed_m\"": 25.666}"", ""{\""id\"": \""DEHHALKAJ0000zVO\"", \""osm_m\"": 40.66, \""surveyed_m\"": 61.824}"", ""{\""id\"": \""DEHHALKAJ0000zwM\"", \""osm_m\"": 16.0, \""surveyed_m\"": 22.746}"", ""{\""id\"": \""DEHHALKAJ0000zwl\"", \""osm_m\"": 8.0, \""surveyed_m\"": 12.224}"", ""{\""id\"": \""DEHHALKAJ0001061\"", \""osm_m\"": 8.0, \""surveyed_m\"": 11.864}"", ""{\""id\"": \""DEHHALKAJ00010Xs\"", \""osm_m\"": 26.0, \""surveyed_m\"": 29.972}"", ""{\""id\"": \""DEHHALKAJ00010kO\"", \""osm_m\"": 12.0, \""surveyed_m\"": 16.154}"", ""{\""id\"": \""DEHHALKAJ00010os\"", \""osm_m\"": 19.0, \""surveyed_m\"": 15.963}"", ""{\""id\"": \""DEHHALKAJ00011F1\"", \""osm_m\"": 19.0, \""surveyed_m\"": 24.048}"", ""{\""id\"": \""DEHHALKAJ00011Fb\"", \""osm_m\"": 50.0, \""surveyed_m\"": 46.836}"", ""{\""id\"": \""DEHHALKAJ00011IZ\"", \""osm_m\"": 27.0, \""surveyed_m\"": 30.211}"", ""{\""id\"": \""DEHHALKAJ00011Lc\"", \""osm_m\"": 26.0, \""surveyed_m\"": 30.493}"", ""{\""id\"": \""DEHHALKAJ00011NB\"", \""osm_m\"": 3.0, \""surveyed_m\"": 20.471}"", ""{\""id\"": \""DEHHALKAJ00011Ss\"", \""osm_m\"": 28.0, \""surveyed_m\"": 38.44}"", ""{\""id\"": \""DEHHALKAJ00011eN\"", \""osm_m\"": 4.0, \""surveyed_m\"": 9.0}"", ""{\""id\"": \""DEHHALKAJ00011et\"", \""osm_m\"": 26.0, \""surveyed_m\"": 29.202}"", ""{\""id\"": \""DEHHALKAJ00011h1\"", \""osm_m\"": 24.0, \""surveyed_m\"": 31.258}"", ""{\""id\"": \""DEHHALKAJ00011i3\"", \""osm_m\"": 26.0, \""surveyed_m\"": 29.242}"", ""{\""id\"": \""DEHHALKAJ00011iv\"", \""osm_m\"": 26.0, \""surveyed_m\"": 29.367}"", ""{\""id\"": \""DEHHALKAJ00011px\"", \""osm_m\"": 30.0, \""surveyed_m\"": 35.092}"", ""{\""id\"": \""DEHHALKAJ00011rE\"", \""osm_m\"": 24.0, \""surveyed_m\"": 34.232}"", ""{\""id\"": \""DEHHALKAJ00011sN\"", \""osm_m\"": 6.0, \""surveyed_m\"": 13.352}"", ""{\""id\"": \""DEHHALKAJ00011uJ\"", \""osm_m\"": 22.5, \""surveyed_m\"": 26.153}"", ""{\""id\"": \""DEHHALKAJ00011vi\"", \""osm_m\"": 30.0, \""surveyed_m\"": 33.471}"", ""{\""id\"": \""DEHHALKAJ00011wE\"", \""osm_m\"": 19.0, \""surveyed_m\"": 24.815}"", ""{\""id\"": \""DEHHALKAJ00011y6\"", \""osm_m\"": 26.0, \""surveyed_m\"": 30.6}"", ""{\""id\"": \""DEHHALKAJ00011zS\"", \""osm_m\"": 25.0, \""surveyed_m\"": 30.618}"", ""{\""id\"": \""DEHHALKAJ000121P\"", \""osm_m\"": 5.0, \""surveyed_m\"": 10.135}"", ""{\""id\"": \""DEHHALKAJ000122h\"", \""osm_m\"": 27.0, \""surveyed_m\"": 32.749}"", ""{\""id\"": \""DEHHALKAJ000127o\"", \""osm_m\"": 26.0, \""surveyed_m\"": 32.338}"", ""{\""id\"": \""DEHHALKAJ000128n\"", \""osm_m\"": 25.0, \""surveyed_m\"": 29.317}"", ""{\""id\"": \""DEHHALKAJ00012L0\"", \""osm_m\"": 28.0, \""surveyed_m\"": 32.09}"", ""{\""id\"": \""DEHHALKAJ00012RJ\"", \""osm_m\"": 28.0, \""surveyed_m\"": 36.998}"", ""{\""id\"": \""DEHHALKAJ00012XW\"", \""osm_m\"": 26.0, \""surveyed_m\"": 29.143}"", ""{\""id\"": \""DEHHALKAJ00012eR\"", \""osm_m\"": 26.0, \""surveyed_m\"": 31.784}"", ""{\""id\"": \""DEHHALKAJ00012qg\"", \""osm_m\"": 10.0, \""surveyed_m\"": 5.685}"", ""{\""id\"": \""DEHHALKAJ00012xn\"", \""osm_m\"": 26.0, \""surveyed_m\"": 29.2}"", ""{\""id\"": \""DEHHALKAJ00013Lz\"", \""osm_m\"": 11.0, \""surveyed_m\"": 3.0}"", ""{\""id\"": \""DEHHALKAJ00013tn\"", \""osm_m\"": 7.0, \""surveyed_m\"": 11.127}"", ""{\""id\"": \""DEHHALKAJ00013xj\"", \""osm_m\"": 25.0, \""surveyed_m\"": 35.467}"", ""{\""id\"": \""DEHHALKAJ00014Ny\"", \""osm_m\"": 15.0, \""surveyed_m\"": 27.719}"", ""{\""id\"": \""DEHHALKAJ00014O4\"", \""osm_m\"": 25.0, \""surveyed_m\"": 32.805}"", ""{\""id\"": \""DEHHALKAJ00014QF\"", \""osm_m\"": 3.6, \""surveyed_m\"": 8.768}"", ""{\""id\"": \""DEHHALKAJ00015Fk\"", \""osm_m\"": 18.0, \""surveyed_m\"": 22.667}"", ""{\""id\"": \""DEHHALKAJ00016l1\"", \""osm_m\"": 14.0, \""surveyed_m\"": 25.654}"", ""{\""id\"": \""DEHHALKAJ00018Mo\"", \""osm_m\"": 12.0, \""surveyed_m\"": 20.512}"", ""{\""id\"": \""DEHHALKAJ0004qT4\"", \""osm_m\"": 279.2, \""surveyed_m\"": 158.256}"", ""{\""id\"": \""DEHHALKAJ0004qxg\"", \""osm_m\"": 13.0, \""surveyed_m\"": 9.0}"", ""{\""id\"": \""DEHHALKAJ0004r9Z\"", \""osm_m\"": 13.0, \""surveyed_m\"": 9.0}"", ""{\""id\"": \""DEHHALKAJ00058al\"", \""osm_m\"": 5.0, \""surveyed_m\"": 9.0}"", ""{\""id\"": \""DEHHALKAJ00058u8\"", \""osm_m\"": 24.0, \""surveyed_m\"": 5.296}"", ""{\""id\"": \""DEHHALKAJ00058uH\"", \""osm_m\"": 5.0, \""surveyed_m\"": 9.0}"", ""{\""id\"": \""DEHHALKAJ00059E8\"", \""osm_m\"": 5.0, \""surveyed_m\"": 9.0}"", ""{\""id\"": \""DEHHALKAJ00059WM\"", \""osm_m\"": 5.0, \""surveyed_m\"": 9.0}"", ""{\""id\"": \""DEHHALKAJ0005A0B\"", \""osm_m\"": 11.0, \""surveyed_m\"": 6.878}"", ""{\""id\"": \""DEHHALKAJ0005A3k\"", \""osm_m\"": 11.0, \""surveyed_m\"": 6.999}"", ""{\""id\"": \""DEHHALKAMd00002T\"", \""osm_m\"": 3.0, \""surveyed_m\"": 8.659}"", ""{\""id\"": \""DEHHALKAP0000vX5\"", \""osm_m\"": 25.0, \""surveyed_m\"": 33.921}"", ""{\""id\"": \""DEHHALKAP0000wQR\"", \""osm_m\"": 24.0, \""surveyed_m\"": 29.511}"", ""{\""id\"": \""DEHHALKAP0000x5Y\"", \""osm_m\"": 16.0, \""surveyed_m\"": 11.776}"", ""{\""id\"": \""DEHHALKAP0000xV7\"", \""osm_m\"": 12.0, \""surveyed_m\"": 8.706}"", ""{\""id\"": \""DEHHALKAP0000xhv\"", \""osm_m\"": 14.0, \""surveyed_m\"": 9.738}"", ""{\""id\"": \""DEHHALKAP0000xwD\"", \""osm_m\"": 14.0, \""surveyed_m\"": 8.833}"", ""{\""id\"": \""DEHHALKAP0000xwv\"", \""osm_m\"": 12.0, \""surveyed_m\"": 8.438}"", ""{\""id\"": \""DEHHALKAP0000y5m\"", \""osm_m\"": 16.0, \""surveyed_m\"": 10.402}"", ""{\""id\"": \""DEHHALKAP00013BD\"", \""osm_m\"": 3.0, \""surveyed_m\"": 8.241}"", ""{\""id\"": \""DEHHALKAP00019CH\"", \""osm_m\"": 54.0, \""surveyed_m\"": 49.604}"", ""{\""id\"": \""DEHHALKAP0001Eft\"", \""osm_m\"": 54.0, \""surveyed_m\"": 47.04}"", ""{\""id\"": \""DEHHALKAP0001GKE\"", \""osm_m\"": 54.0, \""surveyed_m\"": 46.706}"", ""{\""id\"": \""DEHHALKAP0001H8y\"", \""osm_m\"": 4.0, \""surveyed_m\"": 12.434}"", ""{\""id\"": \""DEHHALKAP0001HNd\"", \""osm_m\"": 9.0, \""surveyed_m\"": 17.387}"", ""{\""id\"": \""DEHHALKAP0001Ipc\"", \""osm_m\"": 28.0, \""surveyed_m\"": 24.275}"", ""{\""id\"": \""DEHHALKAP0001Ir7\"", \""osm_m\"": 6.0, \""surveyed_m\"": 10.106}"", ""{\""id\"": \""DEHHALKAP0001KUQ\"", \""osm_m\"": 54.0, \""surveyed_m\"": 50.22}"", ""{\""id\"": \""DEHHALKAP0001Kck\"", \""osm_m\"": 37.0, \""surveyed_m\"": 9.0}"", ""{\""id\"": \""DEHHALKAP0005f5k\"", \""osm_m\"": 45.0, \""surveyed_m\"": 40.196}"", ""{\""id\"": \""DEHHALKAP00077qD\"", \""osm_m\"": 42.5, \""surveyed_m\"": 12.864}"", ""{\""id\"": \""DEHHALKAP00078RL\"", \""osm_m\"": 42.5, \""surveyed_m\"": 45.907}"", ""{\""id\"": \""DEHHALKAP00078ay\"", \""osm_m\"": 23.0, \""surveyed_m\"": 31.678}"", ""{\""id\"": \""DEHHALKAP00078q9\"", \""osm_m\"": 4.0, \""surveyed_m\"": 29.451}"", ""{\""id\"": \""DEHHALKAP00079LT\"", \""osm_m\"": 30.0, \""surveyed_m\"": 22.541}"", ""{\""id\"": \""DEHHALKAP00079SU\"", \""osm_m\"": 43.0, \""surveyed_m\"": 9.0}"", ""{\""id\"": \""DEHHALKAP0007AMv\"", \""osm_m\"": 22.0, \""surveyed_m\"": 31.149}"", ""{\""id\"": \""DEHHALKAP0007Kgz\"", \""osm_m\"": 17.0, \""surveyed_m\"": 9.801}"", ""{\""id\"": \""DEHHALKAP0007M3W\"", \""osm_m\"": 2.3, \""surveyed_m\"": 16.486}"", ""{\""id\"": \""DEHHALKAP0007NJf\"", \""osm_m\"": 3.5, \""surveyed_m\"": 6.823}"", ""{\""id\"": \""DEHHALKAP0007R18\"", \""osm_m\"": 16.5, \""surveyed_m\"": 13.183}"", ""{\""id\"": \""DEHHALKAP0007R69\"", \""osm_m\"": 32.3, \""surveyed_m\"": 27.146}"", ""{\""id\"": \""DEHHALKAP0007RXI\"", \""osm_m\"": 3.5, \""surveyed_m\"": 16.266}"", ""{\""id\"": \""DEHHALKAP0007SiP\"", \""osm_m\"": 4.5, \""surveyed_m\"": 9.0}"", ""{\""id\"": \""DEHHALKAP0007TOu\"", \""osm_m\"": 2.3, \""surveyed_m\"": 6.087}"", ""{\""id\"": \""DEHHALKAP0007TqV\"", \""osm_m\"": 2.5, \""surveyed_m\"": 14.834}"", ""{\""id\"": \""DEHHALKAP0007UQ5\"", \""osm_m\"": 24.0, \""surveyed_m\"": 17.734}"", ""{\""id\"": \""DEHHALKAP0007Uus\"", \""osm_m\"": 5.0, \""surveyed_m\"": 9.0}"", ""{\""id\"": \""DEHHALKAP0007Uvn\"", \""osm_m\"": 15.0, \""surveyed_m\"": 20.249}"", ""{\""id\"": \""DEHHALKAP0007Zej\"", \""osm_m\"": 29.0, \""surveyed_m\"": 19.566}"", ""{\""id\"": \""DEHHALKAP0007b5X\"", \""osm_m\"": 0.0, \""surveyed_m\"": 53.887}"", ""{\""id\"": \""DEHHALKAP0007b7q\"", \""osm_m\"": 17.5, \""surveyed_m\"": 12.932}"", ""{\""id\"": \""DEHHALKAP0007bG9\"", \""osm_m\"": 4.5, \""surveyed_m\"": 28.508}"", ""{\""id\"": \""DEHHALKAP0007bGi\"", \""osm_m\"": 20.0, \""surveyed_m\"": 16.532}"", ""{\""id\"": \""DEHHALKAP0007bU5\"", \""osm_m\"": 11.0, \""surveyed_m\"": 45.083}"", ""{\""id\"": \""DEHHALKAP0007c7e\"", \""osm_m\"": 11.0, \""surveyed_m\"": 23.568}"", ""{\""id\"": \""DEHHALKAP0007cJQ\"", \""osm_m\"": 4.5, \""surveyed_m\"": 12.239}"", ""{\""id\"": \""DEHHALKAP0007d4L\"", \""osm_m\"": 44.0, \""surveyed_m\"": 48.922}"", ""{\""id\"": \""DEHHALKAP0007d8A\"", \""osm_m\"": 37.0, \""surveyed_m\"": 24.161}"", ""{\""id\"": \""DEHHALKAP0007dAP\"", \""osm_m\"": 37.0, \""surveyed_m\"": 23.691}"", ""{\""id\"": \""DEHHALKAP0007dI8\"", \""osm_m\"": 58.0, \""surveyed_m\"": 43.68}"", ""{\""id\"": \""DEHHALKAP0007dO3\"", \""osm_m\"": 54.0, \""surveyed_m\"": 34.007}"", ""{\""id\"": \""DEHHALKAP0007dYX\"", \""osm_m\"": 68.0, \""surveyed_m\"": 53.455}"", ""{\""id\"": \""DEHHALKAP0007drf\"", \""osm_m\"": 44.0, \""surveyed_m\"": 5.475}"", ""{\""id\"": \""DEHHALKAP0007dtT\"", \""osm_m\"": 54.0, \""surveyed_m\"": 4.996}"", ""{\""id\"": \""DEHHALKAP0007e75\"", \""osm_m\"": 4.0, \""surveyed_m\"": 14.488}"", ""{\""id\"": \""DEHHALKAP000AtoL\"", \""osm_m\"": 48.0, \""surveyed_m\"": 9.0}"", ""{\""id\"": \""DEHHALKAP000Auz0\"", \""osm_m\"": 54.0, \""surveyed_m\"": 8.314}"", ""{\""id\"": \""DEHHALKAP000Av1M\"", \""osm_m\"": 68.0, \""surveyed_m\"": 48.044}"", ""{\""id\"": \""DEHHALKAP000AvKQ\"", \""osm_m\"": 68.0, \""surveyed_m\"": 49.397}"", ""{\""id\"": \""DEHHALKAP000AvLn\"", \""osm_m\"": 44.0, \""surveyed_m\"": 5.523}"", ""{\""id\"": \""DEHHALKAV0000OwH\"", \""osm_m\"": 10.0, \""surveyed_m\"": 20.903}"", ""{\""id\"": \""DEHHALKAV0000QK6\"", \""osm_m\"": 47.59, \""surveyed_m\"": 42.248}"", ""{\""id\"": \""DEHHALKAV0000TEt\"", \""osm_m\"": 15.0, \""surveyed_m\"": 23.004}"", ""{\""id\"": \""DEHHALKAV0000TyQ\"", \""osm_m\"": 3.5, \""surveyed_m\"": 9.0}"", ""{\""id\"": \""DEHHALKAV0000TzI\"", \""osm_m\"": 15.0, \""surveyed_m\"": 6.703}"", ""{\""id\"": \""DEHHALKAV0000XLZ\"", \""osm_m\"": 4.0, \""surveyed_m\"": 15.707}"", ""{\""id\"": \""DEHHALKAV0000Xx3\"", \""osm_m\"": 8.0, \""surveyed_m\"": 11.987}"", ""{\""id\"": \""DEHHALKAV0000hId\"", \""osm_m\"": 20.0, \""surveyed_m\"": 24.669}"", ""{\""id\"": \""DEHHALKAV0000jt5\"", \""osm_m\"": 0.0, \""surveyed_m\"": 9.0}"", ""{\""id\"": \""DEHHALKAV0000pZG\"", \""osm_m\"": 24.0, \""surveyed_m\"": 16.013}"", ""{\""id\"": \""DEHHALKAV0000zd0\"", \""osm_m\"": 49.0, \""surveyed_m\"": 52.535}"", ""{\""id\"": \""DEHHALKAV00010oi\"", \""osm_m\"": 4.0, \""surveyed_m\"": 9.0}"", ""{\""id\"": \""DEHHALKAn00000o3\"", \""osm_m\"": 4.0, \""surveyed_m\"": 18.645}"", ""{\""id\"": \""DEHHALKAn0000WdJ\"", \""osm_m\"": 0.0, \""surveyed_m\"": 17.296}"", ""{\""id\"": \""DEHHALKAn0000jbk\"", \""osm_m\"": 16.0, \""surveyed_m\"": 10.406}"", ""{\""id\"": \""DEHHALKAn0000rpH\"", \""osm_m\"": 15.0, \""surveyed_m\"": 19.679}"", ""{\""id\"": \""DEHHALKAn0000v69\"", \""osm_m\"": 4.0, \""surveyed_m\"": 14.517}"", ""{\""id\"": \""DEHHALKAn0000xVl\"", \""osm_m\"": 36.0, \""surveyed_m\"": 3.0}"", ""{\""id\"": \""DEHHALKAn00011VW\"", \""osm_m\"": 6.0, \""surveyed_m\"": 11.546}"", ""{\""id\"": \""DEHHALKAn00012oh\"", \""osm_m\"": 1.0, \""surveyed_m\"": 38.617}"", ""{\""id\"": \""DEHHALKAn0006JXQ\"", \""osm_m\"": 138.5, \""surveyed_m\"": 111.334}"", ""{\""id\"": \""DEHHALKAn0007rgq\"", \""osm_m\"": 38.0, \""surveyed_m\"": 31.199}"", ""{\""id\"": \""DEHHALKAn0007rqO\"", \""osm_m\"": 8.0, \""surveyed_m\"": 11.31}"", ""{\""id\"": \""DEHHALKAz0000HWp\"", \""osm_m\"": 48.0, \""surveyed_m\"": 42.824}"", ""{\""id\"": \""DEHHALKAz0000HmU\"", \""osm_m\"": 48.0, \""surveyed_m\"": 43.247}"", ""{\""id\"": \""DEHHALKAz0000KbD\"", \""osm_m\"": 75.0, \""surveyed_m\"": 67.381}"", ""{\""id\"": \""DEHHALKAz0000OFG\"", \""osm_m\"": 2.4, \""surveyed_m\"": 7.719}"", ""{\""id\"": \""DEHHALKAz0000OxR\"", \""osm_m\"": 48.0, \""surveyed_m\"": 42.524}"", ""{\""id\"": \""DEHHALKAz0000Q8m\"", \""osm_m\"": 2.4, \""surveyed_m\"": 7.213}""]",,
xsrc_height_disagreement__3__p0,xsrc_height_disagreement,cross_source,helsinki,en,4,True,Which buildings have an OSM height that differs from the surveyed height by more than 3 meters?,"MATCH (b:Building)-[r:ENRICHED_BY {is_primary: true}]->(o:OsmFeature) WHERE o.osm_height IS NOT NULL AND b.measured_height > -999 AND abs(toFloat(o.osm_height) - b.measured_height) > 3 RETURN b.id AS id, b.measured_height AS surveyed_m, toFloat(o.osm_height) AS osm_m ORDER BY abs(toFloat(o.osm_height) - b.measured_height) DESC, id ASC",,"[""{\""id\"": \""BID_048d36b0-f603-4f51-8892-df95e09679f4\"", \""osm_m\"": 35.0, \""surveyed_m\"": 30.11}"", ""{\""id\"": \""BID_059d9f04-079a-415e-b0c5-2ff49be51827\"", \""osm_m\"": 3.0, \""surveyed_m\"": 9.0}"", ""{\""id\"": \""BID_160130dc-482e-4c0a-a939-727f64b8b1b1\"", \""osm_m\"": 35.0, \""surveyed_m\"": 30.01}"", ""{\""id\"": \""BID_1a47a4c1-09e3-49e8-a7ed-ee78032c100a\"", \""osm_m\"": 5.0, \""surveyed_m\"": 9.0}"", ""{\""id\"": \""BID_1b6c3f66-d6e5-4d79-b595-b0ae2cfd013b\"", \""osm_m\"": 6.0, \""surveyed_m\"": 16.17}"", ""{\""id\"": \""BID_1f0d88b6-b77a-44ed-81c4-69a5d079c144\"", \""osm_m\"": 40.0, \""surveyed_m\"": 26.77}"", ""{\""id\"": \""BID_1f2686b8-54cc-4652-9d06-2180521a205c\"", \""osm_m\"": 52.0, \""surveyed_m\"": 46.66}"", ""{\""id\"": \""BID_29d5c8c9-a6e1-439b-ad4e-cceab20d9f9e\"", \""osm_m\"": 6.0, \""surveyed_m\"": 30.6}"", ""{\""id\"": \""BID_29d5c8c9-a6e1-439b-ad4e-cceab20d9f9e__helsinki_citygml2_lod2_2019_gml__1\"", \""osm_m\"": 6.0, \""surveyed_m\"": 32.7}"", ""{\""id\"": \""BID_44752334-5c2d-421e-bb11-0e21ebf45b0d\"", \""osm_m\"": 33.0, \""surveyed_m\"": 24.35}"", ""{\""id\"": \""BID_497ad66c-bf48-4d3b-864a-6adb25b1ebe8\"", \""osm_m\"": 35.0, \""surveyed_m\"": 29.99}"", ""{\""id\"": \""BID_4a64392c-3c60-4f17-be30-8b85b2af0c0b\"", \""osm_m\"": 33.0, \""surveyed_m\"": 29.52}"", ""{\""id\"": \""BID_4d58c091-9185-42fd-a8be-78f1f6eb891f\"", \""osm_m\"": 13.0, \""surveyed_m\"": 25.07}"", ""{\""id\"": \""BID_503d9a94-bd39-4828-8321-1798a3b6ebaf\"", \""osm_m\"": 52.0, \""surveyed_m\"": 47.17}"", ""{\""id\"": \""BID_508bfef0-6aaf-476b-8daa-1669665405c0\"", \""osm_m\"": 6.0, \""surveyed_m\"": 30.7}"", ""{\""id\"": \""BID_508bfef0-6aaf-476b-8daa-1669665405c0__helsinki_citygml2_lod2_2019_gml__1\"", \""osm_m\"": 6.0, \""surveyed_m\"": 32.8}"", ""{\""id\"": \""BID_6219b6ca-bb13-4488-bed7-9b74f9315672\"", \""osm_m\"": 35.0, \""surveyed_m\"": 24.32}"", ""{\""id\"": \""BID_65381e10-33dd-46b7-85da-ffdb890738d1\"", \""osm_m\"": 33.0, \""surveyed_m\"": 21.2}"", ""{\""id\"": \""BID_666e03af-40d1-44a4-b5d2-290aa640a98c\"", \""osm_m\"": 33.0, \""surveyed_m\"": 29.6}"", ""{\""id\"": \""BID_7cc80e9f-3f71-4d0c-97c7-be0c640f0e88\"", \""osm_m\"": 3.0, \""surveyed_m\"": 15.24}"", ""{\""id\"": \""BID_8d40f187-6e5f-4cae-8c34-8263ced0816a\"", \""osm_m\"": 6.0, \""surveyed_m\"": 20.0}"", ""{\""id\"": \""BID_cf4b7615-ecdc-4d6b-8609-3eeee69dd957\"", \""osm_m\"": 35.0, \""surveyed_m\"": 22.2}"", ""{\""id\"": \""BID_cf5e3a6f-6eb4-4ed6-a280-3da9bd2b8d74\"", \""osm_m\"": 33.0, \""surveyed_m\"": 24.8}"", ""{\""id\"": \""BID_d54b3c4b-fda6-4609-8ec1-65dfa2a1170b\"", \""osm_m\"": 16.0, \""surveyed_m\"": 7.65}"", ""{\""id\"": \""BID_e3175b70-e1a9-426d-8671-cc8d67de5eab\"", \""osm_m\"": 3.0, \""surveyed_m\"": 9.0}"", ""{\""id\"": \""BID_e622c1d2-d5b4-475c-8182-a263ba36cab9\"", \""osm_m\"": 6.0, \""surveyed_m\"": 39.1}"", ""{\""id\"": \""BID_f099e67b-5376-4df4-9985-6d24d8726528\"", \""osm_m\"": 3.0, \""surveyed_m\"": 9.0}"", ""{\""id\"": \""BID_f6396047-9b5c-4521-8b6d-ae8b3962c1f8\"", \""osm_m\"": 52.0, \""surveyed_m\"": 47.76}""]",,
xsrc_height_disagreement__3__p0,xsrc_height_disagreement,cross_source,zurich,en,4,True,Which buildings have an OSM height that differs from the surveyed height by more than 3 meters?,"MATCH (b:Building)-[r:ENRICHED_BY {is_primary: true}]->(o:OsmFeature) WHERE o.osm_height IS NOT NULL AND b.measured_height > -999 AND abs(toFloat(o.osm_height) - b.measured_height) > 3 RETURN b.id AS id, b.measured_height AS surveyed_m, toFloat(o.osm_height) AS osm_m ORDER BY abs(toFloat(o.osm_height) - b.measured_height) DESC, id ASC",,"[""{\""id\"": \""ID_01E5B020-4548-4A33-8252-146E3B3D9B74\"", \""osm_m\"": 7.5, \""surveyed_m\"": 12.63}"", ""{\""id\"": \""ID_0264138C-3422-4CAE-AFC8-7B48D6B3557E\"", \""osm_m\"": 18.0, \""surveyed_m\"": 27.78}"", ""{\""id\"": \""ID_033A2C14-4434-4AC0-BF53-5204DA399364\"", \""osm_m\"": 12.5, \""surveyed_m\"": 15.53}"", ""{\""id\"": \""ID_0345DBDF-A451-436E-AB86-91BB3B9F0AB6\"", \""osm_m\"": 25.0, \""surveyed_m\"": 31.54}"", ""{\""id\"": \""ID_03724945-5235-49D0-9506-8133983E1C17\"", \""osm_m\"": 12.0, \""surveyed_m\"": 19.57}"", ""{\""id\"": \""ID_063B6A58-B543-4B54-8614-0050A292971C\"", \""osm_m\"": 20.0, \""surveyed_m\"": 25.36}"", ""{\""id\"": \""ID_07B6329D-41F9-4696-9B98-BE1248ECBC53\"", \""osm_m\"": 14.0, \""surveyed_m\"": 5.75}"", ""{\""id\"": \""ID_084B30FD-BE22-48D9-9B57-B7B0FAB0FCF3\"", \""osm_m\"": 16.0, \""surveyed_m\"": 19.67}"", ""{\""id\"": \""ID_09366B07-730A-4C82-9907-139633FDE8DB\"", \""osm_m\"": 9.0, \""surveyed_m\"": 12.94}"", ""{\""id\"": \""ID_09F97F29-E927-474C-A67A-003DFE8B646A\"", \""osm_m\"": 12.0, \""surveyed_m\"": 6.1}"", ""{\""id\"": \""ID_0A6440E9-7F69-4892-B50A-B7951A77689E\"", \""osm_m\"": 16.0, \""surveyed_m\"": 28.44}"", ""{\""id\"": \""ID_0B06D8F0-C72D-446B-A095-0DCD532D677C\"", \""osm_m\"": 6.0, \""surveyed_m\"": 9.8}"", ""{\""id\"": \""ID_0B0746F3-2BEB-45F5-925E-8D353AFB1C84\"", \""osm_m\"": 4.0, \""surveyed_m\"": 19.36}"", ""{\""id\"": \""ID_0C697EFC-D73B-4474-BA1E-88398B2E284F\"", \""osm_m\"": 8.0, \""surveyed_m\"": 11.31}"", ""{\""id\"": \""ID_0E049B5B-9D4C-4C1D-B5EB-E83779D9DD24\"", \""osm_m\"": 20.0, \""surveyed_m\"": 4.44}"", ""{\""id\"": \""ID_0E627189-DF62-41B9-A05D-1D8476B13B08\"", \""osm_m\"": 9.0, \""surveyed_m\"": 12.3}"", ""{\""id\"": \""ID_0F8A13A6-0F2D-486A-978A-D867CA4FEE7F\"", \""osm_m\"": 15.0, \""surveyed_m\"": 19.94}"", ""{\""id\"": \""ID_10038774-5042-4238-958C-8362CBE0A290\"", \""osm_m\"": 10.0, \""surveyed_m\"": 22.6}"", ""{\""id\"": \""ID_109A2B47-31BF-4718-9E8C-475EED06D735\"", \""osm_m\"": 5.0, \""surveyed_m\"": 9.02}"", ""{\""id\"": \""ID_11233208-A070-42C3-BFC6-A3A9EEBE343D\"", \""osm_m\"": 20.0, \""surveyed_m\"": 10.67}"", ""{\""id\"": \""ID_183A9F0A-0B40-466D-BACA-19F9F18E7438\"", \""osm_m\"": 64.0, \""surveyed_m\"": 46.98}"", ""{\""id\"": \""ID_18D8FB83-913B-4251-9576-5C380DD3055B\"", \""osm_m\"": 13.0, \""surveyed_m\"": 16.1}"", ""{\""id\"": \""ID_1ACF1DBB-2136-435D-AD39-B93765A39253\"", \""osm_m\"": 9.0, \""surveyed_m\"": 13.69}"", ""{\""id\"": \""ID_1D86DF7A-14BA-4384-971C-E72F7DD89305\"", \""osm_m\"": 30.0, \""surveyed_m\"": 17.04}"", ""{\""id\"": \""ID_1DF2B043-E400-4045-8977-D15F8B5EBA1A\"", \""osm_m\"": 8.0, \""surveyed_m\"": 11.3}"", ""{\""id\"": \""ID_1DF887DF-EE65-44AE-814C-059A7D770AD3\"", \""osm_m\"": 75.0, \""surveyed_m\"": 71.88}"", ""{\""id\"": \""ID_22F497C8-DFDE-4BF1-A036-A5F33CACED62\"", \""osm_m\"": 9.0, \""surveyed_m\"": 14.54}"", ""{\""id\"": \""ID_233B1FAA-8599-43D7-A8C4-F7885F04471C\"", \""osm_m\"": 63.0, \""surveyed_m\"": 69.17}"", ""{\""id\"": \""ID_23DDC04C-3FE3-4F08-A6D2-D5B62C3CD756\"", \""osm_m\"": 40.0, \""surveyed_m\"": 43.27}"", ""{\""id\"": \""ID_243DC243-FEA2-4596-B984-E7962F7132FC\"", \""osm_m\"": 40.0, \""surveyed_m\"": 53.58}"", ""{\""id\"": \""ID_2608EA75-2B6A-4392-AC1E-DA2D875185C6\"", \""osm_m\"": 8.5, \""surveyed_m\"": 16.29}"", ""{\""id\"": \""ID_26426EC7-5126-4EB4-9B99-5EEAC5990D24\"", \""osm_m\"": 40.0, \""surveyed_m\"": 6.08}"", ""{\""id\"": \""ID_27636D5F-6F2E-44B0-8D42-3DC8F8B80FB4\"", \""osm_m\"": 20.0, \""surveyed_m\"": 27.85}"", ""{\""id\"": \""ID_286B17D6-5512-4C2A-859C-3B5485064C2E\"", \""osm_m\"": 14.0, \""surveyed_m\"": 18.76}"", ""{\""id\"": \""ID_28779991-BCF8-4AB0-AFA8-50681128484F\"", \""osm_m\"": 9.5, \""surveyed_m\"": 14.95}"", ""{\""id\"": \""ID_2AEEEBB6-6922-4811-B669-31AD366F9602\"", \""osm_m\"": 30.0, \""surveyed_m\"": 7.47}"", ""{\""id\"": \""ID_2C27F72B-7D33-400B-A751-18D0497C1F4F\"", \""osm_m\"": 5.0, \""surveyed_m\"": 22.54}"", ""{\""id\"": \""ID_2D973EEF-180B-435B-BEB0-F368BEB02D56\"", \""osm_m\"": 10.0, \""surveyed_m\"": 16.42}"", ""{\""id\"": \""ID_2DC49F61-032F-4CAF-B643-F58B4B5ECB81\"", \""osm_m\"": 63.0, \""surveyed_m\"": 70.62}"", ""{\""id\"": \""ID_2ED0646F-16F2-417E-B2FB-2D3DAE4FCE66\"", \""osm_m\"": 4.0, \""surveyed_m\"": 19.37}"", ""{\""id\"": \""ID_2F7262AB-75A3-444B-B313-7563A06C515C\"", \""osm_m\"": 47.0, \""surveyed_m\"": 63.94}"", ""{\""id\"": \""ID_305B53F2-51ED-42E4-AE50-B150AE2885CC\"", \""osm_m\"": 25.0, \""surveyed_m\"": 48.73}"", ""{\""id\"": \""ID_3100107A-C14E-41A0-8DFE-6618B8D83CA1\"", \""osm_m\"": 13.5, \""surveyed_m\"": 17.69}"", ""{\""id\"": \""ID_31ED9C34-426B-4FA5-B208-9521D41A41FB\"", \""osm_m\"": 16.0, \""surveyed_m\"": 25.5}"", ""{\""id\"": \""ID_3305E612-7E9E-48AB-A722-BF9196AFB788\"", \""osm_m\"": 18.0, \""surveyed_m\"": 24.69}"", ""{\""id\"": \""ID_34162CC0-E50C-42B0-9A81-13F330CC0702\"", \""osm_m\"": 13.5, \""surveyed_m\"": 18.37}"", ""{\""id\"": \""ID_34ACD400-3DB2-4C6C-A757-87B7E35D1FDC\"", \""osm_m\"": 10.25, \""surveyed_m\"": 13.76}"", ""{\""id\"": \""ID_36AEA16E-21CE-474C-8208-5F57B36FE353\"", \""osm_m\"": 39.0, \""surveyed_m\"": 35.04}"", ""{\""id\"": \""ID_378C9992-4ED3-4490-A9D9-969643D25AF8\"", \""osm_m\"": 40.0, \""surveyed_m\"": 43.17}"", ""{\""id\"": \""ID_3AB729D0-E98B-4309-8DF5-6EB19EF35407\"", \""osm_m\"": 9.0, \""surveyed_m\"": 14.93}"", ""{\""id\"": \""ID_3AD8D5D4-F9BB-4BF0-B3BD-CEC82824A850\"", \""osm_m\"": 3.0, \""surveyed_m\"": 8.43}"", ""{\""id\"": \""ID_3C1318FF-6669-4EF6-9B7E-62C1A337C01F\"", \""osm_m\"": 5.0, \""surveyed_m\"": 9.2}"", ""{\""id\"": \""ID_3FDADA71-C9E4-48B8-BE23-C3E9CC99F1B7\"", \""osm_m\"": 11.5, \""surveyed_m\"": 14.93}"", ""{\""id\"": \""ID_41E42C0E-F1EC-4AFF-BEA5-0BCD7C92B32A\"", \""osm_m\"": 48.0, \""surveyed_m\"": 58.66}"", ""{\""id\"": \""ID_42232CE3-4047-4871-B830-1F1870DE9598\"", \""osm_m\"": 11.0, \""surveyed_m\"": 15.32}"", ""{\""id\"": \""ID_44A57FEB-3C69-4D9E-8EE7-8776B67BA444\"", \""osm_m\"": 12.0, \""surveyed_m\"": 16.31}"", ""{\""id\"": \""ID_44B3BCBD-4E37-4A57-9280-AE7AAE04410F\"", \""osm_m\"": 13.5, \""surveyed_m\"": 17.74}"", ""{\""id\"": \""ID_453B2A98-2AFD-4587-ACF2-CA5FB1B24D92\"", \""osm_m\"": 8.0, \""surveyed_m\"": 11.57}"", ""{\""id\"": \""ID_46A299FF-CA00-4C2B-B686-C59E7FD8486F\"", \""osm_m\"": 44.0, \""surveyed_m\"": 38.75}"", ""{\""id\"": \""ID_482E16D3-9F01-491D-A61A-1862852AF5EB\"", \""osm_m\"": 12.0, \""surveyed_m\"": 32.44}"", ""{\""id\"": \""ID_48BCB767-6BED-4B39-A5E8-112BADBA8837\"", \""osm_m\"": 12.0, \""surveyed_m\"": 16.56}"", ""{\""id\"": \""ID_497F1FFC-6A95-4B72-8CFE-D9B5586AF6B6\"", \""osm_m\"": 32.0, \""surveyed_m\"": 38.31}"", ""{\""id\"": \""ID_4CECFDE3-A4E5-4411-A56F-01C4D3C015BD\"", \""osm_m\"": 64.0, \""surveyed_m\"": 22.43}"", ""{\""id\"": \""ID_4D9B6B65-88E7-4D81-A2B7-52A2C7965A98\"", \""osm_m\"": 12.0, \""surveyed_m\"": 16.72}"", ""{\""id\"": \""ID_4E9723D8-7DF1-4133-808E-F606D909938E\"", \""osm_m\"": 13.0, \""surveyed_m\"": 18.2}"", ""{\""id\"": \""ID_4F2D40A3-9F82-4FAF-96D5-D472BF0615D0\"", \""osm_m\"": 8.0, \""surveyed_m\"": 17.01}"", ""{\""id\"": \""ID_504967E3-B118-4DD9-BA9B-9D625C354915\"", \""osm_m\"": 10.0, \""surveyed_m\"": 14.09}"", ""{\""id\"": \""ID_511D25E6-7AB3-48DB-B403-1571D88B84A4\"", \""osm_m\"": 4.0, \""surveyed_m\"": 11.51}"", ""{\""id\"": \""ID_5186C673-7363-4D7B-B3CE-12B6759711EB\"", \""osm_m\"": 13.5, \""surveyed_m\"": 19.1}"", ""{\""id\"": \""ID_5219D967-02BF-414B-A501-EF5740E804ED\"", \""osm_m\"": 5.0, \""surveyed_m\"": 12.58}"", ""{\""id\"": \""ID_53357988-1BC9-4ADA-B05B-D72319400C41\"", \""osm_m\"": 8.0, \""surveyed_m\"": 20.49}"", ""{\""id\"": \""ID_536D8BBC-19B5-4207-A4A9-73D2FDA426E9\"", \""osm_m\"": 10.0, \""surveyed_m\"": 25.48}"", ""{\""id\"": \""ID_54AFB4ED-F906-48FC-921E-B204AB9B3B78\"", \""osm_m\"": 4.0, \""surveyed_m\"": 19.54}"", ""{\""id\"": \""ID_550717D4-7599-4255-B867-42174087826F\"", \""osm_m\"": 30.0, \""surveyed_m\"": 37.03}"", ""{\""id\"": \""ID_564E13BF-70F7-4F9C-8BF9-41D427FF689C\"", \""osm_m\"": 7.5, \""surveyed_m\"": 14.76}"", ""{\""id\"": \""ID_570EA6B0-1853-41AC-B225-0A1A77F5C15D\"", \""osm_m\"": 8.0, \""surveyed_m\"": 15.19}"", ""{\""id\"": \""ID_598A2067-5BA0-4886-AFB5-911F7937C381\"", \""osm_m\"": 10.0, \""surveyed_m\"": 15.61}"", ""{\""id\"": \""ID_5AAE8FBB-C683-4704-9337-FEDD7231D828\"", \""osm_m\"": 13.0, \""surveyed_m\"": 16.37}"", ""{\""id\"": \""ID_5AB51B98-395B-45FF-B81B-64AB41430785\"", \""osm_m\"": 18.0, \""surveyed_m\"": 28.47}"", ""{\""id\"": \""ID_5AEF156C-0A2D-44EE-B802-E4F6836F755D\"", \""osm_m\"": 9.5, \""surveyed_m\"": 13.5}"", ""{\""id\"": \""ID_5EB47491-5175-4C36-9BAF-2958BFC4567D\"", \""osm_m\"": 15.0, \""surveyed_m\"": 19.92}"", ""{\""id\"": \""ID_5EC56CEC-7A76-465F-ADD0-8934CB875746\"", \""osm_m\"": 40.0, \""surveyed_m\"": 43.26}"", ""{\""id\"": \""ID_618DB4F6-BDB8-4021-AF2A-894A619AF50A\"", \""osm_m\"": 10.0, \""surveyed_m\"": 15.26}"", ""{\""id\"": \""ID_633C6F47-72A9-4F12-B307-694994B674C1\"", \""osm_m\"": 6.0, \""surveyed_m\"": 11.58}"", ""{\""id\"": \""ID_640B2EAB-7857-4EEF-B883-890C8795BCA0\"", \""osm_m\"": 14.0, \""surveyed_m\"": 25.02}"", ""{\""id\"": \""ID_648115FD-C43E-457A-8CF5-FAA6180CCCAA\"", \""osm_m\"": 48.0, \""surveyed_m\"": 61.88}"", ""{\""id\"": \""ID_65F99A68-481E-4E25-8C1F-33324D3948D2\"", \""osm_m\"": 5.0, \""surveyed_m\"": 14.39}"", ""{\""id\"": \""ID_67BC7BCE-BA6B-49A0-9766-BA0D9AA9805E\"", \""osm_m\"": 9.0, \""surveyed_m\"": 13.89}"", ""{\""id\"": \""ID_67D44491-1311-4531-A568-AEF96AC15F5B\"", \""osm_m\"": 16.0, \""surveyed_m\"": 25.2}"", ""{\""id\"": \""ID_68EE86B6-C62F-4917-9FB9-5B485235EFA9\"", \""osm_m\"": 20.0, \""surveyed_m\"": 16.26}"", ""{\""id\"": \""ID_6910E996-BE67-4B4C-9C68-0BF908798478\"", \""osm_m\"": 16.0, \""surveyed_m\"": 21.38}"", ""{\""id\"": \""ID_69B42A86-E314-43C1-A3C6-8463E1577E69\"", \""osm_m\"": 7.5, \""surveyed_m\"": 13.18}"", ""{\""id\"": \""ID_6BDA287C-0EF0-46ED-960B-1A96D1481D51\"", \""osm_m\"": 11.5, \""surveyed_m\"": 14.74}"", ""{\""id\"": \""ID_6BDA2CE1-5875-4A4C-B2B3-89905F1F13C0\"", \""osm_m\"": 16.0, \""surveyed_m\"": 21.99}"", ""{\""id\"": \""ID_6E25D1FD-38A2-4CC7-AA92-C1F42F05B18F\"", \""osm_m\"": 8.0, \""surveyed_m\"": 12.21}"", ""{\""id\"": \""ID_6E312FD7-A19B-44BF-ADCD-F9F59E9EDFE0\"", \""osm_m\"": 61.0, \""surveyed_m\"": 54.09}"", ""{\""id\"": \""ID_6E4FFCE7-3148-4A11-BC8C-C49E7A7809BC\"", \""osm_m\"": 20.0, \""surveyed_m\"": 4.34}"", ""{\""id\"": \""ID_6F5F5393-BA1E-4212-8F24-E0B038BF586E\"", \""osm_m\"": 20.0, \""surveyed_m\"": 36.58}"", ""{\""id\"": \""ID_72B8A468-93E9-493E-BB1C-21F7202491AC\"", \""osm_m\"": 3.0, \""surveyed_m\"": 16.47}"", ""{\""id\"": \""ID_73557D7B-AFD6-40A1-A091-3AEC8B7611F8\"", \""osm_m\"": 10.0, \""surveyed_m\"": 15.21}"", ""{\""id\"": \""ID_7453D19B-A7CA-4E9A-B6D2-803B287BB2BA\"", \""osm_m\"": 50.0, \""surveyed_m\"": 46.04}"", ""{\""id\"": \""ID_74D53A23-7C1A-41DB-9A8D-FAEB79B733A0\"", \""osm_m\"": 12.0, \""surveyed_m\"": 34.24}"", ""{\""id\"": \""ID_76009B6C-A250-40E0-87E6-07DF2926A42A\"", \""osm_m\"": 15.0, \""surveyed_m\"": 19.28}"", ""{\""id\"": \""ID_769E857D-3C5A-4448-87B8-690F9E78F0A3\"", \""osm_m\"": 50.0, \""surveyed_m\"": 53.16}"", ""{\""id\"": \""ID_7722273C-BAC9-4AA0-AF77-2EAB54D4373C\"", \""osm_m\"": 3.0, \""surveyed_m\"": 12.61}"", ""{\""id\"": \""ID_79BEEDE7-EC0D-4269-B63A-3AD1DC1065B2\"", \""osm_m\"": 3.0, \""surveyed_m\"": 24.51}"", ""{\""id\"": \""ID_7BF37914-02E6-4896-BC6C-F24E2936D665\"", \""osm_m\"": 22.0, \""surveyed_m\"": 17.36}"", ""{\""id\"": \""ID_7DA52872-6DD0-4885-9C72-0EE28A7D8265\"", \""osm_m\"": 3.0, \""surveyed_m\"": 15.5}"", ""{\""id\"": \""ID_7F92E1A6-A150-4804-9B70-ECFF7B1B2993\"", \""osm_m\"": 11.0, \""surveyed_m\"": 15.56}"", ""{\""id\"": \""ID_7F9533C2-4B7B-44F3-A66E-63497450FBE1\"", \""osm_m\"": 16.0, \""surveyed_m\"": 22.64}"", ""{\""id\"": \""ID_7FE88838-1052-411B-91E9-3C8FF67D2FCD\"", \""osm_m\"": 10.5, \""surveyed_m\"": 13.6}"", ""{\""id\"": \""ID_84EF9FE7-FBE9-40A7-9CC9-8CF8F83A5563\"", \""osm_m\"": 12.0, \""surveyed_m\"": 19.82}"", ""{\""id\"": \""ID_8544480E-C527-4A05-92B5-9E1E1690E155\"", \""osm_m\"": 15.0, \""surveyed_m\"": 19.44}"", ""{\""id\"": \""ID_85B7AA70-C6AA-4471-9697-DFFF4269EADA\"", \""osm_m\"": 37.0, \""surveyed_m\"": 33.33}"", ""{\""id\"": \""ID_864E7E54-2E11-44C2-A675-5BDA0551DA84\"", \""osm_m\"": 15.0, \""surveyed_m\"": 18.21}"", ""{\""id\"": \""ID_86B0C334-B412-438A-88A6-655D969E1302\"", \""osm_m\"": 3.0, \""surveyed_m\"": 10.94}"", ""{\""id\"": \""ID_87169138-E6D2-49B0-8159-48250E85D7EB\"", \""osm_m\"": 15.0, \""surveyed_m\"": 19.02}"", ""{\""id\"": \""ID_87DB4A68-0740-41D7-9C9A-AA175BD16BD1\"", \""osm_m\"": 47.0, \""surveyed_m\"": 43.04}"", ""{\""id\"": \""ID_88FBCFA4-5ED0-428E-AC7C-06272D903400\"", \""osm_m\"": 2.5, \""surveyed_m\"": 9.98}"", ""{\""id\"": \""ID_895EE797-D300-4816-8DDE-7D71B8EFA139\"", \""osm_m\"": 39.0, \""surveyed_m\"": 35.4}"", ""{\""id\"": \""ID_89927E57-ADA4-4EAC-B3DB-B5838E593A21\"", \""osm_m\"": 20.0, \""surveyed_m\"": 54.34}"", ""{\""id\"": \""ID_8A5CB2CF-FC7C-4423-8942-BCEA254C4EF9\"", \""osm_m\"": 15.0, \""surveyed_m\"": 19.78}"", ""{\""id\"": \""ID_8B0B474D-A5D3-463F-92E5-6BC33FF6D0B6\"", \""osm_m\"": 15.0, \""surveyed_m\"": 19.47}"", ""{\""id\"": \""ID_8D1472B0-3D87-4E5F-99F6-AAFC86D96AA2\"", \""osm_m\"": 15.0, \""surveyed_m\"": 21.71}"", ""{\""id\"": \""ID_8DCC51F5-065A-4D05-9A2B-C234B0451109\"", \""osm_m\"": 27.0, \""surveyed_m\"": 68.81}"", ""{\""id\"": \""ID_8E90D3EE-1663-4727-AD01-53F64D701A12\"", \""osm_m\"": 8.0, \""surveyed_m\"": 11.5}"", ""{\""id\"": \""ID_8EDDF547-8161-4BE4-A6FC-D60DA4A3EC1F\"", \""osm_m\"": 7.5, \""surveyed_m\"": 12.66}"", ""{\""id\"": \""ID_8FD2D223-FD71-4468-A90D-DBDC86BD87D9\"", \""osm_m\"": 10.0, \""surveyed_m\"": 14.62}"", ""{\""id\"": \""ID_915CCE80-F858-4756-A120-94DC64968ABA\"", \""osm_m\"": 23.0, \""surveyed_m\"": 17.97}"", ""{\""id\"": \""ID_91A84565-870B-427B-83CF-BC70DE2631D8\"", \""osm_m\"": 10.0, \""surveyed_m\"": 14.77}"", ""{\""id\"": \""ID_9238BDE2-908C-4630-94D1-2279D5673D77\"", \""osm_m\"": 30.0, \""surveyed_m\"": 59.21}"", ""{\""id\"": \""ID_9365E662-B3EB-41E6-B7BC-5E462E7112FD\"", \""osm_m\"": 10.0, \""surveyed_m\"": 16.37}"", ""{\""id\"": \""ID_96C7EE94-3CCD-445E-9BD7-52B6FEE0757A\"", \""osm_m\"": 6.0, \""surveyed_m\"": 12.76}"", ""{\""id\"": \""ID_980EFAD6-E7DE-4D51-A27B-8E5B77F78CE6\"", \""osm_m\"": 12.0, \""surveyed_m\"": 22.84}"", ""{\""id\"": \""ID_9B3639F4-D3F0-45BB-87B7-FE8D93BA85D1\"", \""osm_m\"": 14.5, \""surveyed_m\"": 18.18}"", ""{\""id\"": \""ID_9E63C252-CD7A-4D0B-B5CC-B86C097078ED\"", \""osm_m\"": 32.0, \""surveyed_m\"": 35.91}"", ""{\""id\"": \""ID_A413EB57-9CAC-4C4E-95E0-308523671A8A\"", \""osm_m\"": 10.0, \""surveyed_m\"": 15.18}"", ""{\""id\"": \""ID_A431BD03-B38B-43C9-8715-D3ABCFD1B34E\"", \""osm_m\"": 12.0, \""surveyed_m\"": 16.89}"", ""{\""id\"": \""ID_A45B884F-2FDC-4B57-9DCF-15790607098A\"", \""osm_m\"": 5.0, \""surveyed_m\"": 8.47}"", ""{\""id\"": \""ID_A63DE6CD-F3A9-43BA-B839-8BE6FF607688\"", \""osm_m\"": 1.0, \""surveyed_m\"": 15.4}"", ""{\""id\"": \""ID_A827230C-BC0B-4B35-9460-BE7F7936FB76\"", \""osm_m\"": 12.0, \""surveyed_m\"": 15.54}"", ""{\""id\"": \""ID_A8D059D7-B30F-49AD-A4C3-C41AA3A434C8\"", \""osm_m\"": 11.5, \""surveyed_m\"": 15.74}"", ""{\""id\"": \""ID_A9D433E2-D74B-4397-BD89-3CE7B3368C41\"", \""osm_m\"": 30.0, \""surveyed_m\"": 25.77}"", ""{\""id\"": \""ID_AA6C9AE0-2415-4F9D-B753-F7FA2B9C19EE\"", \""osm_m\"": 4.0, \""surveyed_m\"": 8.85}"", ""{\""id\"": \""ID_AC4D2844-04D1-4229-B2DF-39CE5553A901\"", \""osm_m\"": 2.5, \""surveyed_m\"": 8.28}"", ""{\""id\"": \""ID_AEEB3307-A9DF-4CA4-941C-9EFB65798196\"", \""osm_m\"": 4.0, \""surveyed_m\"": 14.55}"", ""{\""id\"": \""ID_AF62E2F7-5887-4AFC-BD64-DE166966167B\"", \""osm_m\"": 16.0, \""surveyed_m\"": 21.26}"", ""{\""id\"": \""ID_AFF318C2-1901-49CD-B163-D2126A179724\"", \""osm_m\"": 9.0, \""surveyed_m\"": 12.52}"", ""{\""id\"": \""ID_B03B4655-4185-4E63-A2DD-6940F2B80345\"", \""osm_m\"": 38.0, \""surveyed_m\"": 34.45}"", ""{\""id\"": \""ID_B072B012-2495-4C78-9527-6DB91E76A469\"", \""osm_m\"": 37.0, \""surveyed_m\"": 33.91}"", ""{\""id\"": \""ID_B2533194-0551-4E04-8FF4-CB2A10F2D54D\"", \""osm_m\"": 15.5, \""surveyed_m\"": 21.06}"", ""{\""id\"": \""ID_B302F263-E36F-4EFB-89BB-4B64F7D4FB6C\"", \""osm_m\"": 4.5, \""surveyed_m\"": 11.58}"", ""{\""id\"": \""ID_B3C7A9B5-5FA6-4706-8C72-E6CA75F2A0ED\"", \""osm_m\"": 12.0, \""surveyed_m\"": 5.51}"", ""{\""id\"": \""ID_B579CD95-5CD5-43A3-9292-9A4A8AAB5172\"", \""osm_m\"": 10.0, \""surveyed_m\"": 16.88}"", ""{\""id\"": \""ID_B648C11B-04F2-4C75-AD2A-14D87269C0EA\"", \""osm_m\"": 44.0, \""surveyed_m\"": 38.44}"", ""{\""id\"": \""ID_B843B9DF-9D31-4AB9-BF31-512A900BF8FD\"", \""osm_m\"": 9.0, \""surveyed_m\"": 15.65}"", ""{\""id\"": \""ID_B997AF6D-C329-4496-A91F-E7E250B9BAD5\"", \""osm_m\"": 7.0, \""surveyed_m\"": 18.84}"", ""{\""id\"": \""ID_BA555380-506B-4A71-8598-E49446258422\"", \""osm_m\"": 9.0, \""surveyed_m\"": 13.66}"", ""{\""id\"": \""ID_BA6DEBBE-3196-4788-A04F-06EB53BCC112\"", \""osm_m\"": 8.0, \""surveyed_m\"": 1.03}"", ""{\""id\"": \""ID_BB032E46-92F0-44E7-B4EB-32141F7388DC\"", \""osm_m\"": 14.0, \""surveyed_m\"": 18.64}"", ""{\""id\"": \""ID_BC17C61B-A096-4D52-80B7-2742A07C5AF6\"", \""osm_m\"": 20.0, \""surveyed_m\"": 26.04}"", ""{\""id\"": \""ID_BCCD6B01-F17C-4650-B520-3C4B5D3CEBEE\"", \""osm_m\"": 4.0, \""surveyed_m\"": 9.7}"", ""{\""id\"": \""ID_BD767CC0-87CE-4D99-834B-E4EB70554EEF\"", \""osm_m\"": 49.0, \""surveyed_m\"": 44.54}"", ""{\""id\"": \""ID_BD8D7950-758A-420B-AC53-831C1EA1AEE5\"", \""osm_m\"": 13.0, \""surveyed_m\"": 16.72}"", ""{\""id\"": \""ID_BE40D4E6-5DD3-431E-82A2-B70968607066\"", \""osm_m\"": 30.0, \""surveyed_m\"": 24.6}"", ""{\""id\"": \""ID_BE8CF42E-8DF3-4A01-A04E-78E1725D17FB\"", \""osm_m\"": 4.0, \""surveyed_m\"": 10.74}"", ""{\""id\"": \""ID_BEC6F6A7-7133-468E-A4AA-88F946AB17ED\"", \""osm_m\"": 10.0, \""surveyed_m\"": 13.21}"", ""{\""id\"": \""ID_BF9DB0FE-9697-458D-8A26-12D20270D72E\"", \""osm_m\"": 35.0, \""surveyed_m\"": 38.63}"", ""{\""id\"": \""ID_C006D22E-E7BD-4EA3-921F-76BC2DECF7D1\"", \""osm_m\"": 2.0, \""surveyed_m\"": 9.56}"", ""{\""id\"": \""ID_C022A3EF-667E-4142-A78C-267E400C1CB6\"", \""osm_m\"": 18.0, \""surveyed_m\"": 24.38}"", ""{\""id\"": \""ID_C05971E6-C4AB-4269-B19B-5ABE67720AEB\"", \""osm_m\"": 27.0, \""surveyed_m\"": 35.68}"", ""{\""id\"": \""ID_C090EE26-D918-46F5-8020-7B81DDDCC42A\"", \""osm_m\"": 12.0, \""surveyed_m\"": 17.22}"", ""{\""id\"": \""ID_C17E19CC-129B-4389-9BD8-1EE64CAF0354\"", \""osm_m\"": 10.0, \""surveyed_m\"": 20.56}"", ""{\""id\"": \""ID_C1AC4BBF-CB82-4497-897F-52C05704A288\"", \""osm_m\"": 8.0, \""surveyed_m\"": 11.56}"", ""{\""id\"": \""ID_C2242865-83D8-4707-874D-943ACF47A029\"", \""osm_m\"": 20.0, \""surveyed_m\"": 1.79}"", ""{\""id\"": \""ID_C2AEA5E6-500A-4528-A412-67816E6AABB2\"", \""osm_m\"": 18.5, \""surveyed_m\"": 22.44}"", ""{\""id\"": \""ID_C404D73A-D8CB-48EA-9D0A-322C73DA0926\"", \""osm_m\"": 80.0, \""surveyed_m\"": 58.23}"", ""{\""id\"": \""ID_C51E3380-6105-47EB-999A-0798CF18986F\"", \""osm_m\"": 9.5, \""surveyed_m\"": 13.63}"", ""{\""id\"": \""ID_C54E5628-1A1D-4774-971B-63B0917292E9\"", \""osm_m\"": 10.0, \""surveyed_m\"": 24.38}"", ""{\""id\"": \""ID_C5967814-2829-4729-9867-5C868FE1A5F3\"", \""osm_m\"": 13.0, \""surveyed_m\"": 16.78}"", ""{\""id\"": \""ID_C6AECB9E-F1BD-4F2E-AC4E-CA726912D52B\"", \""osm_m\"": 10.0, \""surveyed_m\"": 14.08}"", ""{\""id\"": \""ID_C6C9079C-2051-4559-9D14-DEE1C47D9713\"", \""osm_m\"": 12.0, \""surveyed_m\"": 16.87}"", ""{\""id\"": \""ID_C7F6DB4E-D417-451D-B015-1CB1A10233BA\"", \""osm_m\"": 35.0, \""surveyed_m\"": 41.74}"", ""{\""id\"": \""ID_C85BC99B-B2CF-4BDE-8049-9A3934C58819\"", \""osm_m\"": 16.0, \""surveyed_m\"": 24.98}"", ""{\""id\"": \""ID_CB050B76-893D-48E9-A03B-4B57B09770B2\"", \""osm_m\"": 15.0, \""surveyed_m\"": 18.09}"", ""{\""id\"": \""ID_CCC41E2C-552B-4927-AE29-C10AA2DCCD54\"", \""osm_m\"": 72.0, \""surveyed_m\"": 49.77}"", ""{\""id\"": \""ID_CDAE4477-905E-402F-815D-FCDF65290A56\"", \""osm_m\"": 7.0, \""surveyed_m\"": 14.81}"", ""{\""id\"": \""ID_CF30DA7F-F678-478B-B48F-53A6B6F299E8\"", \""osm_m\"": 10.0, \""surveyed_m\"": 16.39}"", ""{\""id\"": \""ID_CF74720C-4A73-44C9-B20B-5AD43E6D6AD7\"", \""osm_m\"": 8.0, \""surveyed_m\"": 16.1}"", ""{\""id\"": \""ID_D13BD8F6-E784-46A0-B858-5B78CD75CDDC\"", \""osm_m\"": 30.0, \""surveyed_m\"": 25.77}"", ""{\""id\"": \""ID_D331876E-BFFC-4F62-8016-3F01320A0B67\"", \""osm_m\"": 8.0, \""surveyed_m\"": 11.02}"", ""{\""id\"": \""ID_D3491074-2068-48A0-98FA-443152BA4029\"", \""osm_m\"": 20.0, \""surveyed_m\"": 16.26}"", ""{\""id\"": \""ID_D37D95FE-42B6-4763-9FC3-9F45BE1B46A8\"", \""osm_m\"": 18.0, \""surveyed_m\"": 24.32}"", ""{\""id\"": \""ID_D387252B-C207-4CE4-ACA6-C71BEB085E83\"", \""osm_m\"": 17.5, \""surveyed_m\"": 21.51}"", ""{\""id\"": \""ID_D5B37FA6-70B7-466F-8172-F6C014A17689\"", \""osm_m\"": 5.0, \""surveyed_m\"": 9.12}"", ""{\""id\"": \""ID_D5C35439-50A7-46FE-ABC1-E8E1A8D9BE9F\"", \""osm_m\"": 10.0, \""surveyed_m\"": 13.9}"", ""{\""id\"": \""ID_D6D26831-7D08-450F-98CC-2D6D6818C188\"", \""osm_m\"": 9.0, \""surveyed_m\"": 12.21}"", ""{\""id\"": \""ID_D726A22F-9D04-4765-9555-71EB06E29E21\"", \""osm_m\"": 12.0, \""surveyed_m\"": 16.49}"", ""{\""id\"": \""ID_D7559550-C8EE-4787-A189-6D2D9519893C\"", \""osm_m\"": 20.0, \""surveyed_m\"": 28.4}"", ""{\""id\"": \""ID_D81F5521-1397-4342-82B6-ED0CABEE48A6\"", \""osm_m\"": 34.5, \""surveyed_m\"": 38.09}"", ""{\""id\"": \""ID_D8722A09-8C0E-4F3C-9FD7-226027EEA70E\"", \""osm_m\"": 36.0, \""surveyed_m\"": 22.66}"", ""{\""id\"": \""ID_D8F95861-5455-483E-87EF-C7CFC0D79B26\"", \""osm_m\"": 42.0, \""surveyed_m\"": 37.13}"", ""{\""id\"": \""ID_D94503A7-89B0-4143-B7E9-17FBA9F5E8C7\"", \""osm_m\"": 10.0, \""surveyed_m\"": 80.84}"", ""{\""id\"": \""ID_D982E3BB-8B6B-461F-BF35-F2F0ACC10A1F\"", \""osm_m\"": 20.0, \""surveyed_m\"": 29.39}"", ""{\""id\"": \""ID_DBD33916-EE89-49CB-A191-5DD330964502\"", \""osm_m\"": 2.5, \""surveyed_m\"": 16.84}"", ""{\""id\"": \""ID_DCC7457C-25D0-4F77-9C88-7791C8A6A925\"", \""osm_m\"": 50.0, \""surveyed_m\"": 54.3}"", ""{\""id\"": \""ID_DD619AE3-A5E7-4A0C-948E-93CFF305447E\"", \""osm_m\"": 11.5, \""surveyed_m\"": 14.54}"", ""{\""id\"": \""ID_DD8861DC-AF2C-4A6F-ACBB-1C9EDBD4458C\"", \""osm_m\"": 10.0, \""surveyed_m\"": 13.89}"", ""{\""id\"": \""ID_DF7CB100-0062-4FBD-86C8-A7E69163EE5A\"", \""osm_m\"": 6.0, \""surveyed_m\"": 9.05}"", ""{\""id\"": \""ID_DF8F5834-E35B-4FDD-836A-72592CA3F1AC\"", \""osm_m\"": 20.0, \""surveyed_m\"": 4.32}"", ""{\""id\"": \""ID_E00AD573-CD0C-4B57-8075-5D1BC8D13050\"", \""osm_m\"": 22.0, \""surveyed_m\"": 52.92}"", ""{\""id\"": \""ID_E260C6B5-42F7-490F-98CA-9336DA3DDE34\"", \""osm_m\"": 13.0, \""surveyed_m\"": 16.41}"", ""{\""id\"": \""ID_E3A51C1B-F942-4705-B76B-F483BC48CD84\"", \""osm_m\"": 40.0, \""surveyed_m\"": 5.19}"", ""{\""id\"": \""ID_E3B33FAE-6DB0-4E02-8EBA-A044B29038C4\"", \""osm_m\"": 10.0, \""surveyed_m\"": 15.17}"", ""{\""id\"": \""ID_E3CE828C-F3D0-4E68-B37C-A111E0AE549B\"", \""osm_m\"": 9.0, \""surveyed_m\"": 13.97}"", ""{\""id\"": \""ID_E475F70A-0B04-4173-BA23-E3A3C2AE02D9\"", \""osm_m\"": 9.0, \""surveyed_m\"": 15.86}"", ""{\""id\"": \""ID_E48B7BFD-818F-4906-A4FA-E677B1D7CB58\"", \""osm_m\"": 3.14, \""surveyed_m\"": 7.67}"", ""{\""id\"": \""ID_E4E65341-D999-4523-BA5A-B49C68F64444\"", \""osm_m\"": 9.0, \""surveyed_m\"": 12.16}"", ""{\""id\"": \""ID_E6675832-DF26-455D-80BA-B50E85328581\"", \""osm_m\"": 20.0, \""surveyed_m\"": 23.39}"", ""{\""id\"": \""ID_E9327A14-B02F-4B06-ACF3-70E2EBA0A552\"", \""osm_m\"": 15.0, \""surveyed_m\"": 7.95}"", ""{\""id\"": \""ID_EA4A84AE-62AA-4396-B34A-77F56C4A8071\"", \""osm_m\"": 20.0, \""surveyed_m\"": 4.6}"", ""{\""id\"": \""ID_EAE1A9EA-CD49-4ABB-A0F1-9EE4B888AF76\"", \""osm_m\"": 3.5, \""surveyed_m\"": 30.79}"", ""{\""id\"": \""ID_EC148020-4046-4C4D-BFB3-FB941BE659F2\"", \""osm_m\"": 42.0, \""surveyed_m\"": 38.19}"", ""{\""id\"": \""ID_ECF9AAFB-3681-44A3-8DEE-24DE94CD5AF8\"", \""osm_m\"": 5.0, \""surveyed_m\"": 8.48}"", ""{\""id\"": \""ID_ED5B4D15-B48B-4559-9DD5-5F8C4CEA9433\"", \""osm_m\"": 39.0, \""surveyed_m\"": 35.83}"", ""{\""id\"": \""ID_ED987560-0336-4DF4-BFEB-ECF423BF6D86\"", \""osm_m\"": 20.0, \""surveyed_m\"": 12.73}"", ""{\""id\"": \""ID_EDB46F6F-680B-496C-A51F-017A4CA12959\"", \""osm_m\"": 40.0, \""surveyed_m\"": 36.66}"", ""{\""id\"": \""ID_EE5E7C87-08E9-465D-B369-89E69EC9F1C3\"", \""osm_m\"": 12.0, \""surveyed_m\"": 19.14}"", ""{\""id\"": \""ID_EE92A717-F5CC-4A62-995A-22BC85684DE1\"", \""osm_m\"": 75.0, \""surveyed_m\"": 62.77}"", ""{\""id\"": \""ID_EEB23F5F-FE02-4B0E-A53F-ACEE6AAB6A81\"", \""osm_m\"": 72.0, \""surveyed_m\"": 67.96}"", ""{\""id\"": \""ID_F0C5E0F7-3A66-4483-B905-863FB57B9D51\"", \""osm_m\"": 12.5, \""surveyed_m\"": 17.16}"", ""{\""id\"": \""ID_F1530DA3-39A6-42FE-8694-185EC89AE627\"", \""osm_m\"": 10.0, \""surveyed_m\"": 14.82}"", ""{\""id\"": \""ID_F165ABA2-3F01-423F-80AB-62899B217C57\"", \""osm_m\"": 30.0, \""surveyed_m\"": 23.5}"", ""{\""id\"": \""ID_F21D355C-FBC4-4064-BA9E-18897F576961\"", \""osm_m\"": 48.0, \""surveyed_m\"": 64.0}"", ""{\""id\"": \""ID_F3687296-2AC9-4C4D-B3BE-55E04BBA2B46\"", \""osm_m\"": 9.5, \""surveyed_m\"": 16.74}"", ""{\""id\"": \""ID_F38D1E4A-2EED-4E87-BF11-F6D556A3DBCE\"", \""osm_m\"": 18.0, \""surveyed_m\"": 31.77}"", ""{\""id\"": \""ID_F3D5D581-C024-4D41-905A-DE4D58BEFC65\"", \""osm_m\"": 20.0, \""surveyed_m\"": 14.58}"", ""{\""id\"": \""ID_F4AA40E6-E1C2-4286-9205-93D265342A9A\"", \""osm_m\"": 12.0, \""surveyed_m\"": 16.53}"", ""{\""id\"": \""ID_F620A040-1923-4F60-97CB-99AFAD74D0C2\"", \""osm_m\"": 16.0, \""surveyed_m\"": 20.66}"", ""{\""id\"": \""ID_F667BCAA-34F6-4FBB-AB09-2062E98EF3D7\"", \""osm_m\"": 16.0, \""surveyed_m\"": 20.09}"", ""{\""id\"": \""ID_F7AAFB9D-51E1-49A6-9734-022D817D5C4E\"", \""osm_m\"": 8.0, \""surveyed_m\"": 14.94}"", ""{\""id\"": \""ID_F89C1872-8BFD-4DD7-B9BD-88920D8971A6\"", \""osm_m\"": 10.0, \""surveyed_m\"": 14.68}"", ""{\""id\"": \""ID_F8FA7956-1C29-465C-A4D2-FA2D0608A530\"", \""osm_m\"": 74.0, \""surveyed_m\"": 70.59}"", ""{\""id\"": \""ID_F8FBE627-F26A-4CAC-9214-B016536302F2\"", \""osm_m\"": 27.0, \""surveyed_m\"": 17.27}"", ""{\""id\"": \""ID_F90EF1C0-A423-4C38-B629-2CA57C011B64\"", \""osm_m\"": 7.0, \""surveyed_m\"": 11.12}"", ""{\""id\"": \""ID_F93C1762-98BF-4FB4-A515-EE02387F994E\"", \""osm_m\"": 40.0, \""surveyed_m\"": 34.89}"", ""{\""id\"": \""ID_F94B292B-EEDF-4242-90A4-3A594E11671B\"", \""osm_m\"": 18.0, \""surveyed_m\"": 28.0}"", ""{\""id\"": \""ID_FA19EDFF-3CD7-4039-AF63-2C57F565792A\"", \""osm_m\"": 16.0, \""surveyed_m\"": 6.85}"", ""{\""id\"": \""ID_FB40041B-F7F1-499C-8724-C1365B9F4469\"", \""osm_m\"": 20.0, \""surveyed_m\"": 8.39}"", ""{\""id\"": \""ID_FBF5A22B-1EC9-4B4C-A69F-264D8ED9C5D2\"", \""osm_m\"": 15.0, \""surveyed_m\"": 19.51}"", ""{\""id\"": \""ID_FDE386A8-7B04-4C97-987D-86069925810A\"", \""osm_m\"": 10.0, \""surveyed_m\"": 13.53}"", ""{\""id\"": \""ID_FEA4D2F6-C2CE-40B8-A487-EC031A1C779A\"", \""osm_m\"": 15.5, \""surveyed_m\"": 21.92}"", ""{\""id\"": \""ID_FED7A75F-4F64-49F0-8B50-3571D3DE5320\"", \""osm_m\"": 50.0, \""surveyed_m\"": 53.95}"", ""{\""id\"": \""ID_FEEC37F3-FABA-4D7E-8B4B-9A8EC5914F3D\"", \""osm_m\"": 54.0, \""surveyed_m\"": 59.32}"", ""{\""id\"": \""ID_FEF8B607-3BF5-46AD-947A-AC12320B043A\"", \""osm_m\"": 5.0, \""surveyed_m\"": 9.17}"", ""{\""id\"": \""ID_FF232075-5038-41FB-B356-15DACF232E09\"", \""osm_m\"": 10.5, \""surveyed_m\"": 14.15}""]",,
xsrc_height_disagreement__3__p0,xsrc_height_disagreement,cross_source,tokyo,en,4,True,Which buildings have an OSM height that differs from the surveyed height by more than 3 meters?,"MATCH (b:Building)-[r:ENRICHED_BY {is_primary: true}]->(o:OsmFeature) WHERE o.osm_height IS NOT NULL AND b.measured_height > -999 AND abs(toFloat(o.osm_height) - b.measured_height) > 3 RETURN b.id AS id, b.measured_height AS surveyed_m, toFloat(o.osm_height) AS osm_m ORDER BY abs(toFloat(o.osm_height) - b.measured_height) DESC, id ASC",,"[""{\""id\"": \""bldg_0021a18a-9b21-49c5-9d74-2e12e3052ad2\"", \""osm_m\"": 30.0, \""surveyed_m\"": 44.0}"", ""{\""id\"": \""bldg_004ccd6e-1b3c-4afd-a60f-403fded50b62\"", \""osm_m\"": 9.1, \""surveyed_m\"": 12.5}"", ""{\""id\"": \""bldg_00615df6-ff89-4604-9c54-de9e910e9530\"", \""osm_m\"": 70.0, \""surveyed_m\"": 4.3}"", ""{\""id\"": \""bldg_00690110-4aaf-4ca9-8920-aeda442e11d3\"", \""osm_m\"": 17.8, \""surveyed_m\"": 8.7}"", ""{\""id\"": \""bldg_006b8586-6637-46f4-9c4d-47ce82648620\"", \""osm_m\"": 74.78, \""surveyed_m\"": 67.3}"", ""{\""id\"": \""bldg_00a53fcb-6fec-4d9a-848a-0bf73d08a0cb\"", \""osm_m\"": 5.0, \""surveyed_m\"": 9.0}"", ""{\""id\"": \""bldg_00ad1f9f-3ad1-4d93-8c70-703d2faf3b08\"", \""osm_m\"": 6.8, \""surveyed_m\"": 3.6}"", ""{\""id\"": \""bldg_00b008bc-12fc-4694-9c08-ba227ebe38a1\"", \""osm_m\"": 56.0, \""surveyed_m\"": 47.0}"", ""{\""id\"": \""bldg_00be0d96-ecad-4a92-a488-20c3c82c32a1\"", \""osm_m\"": 9.8, \""surveyed_m\"": 13.8}"", ""{\""id\"": \""bldg_00c793d7-9ac6-41ff-8ae2-efd1893681b4\"", \""osm_m\"": 3.04, \""surveyed_m\"": 6.8}"", ""{\""id\"": \""bldg_011809d8-dd4a-4103-ba14-35554b994d53\"", \""osm_m\"": 40.0, \""surveyed_m\"": 46.3}"", ""{\""id\"": \""bldg_011dad32-fcca-4fb5-9919-f8e0b739a2a6\"", \""osm_m\"": 30.0, \""surveyed_m\"": 101.7}"", ""{\""id\"": \""bldg_014c9fff-54fd-4b3e-b359-0559e52b4b83\"", \""osm_m\"": 7.1, \""surveyed_m\"": 10.8}"", ""{\""id\"": \""bldg_0179e83b-2acb-4559-a851-83640f056220\"", \""osm_m\"": 3.0, \""surveyed_m\"": 7.7}"", ""{\""id\"": \""bldg_01b2fc7f-a5a4-4496-a916-116b1a4479d5\"", \""osm_m\"": 7.6, \""surveyed_m\"": 11.2}"", ""{\""id\"": \""bldg_01ef497f-b14f-4cf8-9fb6-dc1c64f5c6f7\"", \""osm_m\"": 14.0, \""surveyed_m\"": 17.9}"", ""{\""id\"": \""bldg_023e5ff3-85f2-4ccd-8058-fc6ac9ac339a\"", \""osm_m\"": 78.0, \""surveyed_m\"": 68.9}"", ""{\""id\"": \""bldg_023f6791-709a-40a5-ba89-c78c5bce702a\"", \""osm_m\"": 10.0, \""surveyed_m\"": 41.8}"", ""{\""id\"": \""bldg_029aa842-25ce-47f1-a27f-33461fd74996\"", \""osm_m\"": 16.4, \""surveyed_m\"": 12.4}"", ""{\""id\"": \""bldg_029c9e75-5b99-44c8-9bfe-8596075a1e72\"", \""osm_m\"": 46.0, \""surveyed_m\"": 80.6}"", ""{\""id\"": \""bldg_02a895f1-c0f8-42dd-8ebe-4d6e13a55427\"", \""osm_m\"": 14.3, \""surveyed_m\"": 8.8}"", ""{\""id\"": \""bldg_02d43f9b-94a9-44d6-8a89-32b371f354e0\"", \""osm_m\"": 16.6, \""surveyed_m\"": 8.0}"", ""{\""id\"": \""bldg_02eb7626-5716-45d4-b580-066100690fa5\"", \""osm_m\"": 44.0, \""surveyed_m\"": 57.4}"", ""{\""id\"": \""bldg_0396026c-b58e-4548-adff-16d172eac805\"", \""osm_m\"": 15.0, \""surveyed_m\"": 43.1}"", ""{\""id\"": \""bldg_03b0008c-fe00-4c93-8159-2918ceda4fe3\"", \""osm_m\"": 3.02, \""surveyed_m\"": 8.2}"", ""{\""id\"": \""bldg_03e8c58f-ba4c-4a5b-8ded-807cbac92d4c\"", \""osm_m\"": 6.98, \""surveyed_m\"": 2.5}"", ""{\""id\"": \""bldg_03f0053f-fec6-4c6a-af2e-481a34d22b52\"", \""osm_m\"": 13.0, \""surveyed_m\"": 17.2}"", ""{\""id\"": \""bldg_0417eedd-acff-481f-a773-b5c4f29ee517\"", \""osm_m\"": 109.74, \""surveyed_m\"": 106.2}"", ""{\""id\"": \""bldg_041e0688-3e32-4893-8b53-00647518fcaf\"", \""osm_m\"": 57.55, \""surveyed_m\"": 51.3}"", ""{\""id\"": \""bldg_04216896-481e-4426-9537-175c1a15dae5\"", \""osm_m\"": 37.0, \""surveyed_m\"": 31.3}"", ""{\""id\"": \""bldg_043a3ceb-8bd3-4aae-8ded-3a5c156f328e\"", \""osm_m\"": 25.0, \""surveyed_m\"": 37.0}"", ""{\""id\"": \""bldg_045a0e95-60c2-4ab4-a11b-5e54c1970801\"", \""osm_m\"": 12.5, \""surveyed_m\"": 8.4}"", ""{\""id\"": \""bldg_0463b72f-7a27-4401-9278-c88df4826fdd\"", \""osm_m\"": 14.4, \""surveyed_m\"": 39.9}"", ""{\""id\"": \""bldg_04ba1b56-44f2-48cd-a6aa-81a4bded14af\"", \""osm_m\"": 13.0, \""surveyed_m\"": 17.6}"", ""{\""id\"": \""bldg_04c21684-7e31-4b77-aac3-c20ab1edc07c\"", \""osm_m\"": 16.0, \""surveyed_m\"": 11.3}"", ""{\""id\"": \""bldg_04f60cd9-dfe1-4f47-8c9f-2a03bfa9cd0f\"", \""osm_m\"": 50.0, \""surveyed_m\"": 29.8}"", ""{\""id\"": \""bldg_04f8caaf-845c-49cf-8d52-2d33e63c8c50\"", \""osm_m\"": 102.0, \""surveyed_m\"": 23.6}"", ""{\""id\"": \""bldg_058f9d59-2822-4c3a-a7bd-b1a33eeab6ea\"", \""osm_m\"": 3.02, \""surveyed_m\"": 6.6}"", ""{\""id\"": \""bldg_05e2b985-3763-41e9-88dd-63bd7c7294a8\"", \""osm_m\"": 3.01, \""surveyed_m\"": 11.4}"", ""{\""id\"": \""bldg_0612d9bb-d1f5-4ad7-bfec-72efd10d1dca\"", \""osm_m\"": 10.6, \""surveyed_m\"": 7.3}"", ""{\""id\"": \""bldg_062b0aa7-dd10-4b46-8d8a-ab282869b6cd\"", \""osm_m\"": 3.02, \""surveyed_m\"": 17.4}"", ""{\""id\"": \""bldg_0643a3e7-a023-4667-b28b-83a646123569\"", \""osm_m\"": 10.7, \""surveyed_m\"": 7.4}"", ""{\""id\"": \""bldg_06706aee-9b9a-4a9b-a705-ca03b87624eb\"", \""osm_m\"": 2.96, \""surveyed_m\"": 14.5}"", ""{\""id\"": \""bldg_069b9cde-2b80-40e9-8b9e-1415c8980597\"", \""osm_m\"": 7.9, \""surveyed_m\"": 3.3}"", ""{\""id\"": \""bldg_06dd8a50-04e8-4922-89e0-cca4cc2b2341\"", \""osm_m\"": 16.7, \""surveyed_m\"": 22.5}"", ""{\""id\"": \""bldg_06eaee0c-50e7-4338-abdb-8dbc20f2bcf7\"", \""osm_m\"": 59.88, \""surveyed_m\"": 65.6}"", ""{\""id\"": \""bldg_0727282d-5b20-486f-8b58-95f00e58a5b4\"", \""osm_m\"": 127.8, \""surveyed_m\"": 117.6}"", ""{\""id\"": \""bldg_073b5e20-14d6-48a1-a05b-4ce75edd6394\"", \""osm_m\"": 2.96, \""surveyed_m\"": 11.8}"", ""{\""id\"": \""bldg_073cfece-c0da-4610-a867-b94c55160398\"", \""osm_m\"": 17.4, \""surveyed_m\"": 13.9}"", ""{\""id\"": \""bldg_074e73f6-7195-487c-adf2-f4296170f2d1\"", \""osm_m\"": 51.9, \""surveyed_m\"": 31.0}"", ""{\""id\"": \""bldg_0769f308-f816-49cb-9219-0a62897d20d9\"", \""osm_m\"": 3.0, \""surveyed_m\"": 10.2}"", ""{\""id\"": \""bldg_077aab78-3fe2-415f-9f5c-c3dafbae4af3\"", \""osm_m\"": 18.9, \""surveyed_m\"": 14.6}"", ""{\""id\"": \""bldg_079f0c3c-aa5c-46bb-9698-5a965268e065\"", \""osm_m\"": 60.0, \""surveyed_m\"": 9.0}"", ""{\""id\"": \""bldg_07a23c05-99d6-439c-bd98-f0f873f8a470\"", \""osm_m\"": 120.0, \""surveyed_m\"": 50.8}"", ""{\""id\"": \""bldg_07d27e9b-ea30-4b69-b48f-8cee5f603e6e\"", \""osm_m\"": 5.7, \""surveyed_m\"": 10.6}"", ""{\""id\"": \""bldg_07d4651a-9bf6-43d9-beeb-2027a1ac407e\"", \""osm_m\"": 70.0, \""surveyed_m\"": 4.3}"", ""{\""id\"": \""bldg_07d582bc-f98f-45ef-ba52-54ec1d67a1dd\"", \""osm_m\"": 20.0, \""surveyed_m\"": 25.24}"", ""{\""id\"": \""bldg_07d732fe-2c84-40c1-8ee2-bb072ed5e9a0\"", \""osm_m\"": 17.0, \""surveyed_m\"": 2.7}"", ""{\""id\"": \""bldg_0838c5c2-3194-44a4-87b0-82e3bf9ea2a3\"", \""osm_m\"": 0.0, \""surveyed_m\"": 29.1}"", ""{\""id\"": \""bldg_084b78d8-17b9-4616-8fe6-596bfa25ac95\"", \""osm_m\"": 7.5, \""surveyed_m\"": 3.9}"", ""{\""id\"": \""bldg_084f7645-ed83-49c0-acde-526700602486\"", \""osm_m\"": 177.3, \""surveyed_m\"": 166.9}"", ""{\""id\"": \""bldg_086ddba0-d15c-41fd-8523-47bfd978f318\"", \""osm_m\"": 60.0, \""surveyed_m\"": 72.1}"", ""{\""id\"": \""bldg_087fc64b-0d26-460c-9319-53feed58e0ab\"", \""osm_m\"": 11.4, \""surveyed_m\"": 7.1}"", ""{\""id\"": \""bldg_08828588-a1e2-4d63-835c-9a5326b56117\"", \""osm_m\"": 150.0, \""surveyed_m\"": 146.5}"", ""{\""id\"": \""bldg_08b7f234-867a-42f1-963d-4638fa5260f1\"", \""osm_m\"": 0.0, \""surveyed_m\"": 81.8}"", ""{\""id\"": \""bldg_08bd1d77-6534-4334-b8da-4bfe0b440e67\"", \""osm_m\"": 207.0, \""surveyed_m\"": 11.0}"", ""{\""id\"": \""bldg_08d66b88-028c-49fd-aa0a-f496956ac037\"", \""osm_m\"": 17.5, \""surveyed_m\"": 26.8}"", ""{\""id\"": \""bldg_08fbdd44-6f5f-45cb-b21f-3031ba7c62be\"", \""osm_m\"": 38.0, \""surveyed_m\"": 32.2}"", ""{\""id\"": \""bldg_093a46c0-d34a-4466-954e-28c568a748c0\"", \""osm_m\"": 32.0, \""surveyed_m\"": 48.1}"", ""{\""id\"": \""bldg_097e4936-636f-4f80-8ae4-fa89735bbee8\"", \""osm_m\"": 6.6, \""surveyed_m\"": 12.1}"", ""{\""id\"": \""bldg_09b8205a-e724-4be7-9b20-ae59f0cc8716\"", \""osm_m\"": 3.0, \""surveyed_m\"": 10.3}"", ""{\""id\"": \""bldg_09c4596d-caa4-44c5-a456-02f67b37cb82\"", \""osm_m\"": 28.5, \""surveyed_m\"": 21.7}"", ""{\""id\"": \""bldg_09d3939e-ee3e-4e79-8cf2-3cb27ae76e52\"", \""osm_m\"": 9.3, \""surveyed_m\"": 6.0}"", ""{\""id\"": \""bldg_0a1762ef-c502-4bd7-9817-013e8c1f7de7\"", \""osm_m\"": 22.6, \""surveyed_m\"": 15.8}"", ""{\""id\"": \""bldg_0a732dd6-43d5-4af6-ae97-18cae181c451\"", \""osm_m\"": 17.5, \""surveyed_m\"": 21.0}"", ""{\""id\"": \""bldg_0a83b4e4-d6a3-4b11-8eac-0c451317dc93\"", \""osm_m\"": 9.1, \""surveyed_m\"": 13.0}"", ""{\""id\"": \""bldg_0a8f160f-7c65-427e-a1ff-50855264e748\"", \""osm_m\"": 20.0, \""surveyed_m\"": 29.0}"", ""{\""id\"": \""bldg_0a939c75-7765-4bb7-9b25-00bc1062280f\"", \""osm_m\"": 7.7, \""surveyed_m\"": 12.2}"", ""{\""id\"": \""bldg_0af8c6e7-d059-4163-a1a6-b5019efdafdf\"", \""osm_m\"": 8.3, \""surveyed_m\"": 11.5}"", ""{\""id\"": \""bldg_0b135da3-dc24-49a0-9cb7-5344c09956d1\"", \""osm_m\"": 2.98, \""surveyed_m\"": 24.4}"", ""{\""id\"": \""bldg_0b54a983-d19c-478c-9053-2682233cf1c7\"", \""osm_m\"": 35.0, \""surveyed_m\"": 31.7}"", ""{\""id\"": \""bldg_0b66690b-357b-4bf6-9355-de93034fc4b9\"", \""osm_m\"": 60.0, \""surveyed_m\"": 72.0}"", ""{\""id\"": \""bldg_0bb75beb-00b2-4ce5-88c0-f849c44a0190\"", \""osm_m\"": 32.5, \""surveyed_m\"": 37.6}"", ""{\""id\"": \""bldg_0c0b7640-9614-43df-8569-a5e854f8d276\"", \""osm_m\"": 8.3, \""surveyed_m\"": 1.6}"", ""{\""id\"": \""bldg_0c6d2ee8-33eb-4188-aa1f-e08bb00e04d2\"", \""osm_m\"": 26.0, \""surveyed_m\"": 16.6}"", ""{\""id\"": \""bldg_0c744cb2-69b1-4db9-b72f-7750f8cbc467\"", \""osm_m\"": 144.0, \""surveyed_m\"": 138.7}"", ""{\""id\"": \""bldg_0c7a7a89-c988-4a03-9d46-25c0ddc370b6\"", \""osm_m\"": 72.0, \""surveyed_m\"": 75.4}"", ""{\""id\"": \""bldg_0c9f4433-19a1-448f-b50f-ea6abb679799\"", \""osm_m\"": 9.8, \""surveyed_m\"": 6.2}"", ""{\""id\"": \""bldg_0cb73b02-64ee-4516-a3fb-d014b24e5779\"", \""osm_m\"": 185.0, \""surveyed_m\"": 205.7}"", ""{\""id\"": \""bldg_0cda8878-97fd-429a-9dab-4f8912a5aff1\"", \""osm_m\"": 11.3, \""surveyed_m\"": 3.1}"", ""{\""id\"": \""bldg_0cf5950a-d050-4b9c-808d-8c4710ff284f\"", \""osm_m\"": 6.3, \""surveyed_m\"": 11.4}"", ""{\""id\"": \""bldg_0d071e57-7765-4d2a-8c36-3cf049259a91\"", \""osm_m\"": 70.0, \""surveyed_m\"": 42.3}"", ""{\""id\"": \""bldg_0d4478ee-67e0-4903-86ad-d380d14ad4d1\"", \""osm_m\"": 97.9, \""surveyed_m\"": 109.2}"", ""{\""id\"": \""bldg_0d7b8fdb-1143-450c-b582-53d036cbe942\"", \""osm_m\"": 4.3, \""surveyed_m\"": 7.4}"", ""{\""id\"": \""bldg_0dc2a1f4-ca87-4342-a1ac-98358ba5dafd\"", \""osm_m\"": 7.2, \""surveyed_m\"": 2.0}"", ""{\""id\"": \""bldg_0dd68013-8ad6-4116-989e-05d2bf1f0c0d\"", \""osm_m\"": 124.0, \""surveyed_m\"": 119.8}"", ""{\""id\"": \""bldg_0df162df-1a8a-4397-9f30-12aacb5e7f14\"", \""osm_m\"": 29.2, \""surveyed_m\"": 24.8}"", ""{\""id\"": \""bldg_0e2947fa-f464-42e6-a6f6-67888f6a3b84\"", \""osm_m\"": 40.0, \""surveyed_m\"": 46.8}"", ""{\""id\"": \""bldg_0e2f869d-926a-4175-8c9b-b203be3ed93c\"", \""osm_m\"": 17.2, \""surveyed_m\"": 8.7}"", ""{\""id\"": \""bldg_0e7d0df0-ed2c-4e99-b585-408eb8cdc7bf\"", \""osm_m\"": 3.03, \""surveyed_m\"": 7.1}"", ""{\""id\"": \""bldg_0eaedfb8-1a68-406a-b598-0d9f2ce9012d\"", \""osm_m\"": 30.0, \""surveyed_m\"": 138.7}"", ""{\""id\"": \""bldg_0ec83f8f-1b0b-45c2-82c9-f56cc5cbb396\"", \""osm_m\"": 53.8, \""surveyed_m\"": 45.2}"", ""{\""id\"": \""bldg_0efce61e-a362-43ac-97dc-6da57f23290f\"", \""osm_m\"": 22.4, \""surveyed_m\"": 16.4}"", ""{\""id\"": \""bldg_0f06f00d-a338-4684-8e78-c12c980540a3\"", \""osm_m\"": 36.0, \""surveyed_m\"": 29.9}"", ""{\""id\"": \""bldg_0f2e62df-c9b0-4cf1-8c1f-3298d71fb0ff\"", \""osm_m\"": 8.2, \""surveyed_m\"": 2.3}"", ""{\""id\"": \""bldg_0f698d89-a8c8-4ae6-923d-9e2cb50c8520\"", \""osm_m\"": 35.0, \""surveyed_m\"": 43.3}"", ""{\""id\"": \""bldg_0f835ce7-a41d-4777-b620-b815b904b8a4\"", \""osm_m\"": 3.03, \""surveyed_m\"": 8.1}"", ""{\""id\"": \""bldg_0f888f35-8ea2-427a-8b33-027ab268d04e\"", \""osm_m\"": 9.9, \""surveyed_m\"": 14.7}"", ""{\""id\"": \""bldg_0f8c4ddf-f7ea-410d-b60b-516692786be0\"", \""osm_m\"": 9.5, \""surveyed_m\"": 6.1}"", ""{\""id\"": \""bldg_0fb6ce37-1a66-421c-8766-dd9bdfb6b71f\"", \""osm_m\"": 30.0, \""surveyed_m\"": 50.6}"", ""{\""id\"": \""bldg_0fcb8416-2aac-4a24-a8d4-5727a754de60\"", \""osm_m\"": 80.0, \""surveyed_m\"": 74.8}"", ""{\""id\"": \""bldg_0fd20a96-b053-4d37-adf4-0eb424b814f6\"", \""osm_m\"": 13.0, \""surveyed_m\"": 20.4}"", ""{\""id\"": \""bldg_0fd9ee3b-80ff-42bd-975c-5e41d928128b\"", \""osm_m\"": 37.3, \""surveyed_m\"": 33.7}"", ""{\""id\"": \""bldg_100f5163-bdf3-47c8-b956-2abb75bc742f\"", \""osm_m\"": 74.0, \""surveyed_m\"": 70.7}"", ""{\""id\"": \""bldg_1018250f-dabc-47d8-ab38-a87b93d25e54\"", \""osm_m\"": 15.6, \""surveyed_m\"": 8.6}"", ""{\""id\"": \""bldg_1052d3ca-5c11-466a-a784-1d47c850949d\"", \""osm_m\"": 12.0, \""surveyed_m\"": 8.9}"", ""{\""id\"": \""bldg_10648a34-a3d3-4beb-afe8-3314bd1a41cc\"", \""osm_m\"": 14.3, \""surveyed_m\"": 11.1}"", ""{\""id\"": \""bldg_10828ada-7635-47a8-bef9-f855718c2582\"", \""osm_m\"": 105.0, \""surveyed_m\"": 79.7}"", ""{\""id\"": \""bldg_10c2f0e9-b80c-4c43-a7c4-8e267f8f2a37\"", \""osm_m\"": 9.0, \""surveyed_m\"": 18.8}"", ""{\""id\"": \""bldg_1113845e-7648-4330-a948-419c09c5f0c1\"", \""osm_m\"": 50.0, \""surveyed_m\"": 46.5}"", ""{\""id\"": \""bldg_1135c83c-adec-4161-97cd-eea1b5ff95d6\"", \""osm_m\"": 10.9, \""surveyed_m\"": 7.5}"", ""{\""id\"": \""bldg_1137f078-a549-4dbf-8516-0981e3947398\"", \""osm_m\"": 30.0, \""surveyed_m\"": 35.7}"", ""{\""id\"": \""bldg_113eb241-1151-43bc-ae1b-c17ffc5cfaeb\"", \""osm_m\"": 8.9, \""surveyed_m\"": 22.2}"", ""{\""id\"": \""bldg_11599663-b05d-4ef4-8814-9a5e8dada3cd\"", \""osm_m\"": 110.0, \""surveyed_m\"": 96.1}"", ""{\""id\"": \""bldg_116ec31d-3568-4aec-a9b6-7f3426f9f866\"", \""osm_m\"": 23.6, \""surveyed_m\"": 18.9}"", ""{\""id\"": \""bldg_1193d409-68b2-4589-a696-4ed46b9eebe9\"", \""osm_m\"": 80.515, \""surveyed_m\"": 71.2}"", ""{\""id\"": \""bldg_11a1be91-1dd9-4e14-8fe0-0bb38f41d921\"", \""osm_m\"": 3.9, \""surveyed_m\"": 27.4}"", ""{\""id\"": \""bldg_11a25c14-154c-4f7a-985a-0e0cbe3da533\"", \""osm_m\"": 26.0, \""surveyed_m\"": 33.9}"", ""{\""id\"": \""bldg_11ae5ffd-278f-4901-87e6-291c95d5dccc\"", \""osm_m\"": 38.4, \""surveyed_m\"": 30.8}"", ""{\""id\"": \""bldg_11be2197-0a88-4a60-9629-a04b7bc287c2\"", \""osm_m\"": 17.0, \""surveyed_m\"": 21.4}"", ""{\""id\"": \""bldg_11c1ac13-47e5-4435-9170-141237cdd48b\"", \""osm_m\"": 8.5, \""surveyed_m\"": 14.5}"", ""{\""id\"": \""bldg_11ccef1d-10d1-457b-bf2b-5facfc20af98\"", \""osm_m\"": 22.9, \""surveyed_m\"": 18.2}"", ""{\""id\"": \""bldg_11d1ca78-6b3b-4a50-85ad-8edb062302ec\"", \""osm_m\"": 3.03, \""surveyed_m\"": 7.2}"", ""{\""id\"": \""bldg_121f67d2-75bc-4de3-99c2-38df32ba325e\"", \""osm_m\"": 14.7, \""surveyed_m\"": 11.5}"", ""{\""id\"": \""bldg_1227a5fe-b834-42cf-a397-f3fd7d8c5325\"", \""osm_m\"": 123.04, \""surveyed_m\"": 119.5}"", ""{\""id\"": \""bldg_12346ada-28e3-4d28-9f71-4391a4bc70b1\"", \""osm_m\"": 4.3, \""surveyed_m\"": 9.0}"", ""{\""id\"": \""bldg_12b14bbe-22e0-423b-8e58-e81145d02e73\"", \""osm_m\"": 13.4, \""surveyed_m\"": 6.3}"", ""{\""id\"": \""bldg_12bda564-1343-4720-94a7-7ed6bc67b146\"", \""osm_m\"": 43.4, \""surveyed_m\"": 34.9}"", ""{\""id\"": \""bldg_12cf7b92-a031-4149-8b0e-64c7aa5bc8de\"", \""osm_m\"": 68.0, \""surveyed_m\"": 72.3}"", ""{\""id\"": \""bldg_12e61c00-74e7-4963-9b0c-fc2c5c7542a5\"", \""osm_m\"": 11.1, \""surveyed_m\"": 7.0}"", ""{\""id\"": \""bldg_12f5f340-db09-47ee-9600-7de8e630804e\"", \""osm_m\"": 3.0, \""surveyed_m\"": 8.4}"", ""{\""id\"": \""bldg_1324c402-4d75-4119-a687-6a7b81f08410\"", \""osm_m\"": 35.0, \""surveyed_m\"": 38.1}"", ""{\""id\"": \""bldg_1331f360-eb38-40ed-8f5f-67232c52f290\"", \""osm_m\"": 8.0, \""surveyed_m\"": 17.6}"", ""{\""id\"": \""bldg_13935452-43e0-42c8-9f10-c2039fc82509\"", \""osm_m\"": 13.4, \""surveyed_m\"": 10.1}"", ""{\""id\"": \""bldg_1400d572-8274-4909-9888-c27d1bba60e6\"", \""osm_m\"": 173.0, \""surveyed_m\"": 142.1}"", ""{\""id\"": \""bldg_1402da4b-b788-4376-ada7-3a896b21418b\"", \""osm_m\"": 7.1, \""surveyed_m\"": 14.2}"", ""{\""id\"": \""bldg_140a3c97-c41a-4b76-b9de-4d61f912bbfe\"", \""osm_m\"": 74.335, \""surveyed_m\"": 27.7}"", ""{\""id\"": \""bldg_143cd663-5787-42b7-b11d-857329b6d0de\"", \""osm_m\"": 33.0, \""surveyed_m\"": 37.0}"", ""{\""id\"": \""bldg_149b5cee-1cd3-4088-a46f-1a073b8177f0\"", \""osm_m\"": 10.5, \""surveyed_m\"": 5.9}"", ""{\""id\"": \""bldg_14c91c4a-b725-4918-a901-a672005451d3\"", \""osm_m\"": 40.0, \""surveyed_m\"": 36.9}"", ""{\""id\"": \""bldg_14caf7ef-7e1c-409e-97d7-0ccb4f8f9a2c\"", \""osm_m\"": 19.6, \""surveyed_m\"": 14.8}"", ""{\""id\"": \""bldg_14d4795c-28a7-40fa-acb0-db225dc47954\"", \""osm_m\"": 2.98, \""surveyed_m\"": 8.5}"", ""{\""id\"": \""bldg_14d8a378-58ae-4c07-b879-627d6a05fd65\"", \""osm_m\"": 147.0, \""surveyed_m\"": 154.3}"", ""{\""id\"": \""bldg_14d9cc20-eeed-4d46-8109-97895560d9d0\"", \""osm_m\"": 38.4, \""surveyed_m\"": 31.2}"", ""{\""id\"": \""bldg_151e0a0c-e100-478e-96de-3cfbbb2cfdec\"", \""osm_m\"": 164.6, \""surveyed_m\"": 170.9}"", ""{\""id\"": \""bldg_154b4338-295d-4e7a-87e5-ccaa74b9dd0b\"", \""osm_m\"": 6.0, \""surveyed_m\"": 42.8}"", ""{\""id\"": \""bldg_155a9026-d7b8-4e8c-860d-945b5073fa22\"", \""osm_m\"": 15.6, \""surveyed_m\"": 7.5}"", ""{\""id\"": \""bldg_157b6c28-8116-438f-b1a7-e131e26fd5ee\"", \""osm_m\"": 10.0, \""surveyed_m\"": 13.2}"", ""{\""id\"": \""bldg_15837483-3793-4911-aca9-03057fe0e6fc\"", \""osm_m\"": 16.6, \""surveyed_m\"": 11.8}"", ""{\""id\"": \""bldg_158d4987-97e9-4c0b-a551-ecaeea1b7226\"", \""osm_m\"": 7.3, \""surveyed_m\"": 27.1}"", ""{\""id\"": \""bldg_159ebc0b-e5cd-4de8-a027-e924ee337964\"", \""osm_m\"": 225.0, \""surveyed_m\"": 189.8}"", ""{\""id\"": \""bldg_15a59a8a-f865-4d9e-bddc-539e01fc37e4\"", \""osm_m\"": 38.0, \""surveyed_m\"": 159.9}"", ""{\""id\"": \""bldg_16427edc-efd9-46e2-8375-208f1a83cb60\"", \""osm_m\"": 17.9, \""surveyed_m\"": 12.3}"", ""{\""id\"": \""bldg_167c21df-87f8-45d9-aa1e-51667abe7fb9\"", \""osm_m\"": 25.0, \""surveyed_m\"": 17.4}"", ""{\""id\"": \""bldg_16a85f5e-5b7f-41e8-91fa-84dabb7ae047\"", \""osm_m\"": 41.0, \""surveyed_m\"": 52.7}"", ""{\""id\"": \""bldg_16d894f7-6a30-4793-b184-79ac99620784\"", \""osm_m\"": 2.98, \""surveyed_m\"": 7.5}"", ""{\""id\"": \""bldg_17698e83-38e1-4b4b-86f7-496c76ae1975\"", \""osm_m\"": 2.95, \""surveyed_m\"": 8.9}"", ""{\""id\"": \""bldg_176bfd87-8fae-48bc-a98b-765e575a6485\"", \""osm_m\"": 3.0, \""surveyed_m\"": 9.1}"", ""{\""id\"": \""bldg_17838e60-da4d-416c-9d4d-ac0b9d40f0f2\"", \""osm_m\"": 16.145, \""surveyed_m\"": 25.8}"", ""{\""id\"": \""bldg_17b386d2-99c7-46ef-8cd0-2b74b056b233\"", \""osm_m\"": 42.0, \""surveyed_m\"": 32.0}"", ""{\""id\"": \""bldg_17b6bd27-a46d-4d6c-9a32-8ec889a49a6e\"", \""osm_m\"": 21.9, \""surveyed_m\"": 11.3}"", ""{\""id\"": \""bldg_17f2b3bf-e1b6-4dbf-984d-8014cd0a6333\"", \""osm_m\"": 30.0, \""surveyed_m\"": 47.5}"", ""{\""id\"": \""bldg_1810618d-9e90-425f-a128-f56fbe26dafa\"", \""osm_m\"": 3.03, \""surveyed_m\"": 7.9}"", ""{\""id\"": \""bldg_1812dd33-a5c1-4394-be4e-82e176d9b7b6\"", \""osm_m\"": 7.3, \""surveyed_m\"": 11.2}"", ""{\""id\"": \""bldg_184282b5-eca0-4331-be50-690804b5287c\"", \""osm_m\"": 5.3, \""surveyed_m\"": 8.6}"", ""{\""id\"": \""bldg_1852d3a4-10cd-48d2-9691-2806a9cf4d82\"", \""osm_m\"": 9.3, \""surveyed_m\"": 6.0}"", ""{\""id\"": \""bldg_185f973d-d39f-4ea4-bc14-3ded4ddc7ca0\"", \""osm_m\"": 30.0, \""surveyed_m\"": 33.5}"", ""{\""id\"": \""bldg_1894d1b6-20c1-4363-a4b7-85395b710d5b\"", \""osm_m\"": 11.5, \""surveyed_m\"": 7.3}"", ""{\""id\"": \""bldg_18c2056c-01fc-4654-82e0-938086588632\"", \""osm_m\"": 30.0, \""surveyed_m\"": 23.2}"", ""{\""id\"": \""bldg_18c551c5-6e74-43ae-a2f3-44789e6b3e73\"", \""osm_m\"": 25.0, \""surveyed_m\"": 34.3}"", ""{\""id\"": \""bldg_18ccdca6-f4b5-49db-bdec-20bebfc73186\"", \""osm_m\"": 2.98, \""surveyed_m\"": 34.3}"", ""{\""id\"": \""bldg_18e58bf0-cc52-496e-bc25-97deb0de7ac9\"", \""osm_m\"": 10.0, \""surveyed_m\"": 22.8}"", ""{\""id\"": \""bldg_190b76d2-d596-4868-b36c-74832207a360\"", \""osm_m\"": 9.0, \""surveyed_m\"": 24.3}"", ""{\""id\"": \""bldg_190e6a0a-aebe-4f03-98a3-133a13707a0c\"", \""osm_m\"": 11.1, \""surveyed_m\"": 8.0}"", ""{\""id\"": \""bldg_1919f4ef-a3a2-4d40-b967-9d5346d24e10\"", \""osm_m\"": 15.5, \""surveyed_m\"": 27.1}"", ""{\""id\"": \""bldg_191b519b-a38f-4489-910d-8e5c5389788b\"", \""osm_m\"": 14.0, \""surveyed_m\"": 20.0}"", ""{\""id\"": \""bldg_19f1f4db-80d7-44cc-9d54-c69730ddf665\"", \""osm_m\"": 12.0, \""surveyed_m\"": 5.1}"", ""{\""id\"": \""bldg_1a19f59d-6455-488d-a816-8853442e8190\"", \""osm_m\"": 9.1, \""surveyed_m\"": 5.1}"", ""{\""id\"": \""bldg_1a38b8b1-609e-40f6-998a-10bcbc9f6963\"", \""osm_m\"": 5.2, \""surveyed_m\"": 9.9}"", ""{\""id\"": \""bldg_1a6245f3-a16b-492c-9acd-0905c4f12dc4\"", \""osm_m\"": 3.0, \""surveyed_m\"": 6.1}"", ""{\""id\"": \""bldg_1a80f7fe-422c-4890-97bc-318e0d3b402e\"", \""osm_m\"": 115.0, \""surveyed_m\"": 111.9}"", ""{\""id\"": \""bldg_1a9c9227-5274-47b9-b347-d0e56d0a3e24\"", \""osm_m\"": 35.7, \""surveyed_m\"": 30.8}"", ""{\""id\"": \""bldg_1aa66973-ef7e-4c5d-9590-cad46e69bfbb\"", \""osm_m\"": 12.1, \""surveyed_m\"": 4.0}"", ""{\""id\"": \""bldg_1abf94fa-d90e-4b82-bf5f-6c37733131f7\"", \""osm_m\"": 7.6, \""surveyed_m\"": 10.7}"", ""{\""id\"": \""bldg_1ae1d14c-07ec-4282-b443-7376f07bb836\"", \""osm_m\"": 2.96, \""surveyed_m\"": 7.4}"", ""{\""id\"": \""bldg_1b05c591-4c1b-43a8-af33-27747b45ec30\"", \""osm_m\"": 103.0, \""surveyed_m\"": 96.1}"", ""{\""id\"": \""bldg_1b65b066-dd94-4a39-b9eb-4a289ce02c90\"", \""osm_m\"": 9.0, \""surveyed_m\"": 51.6}"", ""{\""id\"": \""bldg_1b929390-f5a3-486a-9dac-78810c6844fa\"", \""osm_m\"": 10.3, \""surveyed_m\"": 4.5}"", ""{\""id\"": \""bldg_1b95d4bd-5928-4128-8b2e-468e54e83e5b\"", \""osm_m\"": 9.0, \""surveyed_m\"": 3.2}"", ""{\""id\"": \""bldg_1bb8f291-6a50-4f2e-b7f5-2a69d443e145\"", \""osm_m\"": 53.0, \""surveyed_m\"": 41.0}"", ""{\""id\"": \""bldg_1be27bbc-9868-4b18-b58c-be88cf3dfb73\"", \""osm_m\"": 14.0, \""surveyed_m\"": 30.9}"", ""{\""id\"": \""bldg_1be909d9-eb65-49f9-a47c-74580c8fabe2\"", \""osm_m\"": 2.96, \""surveyed_m\"": 11.9}"", ""{\""id\"": \""bldg_1bf953a2-4dee-408d-ade5-8314a9aed77f\"", \""osm_m\"": 2.98, \""surveyed_m\"": 9.9}"", ""{\""id\"": \""bldg_1c171713-55b0-44c9-b51d-95e7fdcb939c\"", \""osm_m\"": 1.1, \""surveyed_m\"": 6.0}"", ""{\""id\"": \""bldg_1c23e28a-4a34-4684-80a2-7e8d03d6761f\"", \""osm_m\"": 25.0, \""surveyed_m\"": 34.3}"", ""{\""id\"": \""bldg_1c657f38-6804-484c-aa43-36486d97df71\"", \""osm_m\"": 50.0, \""surveyed_m\"": 40.0}"", ""{\""id\"": \""bldg_1c808b75-33f1-4e0b-923d-612694ce8a84\"", \""osm_m\"": 8.8, \""surveyed_m\"": 3.0}"", ""{\""id\"": \""bldg_1c957bc4-9d1c-4bc3-91d8-5f84e5785a52\"", \""osm_m\"": 62.7, \""surveyed_m\"": 46.5}"", ""{\""id\"": \""bldg_1c9efd2d-e60e-4d61-914d-a421f64ee73b\"", \""osm_m\"": 6.4, \""surveyed_m\"": 10.5}"", ""{\""id\"": \""bldg_1cc2f441-46b5-4c5e-88c0-a150bc2615f5\"", \""osm_m\"": 32.0, \""surveyed_m\"": 35.6}"", ""{\""id\"": \""bldg_1cdee60e-dad8-4e59-a869-796f5f0123b6\"", \""osm_m\"": 48.0, \""surveyed_m\"": 41.3}"", ""{\""id\"": \""bldg_1cdf19ba-00eb-412a-b683-2880eb4f557c\"", \""osm_m\"": 28.1, \""surveyed_m\"": 22.3}"", ""{\""id\"": \""bldg_1cee4c46-088c-411f-bf18-fdfe73c51621\"", \""osm_m\"": 4.0, \""surveyed_m\"": 8.9}"", ""{\""id\"": \""bldg_1d2e11ef-d0ce-468c-8209-c59edf771308\"", \""osm_m\"": 212.0, \""surveyed_m\"": 207.1}"", ""{\""id\"": \""bldg_1d45d4c1-ac3c-47e8-9113-a4a71274dc10\"", \""osm_m\"": 80.14, \""surveyed_m\"": 8.3}"", ""{\""id\"": \""bldg_1d491f49-9eaf-450d-b2a3-1a6e053cf941\"", \""osm_m\"": 2.8, \""surveyed_m\"": 9.1}"", ""{\""id\"": \""bldg_1d77b212-1460-40a7-a076-a8323f2467ef\"", \""osm_m\"": 34.4, \""surveyed_m\"": 28.1}"", ""{\""id\"": \""bldg_1d8327ed-f3c3-4aaf-8814-75e366740e4f\"", \""osm_m\"": 30.0, \""surveyed_m\"": 43.9}"", ""{\""id\"": \""bldg_1d8d5a31-3c92-4157-82e0-a35b476410a4\"", \""osm_m\"": 11.2, \""surveyed_m\"": 6.4}"", ""{\""id\"": \""bldg_1db3c060-a948-45dd-bb98-21907468df5c\"", \""osm_m\"": 12.3, \""surveyed_m\"": 8.9}"", ""{\""id\"": \""bldg_1db9c375-4ff6-4e3a-8c05-3a5c37e4580d\"", \""osm_m\"": 179.95, \""surveyed_m\"": 171.3}"", ""{\""id\"": \""bldg_1dcd5fb6-d2cb-416f-b627-b8628ed5b544\"", \""osm_m\"": 20.0, \""surveyed_m\"": 32.1}"", ""{\""id\"": \""bldg_1dd88b75-8e53-4afd-b5c8-90b1849907b0\"", \""osm_m\"": 163.4, \""surveyed_m\"": 154.9}"", ""{\""id\"": \""bldg_1df56306-0115-4d05-9ef0-2dfb94913c03\"", \""osm_m\"": 42.0, \""surveyed_m\"": 25.6}"", ""{\""id\"": \""bldg_1e01fb0f-1a79-4a39-a580-812ee53daaf7\"", \""osm_m\"": 6.5, \""surveyed_m\"": 9.6}"", ""{\""id\"": \""bldg_1e03d448-3dc1-4fcc-8ee3-24bb9f1f87c5\"", \""osm_m\"": 44.2, \""surveyed_m\"": 35.3}"", ""{\""id\"": \""bldg_1e2a0935-dd30-4363-a684-ff0d2a382a8b\"", \""osm_m\"": 3.6, \""surveyed_m\"": 7.1}"", ""{\""id\"": \""bldg_1e2d6f59-c778-4f0a-b169-45151f49d12c\"", \""osm_m\"": 45.0, \""surveyed_m\"": 70.0}"", ""{\""id\"": \""bldg_1e398cde-2995-40bb-8f59-2d8a3777f456\"", \""osm_m\"": 18.1, \""surveyed_m\"": 14.2}"", ""{\""id\"": \""bldg_1e4adc99-9d2f-49f4-92c5-7039a800264f\"", \""osm_m\"": 2.99, \""surveyed_m\"": 7.4}"", ""{\""id\"": \""bldg_1e51eb1d-29ad-4e8e-a7dd-3a3425191a6f\"", \""osm_m\"": 8.0, \""surveyed_m\"": 11.4}"", ""{\""id\"": \""bldg_1e53a388-0ad2-427b-b79e-e29f246295f0\"", \""osm_m\"": 18.8, \""surveyed_m\"": 13.2}"", ""{\""id\"": \""bldg_1e55a2cf-ca10-4bb8-9b15-27f0e56ad1aa\"", \""osm_m\"": 7.9, \""surveyed_m\"": 17.7}"", ""{\""id\"": \""bldg_1e9601aa-bfea-4bd3-afec-0404d3875362\"", \""osm_m\"": 20.3, \""surveyed_m\"": 11.3}"", ""{\""id\"": \""bldg_1eba4fee-f223-4b16-a1e4-f3637545466f\"", \""osm_m\"": 114.15, \""surveyed_m\"": 118.2}"", ""{\""id\"": \""bldg_1ebe0a2a-3c27-4ddb-9320-a0e279f36353\"", \""osm_m\"": 16.9, \""surveyed_m\"": 10.6}"", ""{\""id\"": \""bldg_1ed9a266-8ee7-4287-849c-6461edea4658\"", \""osm_m\"": 14.0, \""surveyed_m\"": 17.9}"", ""{\""id\"": \""bldg_1efbb77a-e51b-4309-a53a-4b4275e305a2\"", \""osm_m\"": 106.0, \""surveyed_m\"": 21.2}"", ""{\""id\"": \""bldg_1f1a0939-d13c-41fa-8cda-33f1e5b3f4d8\"", \""osm_m\"": 3.6, \""surveyed_m\"": 6.7}"", ""{\""id\"": \""bldg_1f2f1141-b876-4325-a7ca-9d5af90005f3\"", \""osm_m\"": 215.0, \""surveyed_m\"": 211.5}"", ""{\""id\"": \""bldg_1f4e1faf-25bf-4eef-9760-27418322cb9c\"", \""osm_m\"": 10.0, \""surveyed_m\"": 16.5}"", ""{\""id\"": \""bldg_1f84ef31-0422-4f07-a4e9-cc3901a51b07\"", \""osm_m\"": 8.3, \""surveyed_m\"": 12.0}"", ""{\""id\"": \""bldg_1fcee33e-3608-4265-97b1-120f64967d35\"", \""osm_m\"": 197.6, \""surveyed_m\"": 3.1}"", ""{\""id\"": \""bldg_1fd51416-c7db-447c-b467-f6832a83940a\"", \""osm_m\"": 8.0, \""surveyed_m\"": 13.9}"", ""{\""id\"": \""bldg_1fece282-a3ac-41b3-9bad-8bd33a724a04\"", \""osm_m\"": 70.05, \""surveyed_m\"": 61.3}"", ""{\""id\"": \""bldg_201cef9e-6b5d-4739-b3e1-8f9373901c94\"", \""osm_m\"": 3.04, \""surveyed_m\"": 6.2}"", ""{\""id\"": \""bldg_205f9210-f168-4bac-8a6f-c1a8d608719c\"", \""osm_m\"": 3.02, \""surveyed_m\"": 7.2}"", ""{\""id\"": \""bldg_20b75caf-f0f0-4159-af43-5584f96c5ab8\"", \""osm_m\"": 99.98, \""surveyed_m\"": 96.1}"", ""{\""id\"": \""bldg_20f1c940-937e-4b46-8f7d-be835e48009b\"", \""osm_m\"": 22.76, \""surveyed_m\"": 13.0}"", ""{\""id\"": \""bldg_20fdf64c-2529-438f-a8f5-6a432aefe1f8\"", \""osm_m\"": 0.0, \""surveyed_m\"": 42.5}"", ""{\""id\"": \""bldg_21212d35-d663-4fc5-a3f1-74b31266161b\"", \""osm_m\"": 48.0, \""surveyed_m\"": 63.5}"", ""{\""id\"": \""bldg_215c5b88-d2cb-4175-afee-403936139d59\"", \""osm_m\"": 6.3, \""surveyed_m\"": 10.1}"", ""{\""id\"": \""bldg_216722a4-04fa-4dc5-a78a-555aa4268909\"", \""osm_m\"": 101.35, \""surveyed_m\"": 108.4}"", ""{\""id\"": \""bldg_21aab194-9aa5-4b87-ae38-c4591b61bf5d\"", \""osm_m\"": 20.0, \""surveyed_m\"": 45.0}"", ""{\""id\"": \""bldg_21b39223-53ca-4842-b39f-bb5adbb873fe\"", \""osm_m\"": 27.0, \""surveyed_m\"": 30.3}"", ""{\""id\"": \""bldg_21b80b76-ed50-49d1-9bed-d3e708b619f7\"", \""osm_m\"": 59.33, \""surveyed_m\"": 39.9}"", ""{\""id\"": \""bldg_21bf7377-4d66-46da-9ed1-5732ead2dc7a\"", \""osm_m\"": 14.0, \""surveyed_m\"": 10.5}"", ""{\""id\"": \""bldg_220ed87f-9d4c-4781-8e8b-796f2ca52c31\"", \""osm_m\"": 40.8, \""surveyed_m\"": 30.7}"", ""{\""id\"": \""bldg_221f6560-adb9-4366-a8ec-ccbd43c22871\"", \""osm_m\"": 15.7, \""surveyed_m\"": 11.1}"", ""{\""id\"": \""bldg_2276b770-6d00-4f07-937c-914bddf3bdd8\"", \""osm_m\"": 3.7, \""surveyed_m\"": 7.3}"", ""{\""id\"": \""bldg_22a4894d-8dc4-4d7f-9eec-837a22d30847\"", \""osm_m\"": 130.0, \""surveyed_m\"": 26.9}"", ""{\""id\"": \""bldg_22bb7b29-d52b-4aa2-bb8f-66312db2932a\"", \""osm_m\"": 8.8, \""surveyed_m\"": 5.3}"", ""{\""id\"": \""bldg_23104806-2af0-4c55-844c-f35767feca01\"", \""osm_m\"": 128.07, \""surveyed_m\"": 124.6}"", ""{\""id\"": \""bldg_2334d4a6-f11a-4376-8575-454214a72827\"", \""osm_m\"": 2.0, \""surveyed_m\"": 13.5}"", ""{\""id\"": \""bldg_2335c2af-fae2-430a-a7f6-97ffa6156fa6\"", \""osm_m\"": 40.0, \""surveyed_m\"": 34.4}"", ""{\""id\"": \""bldg_234813cd-a9ed-4fec-8983-f555c6cf1d0d\"", \""osm_m\"": 45.0, \""surveyed_m\"": 48.2}"", ""{\""id\"": \""bldg_236adeb7-439c-4bbb-ae50-c55a6062c5a5\"", \""osm_m\"": 24.0, \""surveyed_m\"": 16.3}"", ""{\""id\"": \""bldg_23b3d171-cf1f-4dc6-8c52-a4d460042fe2\"", \""osm_m\"": 2.96, \""surveyed_m\"": 9.0}"", ""{\""id\"": \""bldg_23c38eb7-9ec3-42a2-ad1e-c9eab109f18b\"", \""osm_m\"": 15.0, \""surveyed_m\"": 19.0}"", ""{\""id\"": \""bldg_23c556ab-3676-4909-a46b-377f589b51c2\"", \""osm_m\"": 8.0, \""surveyed_m\"": 12.9}"", ""{\""id\"": \""bldg_23ea5ab6-24c2-430d-ae04-5476ea31dc13\"", \""osm_m\"": 14.0, \""surveyed_m\"": 17.2}"", ""{\""id\"": \""bldg_2402e626-5878-4b85-8fc6-1500663f731e\"", \""osm_m\"": 1.1, \""surveyed_m\"": 5.6}"", ""{\""id\"": \""bldg_24515612-bde8-4ae5-a1d0-37728b3871e6\"", \""osm_m\"": 3.04, \""surveyed_m\"": 10.4}"", ""{\""id\"": \""bldg_24516e25-2efb-45b5-bca4-879f9d913617\"", \""osm_m\"": 33.0, \""surveyed_m\"": 40.2}"", ""{\""id\"": \""bldg_249cf4fb-d084-42f5-b4e8-4e209afcd7f1\"", \""osm_m\"": 5.9, \""surveyed_m\"": 9.9}"", ""{\""id\"": \""bldg_24f833eb-d521-454c-8cd8-1526d3c7591b\"", \""osm_m\"": 23.0, \""surveyed_m\"": 30.4}"", ""{\""id\"": \""bldg_252f9a84-ab79-48da-9636-b2213b1c1a8b\"", \""osm_m\"": 7.2, \""surveyed_m\"": 3.4}"", ""{\""id\"": \""bldg_2535a00a-a75d-4bd6-a187-2060bef633dc\"", \""osm_m\"": 14.9, \""surveyed_m\"": 19.5}"", ""{\""id\"": \""bldg_253a3257-5c7d-4274-ae22-907d095e2998\"", \""osm_m\"": 25.0, \""surveyed_m\"": 38.4}"", ""{\""id\"": \""bldg_2541c8f8-063d-47a8-8df1-d0ef7ffefa2a\"", \""osm_m\"": 80.0, \""surveyed_m\"": 70.0}"", ""{\""id\"": \""bldg_259918ae-29a9-4b01-981e-c10a3d7080d4\"", \""osm_m\"": 10.8, \""surveyed_m\"": 5.6}"", ""{\""id\"": \""bldg_25bc8a3c-48a5-41cc-9bdd-e5a18b8d8577\"", \""osm_m\"": 10.5, \""surveyed_m\"": 5.8}"", ""{\""id\"": \""bldg_265696a7-151b-48a3-a047-364d5cf636d6\"", \""osm_m\"": 30.0, \""surveyed_m\"": 24.0}"", ""{\""id\"": \""bldg_266e49b3-4069-425a-84de-a9fdbbc8f79d\"", \""osm_m\"": 0.0, \""surveyed_m\"": 11.6}"", ""{\""id\"": \""bldg_26704b33-9b63-47be-9b34-02d439157739\"", \""osm_m\"": 8.8, \""surveyed_m\"": 5.7}"", ""{\""id\"": \""bldg_26f269dc-9560-4e36-afc4-8a9a011ee7c0\"", \""osm_m\"": 1.1, \""surveyed_m\"": 6.8}"", ""{\""id\"": \""bldg_27b82945-8050-47fe-85c5-738f7eda07b4\"", \""osm_m\"": 8.7, \""surveyed_m\"": 3.4}"", ""{\""id\"": \""bldg_27dfdec9-0239-4919-97f5-5a12bd9bc807\"", \""osm_m\"": 62.08, \""surveyed_m\"": 35.2}"", ""{\""id\"": \""bldg_28015f52-9e8f-43fa-84e3-11b279bcdf01\"", \""osm_m\"": 10.9, \""surveyed_m\"": 6.7}"", ""{\""id\"": \""bldg_28027632-a570-497e-841d-d894da9ca43e\"", \""osm_m\"": 28.4, \""surveyed_m\"": 15.2}"", ""{\""id\"": \""bldg_28349c1f-842e-481e-be63-819660f9a129\"", \""osm_m\"": 106.0, \""surveyed_m\"": 111.4}"", ""{\""id\"": \""bldg_2837fbe2-596a-4719-9a71-95220225da3d\"", \""osm_m\"": 194.53, \""surveyed_m\"": 198.1}"", ""{\""id\"": \""bldg_28505f99-229f-407d-8c5d-c78687a03f6c\"", \""osm_m\"": 9.4, \""surveyed_m\"": 13.3}"", ""{\""id\"": \""bldg_28a4d4dc-a70a-4dcc-b9c8-4d02cb000780\"", \""osm_m\"": 3.0, \""surveyed_m\"": 8.5}"", ""{\""id\"": \""bldg_29750404-f243-4f60-82b1-76efad34c328\"", \""osm_m\"": 18.0, \""surveyed_m\"": 22.6}"", ""{\""id\"": \""bldg_298cc7cc-eeb4-452f-a6fb-31997f275378\"", \""osm_m\"": 3.05, \""surveyed_m\"": 23.2}"", ""{\""id\"": \""bldg_29ca007f-3bd3-47e3-b095-01327f59a843\"", \""osm_m\"": 122.0, \""surveyed_m\"": 184.4}"", ""{\""id\"": \""bldg_29e15852-84b2-429f-b5ce-e0330ee75ed0\"", \""osm_m\"": 2.1, \""surveyed_m\"": 6.9}"", ""{\""id\"": \""bldg_2a2805b0-d8e0-40aa-90f9-6d3be7f788bf\"", \""osm_m\"": 6.4, \""surveyed_m\"": 2.4}"", ""{\""id\"": \""bldg_2a4ffd2b-c4a5-4291-b39d-5c875093e69d\"", \""osm_m\"": 4.5, \""surveyed_m\"": 30.1}"", ""{\""id\"": \""bldg_2a6a78f0-b55b-42b6-afff-a39e00b74f35\"", \""osm_m\"": 30.0, \""surveyed_m\"": 37.1}"", ""{\""id\"": \""bldg_2a798a12-912e-44cb-927a-ca64b5dbd6b0\"", \""osm_m\"": 30.8, \""surveyed_m\"": 27.5}"", ""{\""id\"": \""bldg_2aa9001d-1df3-4335-bf7a-e26579638aed\"", \""osm_m\"": 17.7, \""surveyed_m\"": 11.7}"", ""{\""id\"": \""bldg_2ac0408e-cda4-48c6-b8be-5c079995db36\"", \""osm_m\"": 50.0, \""surveyed_m\"": 64.0}"", ""{\""id\"": \""bldg_2ac37dfb-f577-45cb-a3c8-8ba328550877\"", \""osm_m\"": 9.1, \""surveyed_m\"": 6.0}"", ""{\""id\"": \""bldg_2ad33426-74f6-4198-87c0-8d008ba9a72d\"", \""osm_m\"": 64.31, \""surveyed_m\"": 59.3}"", ""{\""id\"": \""bldg_2af1895c-2bd9-404a-8426-eae7ddeb926a\"", \""osm_m\"": 19.8, \""surveyed_m\"": 16.0}"", ""{\""id\"": \""bldg_2b3b7b50-b797-4bee-ab31-75fbc1e7fb68\"", \""osm_m\"": 70.0, \""surveyed_m\"": 26.4}"", ""{\""id\"": \""bldg_2b848ec2-1f45-4f06-a945-fd6ab045edcb\"", \""osm_m\"": 3.04, \""surveyed_m\"": 8.0}"", ""{\""id\"": \""bldg_2b95bcb0-f37b-46b4-8523-ae7b33bcdc14\"", \""osm_m\"": 94.0, \""surveyed_m\"": 16.65}"", ""{\""id\"": \""bldg_2ba068a7-0325-4ab8-8d9f-1e2b5b88ae65\"", \""osm_m\"": 138.0, \""surveyed_m\"": 134.2}"", ""{\""id\"": \""bldg_2bc45b9e-778d-43ac-b797-5693ce0ee8e0\"", \""osm_m\"": 30.0, \""surveyed_m\"": 43.5}"", ""{\""id\"": \""bldg_2be8049f-a898-4646-a88e-d70f87e2ff33\"", \""osm_m\"": 14.0, \""surveyed_m\"": 23.6}"", ""{\""id\"": \""bldg_2bea523f-b914-4c88-ae05-3a17bd34c896\"", \""osm_m\"": 30.0, \""surveyed_m\"": 14.3}"", ""{\""id\"": \""bldg_2c1ae4ab-6749-42e7-ae7c-c262c307cfc9\"", \""osm_m\"": 55.0, \""surveyed_m\"": 68.0}"", ""{\""id\"": \""bldg_2c3a87b5-8429-4b27-ac5c-7cd609604c70\"", \""osm_m\"": 133.0, \""surveyed_m\"": 116.3}"", ""{\""id\"": \""bldg_2c714352-e9e6-4abd-ad86-a8c8e3e526ba\"", \""osm_m\"": 177.51, \""surveyed_m\"": 182.7}"", ""{\""id\"": \""bldg_2cec8936-0f8e-499d-bc7f-9046bdb0928c\"", \""osm_m\"": 11.8, \""surveyed_m\"": 6.0}"", ""{\""id\"": \""bldg_2cfcd697-21b1-4889-9b03-b14651adb1aa\"", \""osm_m\"": 13.0, \""surveyed_m\"": 16.9}"", ""{\""id\"": \""bldg_2d37703a-685b-4ab9-a695-1c60e7c32fa1\"", \""osm_m\"": 7.2, \""surveyed_m\"": 12.0}"", ""{\""id\"": \""bldg_2d3ed98a-0641-400e-9495-3efb494db4a0\"", \""osm_m\"": 25.0, \""surveyed_m\"": 45.11}"", ""{\""id\"": \""bldg_2d6cb3ee-fa3c-4ec9-98dc-319bf0dd2160\"", \""osm_m\"": 7.5, \""surveyed_m\"": 1.2}"", ""{\""id\"": \""bldg_2d833b16-c655-48e1-b162-4b76c6f0537f\"", \""osm_m\"": 9.8, \""surveyed_m\"": 5.2}"", ""{\""id\"": \""bldg_2dba9c62-1b3a-42e5-95a0-5c4909d51e8c\"", \""osm_m\"": 30.0, \""surveyed_m\"": 50.2}"", ""{\""id\"": \""bldg_2ddfc59e-e083-4ea2-8d09-ff95b6de4464\"", \""osm_m\"": 139.0, \""surveyed_m\"": 148.7}"", ""{\""id\"": \""bldg_2ded307b-6d64-4930-8388-4fb032d3556a\"", \""osm_m\"": 45.0, \""surveyed_m\"": 53.0}"", ""{\""id\"": \""bldg_2e0210b5-0ea5-49fe-8790-9cb6f841991d\"", \""osm_m\"": 60.0, \""surveyed_m\"": 88.0}"", ""{\""id\"": \""bldg_2e021b69-a7e6-4002-87b3-ae7d67b5add2\"", \""osm_m\"": 35.3, \""surveyed_m\"": 30.0}"", ""{\""id\"": \""bldg_2e127eaa-3bfd-43f6-b950-21714f04fb32\"", \""osm_m\"": 2.95, \""surveyed_m\"": 7.3}"", ""{\""id\"": \""bldg_2e33562e-5cb9-46eb-92e6-f4a086fa4a46\"", \""osm_m\"": 17.2, \""surveyed_m\"": 11.7}"", ""{\""id\"": \""bldg_2e4b4409-7e39-4fe1-ac30-1b84074d5c91\"", \""osm_m\"": 30.0, \""surveyed_m\"": 42.6}"", ""{\""id\"": \""bldg_2e563d88-1588-47e8-80ab-984e87e4c666\"", \""osm_m\"": 23.5, \""surveyed_m\"": 12.4}"", ""{\""id\"": \""bldg_2e61f0ad-0b2c-4f6c-98b3-e4277d8431f9\"", \""osm_m\"": 21.3, \""surveyed_m\"": 17.0}"", ""{\""id\"": \""bldg_2eadb96b-1781-4e04-82f4-a291616e5d87\"", \""osm_m\"": 13.8, \""surveyed_m\"": 7.1}"", ""{\""id\"": \""bldg_2f0dc7ab-3a82-4bb2-9751-c629555b0af1\"", \""osm_m\"": 109.0, \""surveyed_m\"": 101.5}"", ""{\""id\"": \""bldg_2f681ad5-f51b-4023-bf9b-6b833f7e5a88\"", \""osm_m\"": 29.0, \""surveyed_m\"": 36.5}"", ""{\""id\"": \""bldg_2fad48a9-46b5-4243-b4f8-6974cbf064db\"", \""osm_m\"": 3.01, \""surveyed_m\"": 6.7}"", ""{\""id\"": \""bldg_2fe44646-25f1-4594-b962-02a3ff37cc50\"", \""osm_m\"": 8.0, \""surveyed_m\"": 12.3}"", ""{\""id\"": \""bldg_2fed090a-787a-40af-853a-cf6218504c5b\"", \""osm_m\"": 12.2, \""surveyed_m\"": 4.8}"", ""{\""id\"": \""bldg_2fed673a-787a-40af-853a-cf6218504c5b\"", \""osm_m\"": 12.2, \""surveyed_m\"": 6.0}"", ""{\""id\"": \""bldg_3004fd76-04a6-43f8-94b9-49b0b6bc3148\"", \""osm_m\"": 49.6, \""surveyed_m\"": 39.3}"", ""{\""id\"": \""bldg_30188f45-4936-467f-80ae-255c592ec4ef\"", \""osm_m\"": 59.31, \""surveyed_m\"": 53.8}"", ""{\""id\"": \""bldg_305291e6-4cf6-488c-afc3-5729cd65370a\"", \""osm_m\"": 153.0, \""surveyed_m\"": 139.2}"", ""{\""id\"": \""bldg_30dd378d-8949-4a97-8044-e9f6b937c7a5\"", \""osm_m\"": 6.7, \""surveyed_m\"": 9.9}"", ""{\""id\"": \""bldg_30e3e627-384a-46d3-b18d-ed7f97476d69\"", \""osm_m\"": 11.0, \""surveyed_m\"": 18.17}"", ""{\""id\"": \""bldg_30f60e8a-5202-437d-9ea1-6f1f88e404ce\"", \""osm_m\"": 1.1, \""surveyed_m\"": 5.6}"", ""{\""id\"": \""bldg_31389b31-340a-4182-add0-8a290fe21311\"", \""osm_m\"": 19.2, \""surveyed_m\"": 12.8}"", ""{\""id\"": \""bldg_313dce64-ea8c-4fb9-9005-a67173ed899b\"", \""osm_m\"": 2.99, \""surveyed_m\"": 6.8}"", ""{\""id\"": \""bldg_3143ffab-dc8c-472e-8d8a-dff0bb701506\"", \""osm_m\"": 6.0, \""surveyed_m\"": 12.1}"", ""{\""id\"": \""bldg_314718c5-5557-4c4d-a187-cdf90ac2169a\"", \""osm_m\"": 2.98, \""surveyed_m\"": 6.5}"", ""{\""id\"": \""bldg_314be3ac-d820-4281-aa1d-36494ad1bb75\"", \""osm_m\"": 52.7, \""surveyed_m\"": 37.8}"", ""{\""id\"": \""bldg_314f1453-9028-4fae-b24f-96b497a5979f\"", \""osm_m\"": 70.0, \""surveyed_m\"": 73.6}"", ""{\""id\"": \""bldg_315bfd62-7c8c-4168-bd08-a2be7d2f1dea\"", \""osm_m\"": 13.1, \""surveyed_m\"": 28.9}"", ""{\""id\"": \""bldg_317456ef-eb0f-4063-9ee2-7d7d6f82095a\"", \""osm_m\"": 16.8, \""surveyed_m\"": 10.9}"", ""{\""id\"": \""bldg_317d5404-d4da-4d06-ba98-e8a4ad70c49f\"", \""osm_m\"": 35.0, \""surveyed_m\"": 25.0}"", ""{\""id\"": \""bldg_318e9687-43ec-4131-acee-8a3070e40fb5\"", \""osm_m\"": 176.66, \""surveyed_m\"": 172.9}"", ""{\""id\"": \""bldg_319acca1-46c3-469b-8597-8089f1f8986a\"", \""osm_m\"": 80.0, \""surveyed_m\"": 92.9}"", ""{\""id\"": \""bldg_31b1a047-4fa1-48e3-ba7b-999c7a83d09c\"", \""osm_m\"": 9.5, \""surveyed_m\"": 3.6}"", ""{\""id\"": \""bldg_31cff2ec-0f4a-4a9a-b169-e9e4cd0a9b23\"", \""osm_m\"": 20.0, \""surveyed_m\"": 28.8}"", ""{\""id\"": \""bldg_31f25030-9b5e-4e9f-ad96-2c395bfcfac9\"", \""osm_m\"": 77.7, \""surveyed_m\"": 71.7}"", ""{\""id\"": \""bldg_320c8456-0d88-4201-9c7d-786f07be9e83\"", \""osm_m\"": 24.3, \""surveyed_m\"": 19.5}"", ""{\""id\"": \""bldg_3228a194-5690-40e2-964e-b2928391c59e\"", \""osm_m\"": 37.9, \""surveyed_m\"": 29.1}"", ""{\""id\"": \""bldg_3236b867-42ab-4816-a248-48e53b73bc80\"", \""osm_m\"": 13.7, \""surveyed_m\"": 8.9}"", ""{\""id\"": \""bldg_3246f2cf-6668-403e-9c1a-57eeb47101a9\"", \""osm_m\"": 3.04, \""surveyed_m\"": 6.1}"", ""{\""id\"": \""bldg_3255b3a1-9cfd-4c80-9e12-eaf5e496ae81\"", \""osm_m\"": 146.0, \""surveyed_m\"": 35.97}"", ""{\""id\"": \""bldg_3276b127-5c23-4a7e-8c37-3d439cbd6e14\"", \""osm_m\"": 32.0, \""surveyed_m\"": 13.7}"", ""{\""id\"": \""bldg_32da9f54-8dc9-41b6-b8b0-85f4538f244e\"", \""osm_m\"": 11.0, \""surveyed_m\"": 16.8}"", ""{\""id\"": \""bldg_32daa93c-7d09-41d0-96b1-0a16de45b9f7\"", \""osm_m\"": 52.0, \""surveyed_m\"": 57.6}"", ""{\""id\"": \""bldg_333e94ec-c11d-425c-acca-356be8d4b42d\"", \""osm_m\"": 15.2, \""surveyed_m\"": 12.1}"", ""{\""id\"": \""bldg_333ee0a7-9ce8-41a0-a031-76ff6f95e805\"", \""osm_m\"": 36.0, \""surveyed_m\"": 31.2}"", ""{\""id\"": \""bldg_335ab015-9247-498a-863e-7d6d3605bef2\"", \""osm_m\"": 14.4, \""surveyed_m\"": 8.1}"", ""{\""id\"": \""bldg_335c45dc-4044-4701-b09b-29cee29713ea\"", \""osm_m\"": 35.0, \""surveyed_m\"": 39.4}"", ""{\""id\"": \""bldg_337e5c47-0b6d-4a38-9192-78d2508f9abf\"", \""osm_m\"": 52.6, \""surveyed_m\"": 25.2}"", ""{\""id\"": \""bldg_34407c5d-ea5f-4f9c-97a2-208e37ca1711\"", \""osm_m\"": 8.0, \""surveyed_m\"": 13.6}"", ""{\""id\"": \""bldg_34a4566c-7900-4729-bf4c-5c3201ea1ed7\"", \""osm_m\"": 74.335, \""surveyed_m\"": 69.2}"", ""{\""id\"": \""bldg_34d9606f-4f82-4a7f-85ac-1cb561f44775\"", \""osm_m\"": 17.0, \""surveyed_m\"": 90.3}"", ""{\""id\"": \""bldg_35111177-8da5-4f29-ba8d-b6e4702a0d2a\"", \""osm_m\"": 72.0, \""surveyed_m\"": 109.0}"", ""{\""id\"": \""bldg_353b3dff-4c24-4f71-a131-a322466349df\"", \""osm_m\"": 2.97, \""surveyed_m\"": 8.3}"", ""{\""id\"": \""bldg_358d486c-556e-49a3-a497-736e5205024e\"", \""osm_m\"": 2.99, \""surveyed_m\"": 6.0}"", ""{\""id\"": \""bldg_35fb0873-c6d7-41d3-a73f-adb498e943e3\"", \""osm_m\"": 82.17, \""surveyed_m\"": 89.0}"", ""{\""id\"": \""bldg_361a126d-4734-45a0-8018-4e7f325366ed\"", \""osm_m\"": 15.0, \""surveyed_m\"": 19.2}"", ""{\""id\"": \""bldg_362ecf62-7c73-4707-9d84-2e11a81a71f0\"", \""osm_m\"": 139.9, \""surveyed_m\"": 134.1}"", ""{\""id\"": \""bldg_36698f73-a92d-4a59-b239-7eae4b341711\"", \""osm_m\"": 3.01, \""surveyed_m\"": 6.1}"", ""{\""id\"": \""bldg_366fcc81-95f9-43a8-aa35-cb320d3aa6eb\"", \""osm_m\"": 8.6, \""surveyed_m\"": 13.1}"", ""{\""id\"": \""bldg_3672789b-7535-4a14-ba7b-49ffefa39b98\"", \""osm_m\"": 45.0, \""surveyed_m\"": 36.5}"", ""{\""id\"": \""bldg_368c087f-5ce0-4cab-b432-42c599a4bcd1\"", \""osm_m\"": 8.1, \""surveyed_m\"": 3.3}"", ""{\""id\"": \""bldg_3698dce1-7318-47eb-b569-9bb636615f6f\"", \""osm_m\"": 10.0, \""surveyed_m\"": 14.6}"", ""{\""id\"": \""bldg_36b46205-0672-4352-b72b-d55200b13c5f\"", \""osm_m\"": 15.0, \""surveyed_m\"": 18.2}"", ""{\""id\"": \""bldg_36efc500-ba50-4364-9d6c-79bbf8aa142c\"", \""osm_m\"": 6.0, \""surveyed_m\"": 22.8}"", ""{\""id\"": \""bldg_3745e2ba-a969-44b7-99e2-1aa3f25c53dd\"", \""osm_m\"": 14.5, \""surveyed_m\"": 35.5}"", ""{\""id\"": \""bldg_3752c848-4e47-4c57-8784-d7bf75a882d7\"", \""osm_m\"": 17.57, \""surveyed_m\"": 25.3}"", ""{\""id\"": \""bldg_3777f298-fe9c-4e45-821e-fb045bbf676d\"", \""osm_m\"": 7.1, \""surveyed_m\"": 10.2}"", ""{\""id\"": \""bldg_379fba88-49d0-43b1-b5c6-3014bc2ac3ab\"", \""osm_m\"": 8.0, \""surveyed_m\"": 12.4}"", ""{\""id\"": \""bldg_37b2a559-7d3c-4097-8545-7da5faa59aa3\"", \""osm_m\"": 14.0, \""surveyed_m\"": 17.7}"", ""{\""id\"": \""bldg_38070b0d-8f08-4e78-a383-3485a70ff2ba\"", \""osm_m\"": 28.3, \""surveyed_m\"": 24.7}"", ""{\""id\"": \""bldg_38188131-ab22-4702-aa9b-f6b1d387945c\"", \""osm_m\"": 20.0, \""surveyed_m\"": 13.2}"", ""{\""id\"": \""bldg_38269fb8-e94c-4057-85d3-4c26490a2938\"", \""osm_m\"": 22.0, \""surveyed_m\"": 30.4}"", ""{\""id\"": \""bldg_38420d70-ba5a-46f1-9669-d71c7bc42a8e\"", \""osm_m\"": 2.96, \""surveyed_m\"": 7.2}"", ""{\""id\"": \""bldg_384dea2d-6b2d-4b5a-a33e-94e54851a987\"", \""osm_m\"": 6.6, \""surveyed_m\"": 9.9}"", ""{\""id\"": \""bldg_38bd9d01-07c8-4cf8-ab43-4c38a7c33e55\"", \""osm_m\"": 14.5, \""surveyed_m\"": 11.4}"", ""{\""id\"": \""bldg_38f2f0b8-f075-42ea-81ae-7224462679e3\"", \""osm_m\"": 73.0, \""surveyed_m\"": 63.5}"", ""{\""id\"": \""bldg_3972d299-75ab-482e-939a-5f97930634ff\"", \""osm_m\"": 16.0, \""surveyed_m\"": 8.9}"", ""{\""id\"": \""bldg_3982c9df-0d17-41da-8409-ac92ba6c1937\"", \""osm_m\"": 39.0, \""surveyed_m\"": 5.0}"", ""{\""id\"": \""bldg_39a0b546-b73c-4583-9aeb-7e39d34531e9\"", \""osm_m\"": 35.0, \""surveyed_m\"": 31.5}"", ""{\""id\"": \""bldg_39ad58b7-e9e3-4622-be35-c18ee0ff94fe\"", \""osm_m\"": 76.0, \""surveyed_m\"": 68.2}"", ""{\""id\"": \""bldg_39b4fc5e-e8ed-4d6d-bec7-ae3d3bf4da2d\"", \""osm_m\"": 30.0, \""surveyed_m\"": 36.1}"", ""{\""id\"": \""bldg_39bf3e6b-1398-4fed-a035-f588728a6b3e\"", \""osm_m\"": 14.1, \""surveyed_m\"": 9.2}"", ""{\""id\"": \""bldg_39ee930a-c59d-4d0a-ac4b-f364bfed0bcd\"", \""osm_m\"": 15.0, \""surveyed_m\"": 22.1}"", ""{\""id\"": \""bldg_39f9133a-66f9-4a5b-b9a1-e8237c7f9db0\"", \""osm_m\"": 3.6, \""surveyed_m\"": 8.9}"", ""{\""id\"": \""bldg_3aa9c649-d1c7-44eb-8e32-c5ef809e4a2e\"", \""osm_m\"": 14.7, \""surveyed_m\"": 32.5}"", ""{\""id\"": \""bldg_3ac3f8d7-7cc1-4848-ba52-0a09c5441bd7\"", \""osm_m\"": 33.3, \""surveyed_m\"": 26.5}"", ""{\""id\"": \""bldg_3ac59ce2-7714-4763-8eb9-fcf69ef8dcab\"", \""osm_m\"": 70.0, \""surveyed_m\"": 111.3}"", ""{\""id\"": \""bldg_3acbe1b3-85aa-4ea2-b44c-7d77e93fe16c\"", \""osm_m\"": 88.5, \""surveyed_m\"": 82.3}"", ""{\""id\"": \""bldg_3ad67eb4-80bf-4a47-ba9d-74c29a72b2c1\"", \""osm_m\"": 25.0, \""surveyed_m\"": 31.6}"", ""{\""id\"": \""bldg_3ad6aaeb-26f8-4716-a8ec-cb2504b94674\"", \""osm_m\"": 103.96, \""surveyed_m\"": 90.1}"", ""{\""id\"": \""bldg_3ae21a95-bd09-4922-9a1e-71dee359c12f\"", \""osm_m\"": 14.8, \""surveyed_m\"": 7.6}"", ""{\""id\"": \""bldg_3b646cf7-6d28-49a7-b2f7-7026d0ab9135\"", \""osm_m\"": 52.0, \""surveyed_m\"": 41.7}"", ""{\""id\"": \""bldg_3b79ea3c-daf4-422a-beb5-20f6b4269d48\"", \""osm_m\"": 31.0, \""surveyed_m\"": 3.9}"", ""{\""id\"": \""bldg_3b8a288f-7a47-4d98-aea5-f8c089554ff4\"", \""osm_m\"": 127.66, \""surveyed_m\"": 121.7}"", ""{\""id\"": \""bldg_3bee0645-1083-40ac-a1a6-290a917e9155\"", \""osm_m\"": 12.4, \""surveyed_m\"": 7.6}"", ""{\""id\"": \""bldg_3c00f9f1-e5cb-4dcb-98c6-3cc981fdb9fa\"", \""osm_m\"": 27.0, \""surveyed_m\"": 32.7}"", ""{\""id\"": \""bldg_3c3067ae-6484-4efe-8b78-32c4285c4363\"", \""osm_m\"": 2.96, \""surveyed_m\"": 7.4}"", ""{\""id\"": \""bldg_3c699846-f9a2-4bfc-8c6c-17b9b9a4286a\"", \""osm_m\"": 8.5, \""surveyed_m\"": 11.7}"", ""{\""id\"": \""bldg_3c88a376-2c92-4473-bdd2-ce65765cd729\"", \""osm_m\"": 93.65, \""surveyed_m\"": 98.3}"", ""{\""id\"": \""bldg_3cb393a3-8b71-456b-bb06-17ac22e96612\"", \""osm_m\"": 2.98, \""surveyed_m\"": 13.3}"", ""{\""id\"": \""bldg_3ce1de06-e8aa-4629-97d0-48692cb095e5\"", \""osm_m\"": 60.0, \""surveyed_m\"": 70.1}"", ""{\""id\"": \""bldg_3d16e894-905f-49b6-a84a-73688e127422\"", \""osm_m\"": 60.0, \""surveyed_m\"": 46.1}"", ""{\""id\"": \""bldg_3d2af0bb-453f-4566-af5f-65611c1c0135\"", \""osm_m\"": 2.99, \""surveyed_m\"": 9.5}"", ""{\""id\"": \""bldg_3d2cc11b-4002-4c81-9c8b-dad318d92b6c\"", \""osm_m\"": 0.0, \""surveyed_m\"": 10.1}"", ""{\""id\"": \""bldg_3da051cb-c202-462f-bc4e-2085f3c04586\"", \""osm_m\"": 1.1, \""surveyed_m\"": 6.5}"", ""{\""id\"": \""bldg_3da17e66-4c7d-445a-b71c-222d6c4ebb32\"", \""osm_m\"": 59.33, \""surveyed_m\"": 55.0}"", ""{\""id\"": \""bldg_3dac6d62-acfb-4aa1-9e52-62c99fc7f35c\"", \""osm_m\"": 94.6, \""surveyed_m\"": 91.2}"", ""{\""id\"": \""bldg_3de1c13a-8bfe-4844-be2f-d00447e4431e\"", \""osm_m\"": 12.9, \""surveyed_m\"": 9.2}"", ""{\""id\"": \""bldg_3e499948-714c-4b5a-9802-7734965e670e\"", \""osm_m\"": 10.5, \""surveyed_m\"": 5.1}"", ""{\""id\"": \""bldg_3e91a31b-dd1a-4489-999a-e9e8d55f072f\"", \""osm_m\"": 38.2, \""surveyed_m\"": 30.0}"", ""{\""id\"": \""bldg_3e95335c-1ceb-4479-8de1-9a613d8a8cd0\"", \""osm_m\"": 6.6, \""surveyed_m\"": 13.1}"", ""{\""id\"": \""bldg_3ed76dc9-a6d5-4de9-973e-2e6738a7eb83\"", \""osm_m\"": 17.1, \""surveyed_m\"": 1.1}"", ""{\""id\"": \""bldg_3ed88f4f-503b-46a4-9392-a31d01af5992\"", \""osm_m\"": 103.0, \""surveyed_m\"": 96.8}"", ""{\""id\"": \""bldg_3efe810d-abab-4aef-b4e1-232673cfa6cc\"", \""osm_m\"": 24.0, \""surveyed_m\"": 17.5}"", ""{\""id\"": \""bldg_3f03ca80-db35-49a5-8806-58b6059b0135\"", \""osm_m\"": 118.97, \""surveyed_m\"": 114.3}"", ""{\""id\"": \""bldg_3f2774bf-91e6-4bfe-9efe-7a4ea1694066\"", \""osm_m\"": 8.0, \""surveyed_m\"": 24.3}"", ""{\""id\"": \""bldg_3f5bbbfd-27ac-45ca-8ac5-65f33a7a4b2b\"", \""osm_m\"": 140.0, \""surveyed_m\"": 135.2}"", ""{\""id\"": \""bldg_3fdb2af9-f460-4382-8fbf-f5cbbbddea2c\"", \""osm_m\"": 28.3, \""surveyed_m\"": 24.7}"", ""{\""id\"": \""bldg_3fdcafd5-769c-4107-b39a-f7e3ea7aeba4\"", \""osm_m\"": 40.0, \""surveyed_m\"": 27.9}"", ""{\""id\"": \""bldg_3ff0171b-b942-4a61-96f5-7bad3eef2fec\"", \""osm_m\"": 12.4, \""surveyed_m\"": 7.0}"", ""{\""id\"": \""bldg_40284706-2bdf-45bc-8866-a477b914c9f9\"", \""osm_m\"": 14.0, \""surveyed_m\"": 17.3}"", ""{\""id\"": \""bldg_403d741d-2b4d-48fd-bd92-bf4349b0a2af\"", \""osm_m\"": 70.0, \""surveyed_m\"": 4.8}"", ""{\""id\"": \""bldg_40c52dab-8118-4bec-aedc-3eaf5dd457b5\"", \""osm_m\"": 82.0, \""surveyed_m\"": 74.0}"", ""{\""id\"": \""bldg_40c858e0-1b52-460b-87e7-30595af73a6b\"", \""osm_m\"": 35.0, \""surveyed_m\"": 41.2}"", ""{\""id\"": \""bldg_41181ba0-2a07-4f05-ba26-0d92f60b9b9a\"", \""osm_m\"": 80.95, \""surveyed_m\"": 75.5}"", ""{\""id\"": \""bldg_415dfa73-76ab-4730-b9be-e76dc79c93e1\"", \""osm_m\"": 3.03, \""surveyed_m\"": 7.4}"", ""{\""id\"": \""bldg_417c522a-6a03-4485-97ef-d61d77aaf0aa\"", \""osm_m\"": 24.5, \""surveyed_m\"": 9.3}"", ""{\""id\"": \""bldg_41c32977-30fc-460a-a872-733cba725af0\"", \""osm_m\"": 20.0, \""surveyed_m\"": 24.8}"", ""{\""id\"": \""bldg_41d5ce39-64dc-4193-b393-fc775542bc48\"", \""osm_m\"": 8.9, \""surveyed_m\"": 19.4}"", ""{\""id\"": \""bldg_422f365c-74e8-4542-9464-488b9d811c6e\"", \""osm_m\"": 43.6, \""surveyed_m\"": 17.9}"", ""{\""id\"": \""bldg_4236cc4a-7711-4f75-9d80-ddbf9a7e891f\"", \""osm_m\"": 38.8, \""surveyed_m\"": 30.4}"", ""{\""id\"": \""bldg_423d94f3-664e-42e4-9914-f367253533ce\"", \""osm_m\"": 13.3, \""surveyed_m\"": 9.1}"", ""{\""id\"": \""bldg_4268ab21-45e6-4697-805b-b596613e22b2\"", \""osm_m\"": 6.6, \""surveyed_m\"": 10.0}"", ""{\""id\"": \""bldg_429d9d5a-9b31-4d9b-8fd6-fd8f4f59669d\"", \""osm_m\"": 6.3, \""surveyed_m\"": 10.2}"", ""{\""id\"": \""bldg_42c7dc0c-67ec-4383-bdaf-5b2479e6ab2f\"", \""osm_m\"": 40.0, \""surveyed_m\"": 48.1}"", ""{\""id\"": \""bldg_42e67d53-9cd9-4fe0-9fbf-e9c27f0bebce\"", \""osm_m\"": 90.6, \""surveyed_m\"": 78.1}"", ""{\""id\"": \""bldg_42e6f735-1e3c-4ec8-b9e0-c33428d33262\"", \""osm_m\"": 1.1, \""surveyed_m\"": 5.5}"", ""{\""id\"": \""bldg_43300f1b-4180-4c86-a9f3-f93de4055bd4\"", \""osm_m\"": 3.03, \""surveyed_m\"": 7.1}"", ""{\""id\"": \""bldg_433bc5b3-db73-4644-ac24-a28d51b7ecd5\"", \""osm_m\"": 325.2, \""surveyed_m\"": 312.1}"", ""{\""id\"": \""bldg_4354d19c-ecfd-4c86-9c2b-df155256dfe5\"", \""osm_m\"": 8.6, \""surveyed_m\"": 12.8}"", ""{\""id\"": \""bldg_436f2ea0-1530-48ab-b8af-31a2b3beccc4\"", \""osm_m\"": 7.6, \""surveyed_m\"": 3.1}"", ""{\""id\"": \""bldg_43715bd3-c1f1-4469-9a5f-49c13f75d10d\"", \""osm_m\"": 3.05, \""surveyed_m\"": 14.4}"", ""{\""id\"": \""bldg_43887c84-7d12-4bfc-9b8f-68b37183e3ec\"", \""osm_m\"": 44.3, \""surveyed_m\"": 33.1}"", ""{\""id\"": \""bldg_43d349bf-f7ae-4dc3-ba6e-6754f2d490d6\"", \""osm_m\"": 17.0, \""surveyed_m\"": 21.2}"", ""{\""id\"": \""bldg_43fa170b-844a-441b-90ac-3320c70a61a0\"", \""osm_m\"": 6.9, \""surveyed_m\"": 12.5}"", ""{\""id\"": \""bldg_44254793-62cd-4822-8d01-837f0ff98c9f\"", \""osm_m\"": 25.0, \""surveyed_m\"": 32.7}"", ""{\""id\"": \""bldg_44316f34-6b3f-4eab-8bb9-cf2560a24bad\"", \""osm_m\"": 15.6, \""surveyed_m\"": 11.5}"", ""{\""id\"": \""bldg_4434d959-8c96-4d6c-b7bd-9d5b9fb164ad\"", \""osm_m\"": 62.35, \""surveyed_m\"": 58.1}"", ""{\""id\"": \""bldg_4437dbf7-df89-49aa-bdd7-cc7e231a0cf8\"", \""osm_m\"": 53.7, \""surveyed_m\"": 40.6}"", ""{\""id\"": \""bldg_443a6aaf-165e-4c98-b226-35c0cb410428\"", \""osm_m\"": 103.0, \""surveyed_m\"": 106.8}"", ""{\""id\"": \""bldg_443b3df9-239c-42d2-86d6-6ccd0d707c8b\"", \""osm_m\"": 130.0, \""surveyed_m\"": 32.2}"", ""{\""id\"": \""bldg_44627c28-9932-4406-8e5c-fd00d581e4d0\"", \""osm_m\"": 8.0, \""surveyed_m\"": 39.3}"", ""{\""id\"": \""bldg_448c2b6d-9aad-4dbe-b3ca-81e048c21d4b\"", \""osm_m\"": 90.5, \""surveyed_m\"": 84.4}"", ""{\""id\"": \""bldg_448fc1bb-0e82-4690-b2c1-3e2280bd1c31\"", \""osm_m\"": 2.3, \""surveyed_m\"": 32.1}"", ""{\""id\"": \""bldg_44bd720c-2c6e-4c1b-99af-75f0c1dd220a\"", \""osm_m\"": 30.0, \""surveyed_m\"": 45.7}"", ""{\""id\"": \""bldg_44bde55d-a7dd-4985-8d23-d02ac4526cce\"", \""osm_m\"": 18.0, \""surveyed_m\"": 28.6}"", ""{\""id\"": \""bldg_45129a55-d9fc-44a9-bb1c-83938db641b8\"", \""osm_m\"": 6.3, \""surveyed_m\"": 3.1}"", ""{\""id\"": \""bldg_452bb175-7417-4969-8073-a586b6969818\"", \""osm_m\"": 82.9, \""surveyed_m\"": 74.3}"", ""{\""id\"": \""bldg_456faa01-ef1f-41c2-80e1-ee8e952d9ce1\"", \""osm_m\"": 103.0, \""surveyed_m\"": 7.3}"", ""{\""id\"": \""bldg_458753ab-7558-495f-b7ce-1b454718468b\"", \""osm_m\"": 30.0, \""surveyed_m\"": 46.7}"", ""{\""id\"": \""bldg_458dabab-6553-4af0-a9d4-b87a48fb50e4\"", \""osm_m\"": 25.0, \""surveyed_m\"": 30.8}"", ""{\""id\"": \""bldg_4598e245-b366-4f29-8215-0141a493ac6d\"", \""osm_m\"": 12.0, \""surveyed_m\"": 8.9}"", ""{\""id\"": \""bldg_45c437ea-2682-4d3b-86aa-9364ae00ec5e\"", \""osm_m\"": 60.0, \""surveyed_m\"": 33.9}"", ""{\""id\"": \""bldg_45d677ed-801b-4758-b783-c0327656052b\"", \""osm_m\"": 6.0, \""surveyed_m\"": 10.8}"", ""{\""id\"": \""bldg_46089dfd-b45a-4274-b7de-6bce73d5996c\"", \""osm_m\"": 38.5, \""surveyed_m\"": 19.0}"", ""{\""id\"": \""bldg_460939c6-822c-4c22-84e6-acbf76bd0fdf\"", \""osm_m\"": 25.0, \""surveyed_m\"": 36.0}"", ""{\""id\"": \""bldg_4618dafb-b1db-47a2-bab5-56f90144e033\"", \""osm_m\"": 102.0, \""surveyed_m\"": 109.7}"", ""{\""id\"": \""bldg_462172f8-dad6-4feb-a586-a9f29ad7f0ec\"", \""osm_m\"": 141.0, \""surveyed_m\"": 120.2}"", ""{\""id\"": \""bldg_462633af-14be-40d7-82a5-c9fa6add4b25\"", \""osm_m\"": 10.3, \""surveyed_m\"": 4.2}"", ""{\""id\"": \""bldg_464b0a92-95d7-4a9e-b01c-6fd4ffc7e2a3\"", \""osm_m\"": 24.3, \""surveyed_m\"": 17.0}"", ""{\""id\"": \""bldg_4693006f-da0e-4504-b8df-84a8eaa3080a\"", \""osm_m\"": 19.0, \""surveyed_m\"": 26.29}"", ""{\""id\"": \""bldg_46b9d373-8e67-4ddc-99fe-0bd310e4d6e8\"", \""osm_m\"": 20.2, \""surveyed_m\"": 15.9}"", ""{\""id\"": \""bldg_46df481b-89f2-41c7-afc1-dd7bc16bb64c\"", \""osm_m\"": 10.2, \""surveyed_m\"": 6.3}"", ""{\""id\"": \""bldg_4712e66f-672c-4236-a561-3f95af46efc2\"", \""osm_m\"": 1.1, \""surveyed_m\"": 5.5}"", ""{\""id\"": \""bldg_471b53f5-64f4-437b-aa6a-e0fe86e11b09\"", \""osm_m\"": 36.0, \""surveyed_m\"": 32.1}"", ""{\""id\"": \""bldg_4758c6b1-910c-474a-9f87-8da890a70159\"", \""osm_m\"": 32.0, \""surveyed_m\"": 84.2}"", ""{\""id\"": \""bldg_4761c1db-ed52-43fa-8040-a948b0a0d5e1\"", \""osm_m\"": 2.95, \""surveyed_m\"": 6.9}"", ""{\""id\"": \""bldg_4779b5aa-645d-4cff-95b0-d2fcfd484a5e\"", \""osm_m\"": 115.2, \""surveyed_m\"": 111.2}"", ""{\""id\"": \""bldg_477ba414-60b0-4ca6-b34f-ed55dcc0631d\"", \""osm_m\"": 11.0, \""surveyed_m\"": 7.0}"", ""{\""id\"": \""bldg_4780b9eb-87d1-4ce0-90fb-7542ba20f715\"", \""osm_m\"": 21.8, \""surveyed_m\"": 15.6}"", ""{\""id\"": \""bldg_47979651-325d-4212-86d5-281a7732a732\"", \""osm_m\"": 5.1, \""surveyed_m\"": 9.9}"", ""{\""id\"": \""bldg_47b492b7-d443-4ab6-856e-bc1a22c21752\"", \""osm_m\"": 72.1, \""surveyed_m\"": 10.3}"", ""{\""id\"": \""bldg_47bf1181-0e93-4985-85e0-167af824389d\"", \""osm_m\"": 28.5, \""surveyed_m\"": 22.1}"", ""{\""id\"": \""bldg_47c27b9f-911b-4fdd-a120-e8798b2524ed\"", \""osm_m\"": 31.0, \""surveyed_m\"": 38.7}"", ""{\""id\"": \""bldg_47eef807-d87e-40c2-8fc3-0eb6ecf67ffe\"", \""osm_m\"": 6.0, \""surveyed_m\"": 10.9}"", ""{\""id\"": \""bldg_487cb0a2-606e-4861-b75b-9cb80ef1b28d\"", \""osm_m\"": 22.0, \""surveyed_m\"": 57.8}"", ""{\""id\"": \""bldg_48a1adfd-c74e-4ecc-9ed0-88586edce0bb\"", \""osm_m\"": 12.0, \""surveyed_m\"": 8.2}"", ""{\""id\"": \""bldg_48c255aa-b703-45fa-bab3-ea9013520f2d\"", \""osm_m\"": 9.5, \""surveyed_m\"": 13.3}"", ""{\""id\"": \""bldg_491506aa-3d67-4abd-ae4a-d5062f73cbda\"", \""osm_m\"": 30.0, \""surveyed_m\"": 44.8}"", ""{\""id\"": \""bldg_49591928-69aa-4c97-863a-a32865bcab6d\"", \""osm_m\"": 6.0, \""surveyed_m\"": 48.8}"", ""{\""id\"": \""bldg_49e544e0-385f-4b70-a200-f99e61e1936c\"", \""osm_m\"": 41.0, \""surveyed_m\"": 35.8}"", ""{\""id\"": \""bldg_4a36c260-8f21-4e92-b59d-6a4318b6b0d4\"", \""osm_m\"": 27.0, \""surveyed_m\"": 32.6}"", ""{\""id\"": \""bldg_4a4ceb03-9407-40c6-907a-f0779e85ae08\"", \""osm_m\"": 70.0, \""surveyed_m\"": 9.4}"", ""{\""id\"": \""bldg_4a72a3f0-f2d9-42c2-8338-5ab164d464f6\"", \""osm_m\"": 40.0, \""surveyed_m\"": 33.9}"", ""{\""id\"": \""bldg_4a7b5159-6c99-4770-907f-49a1bf21860a\"", \""osm_m\"": 14.1, \""surveyed_m\"": 7.7}"", ""{\""id\"": \""bldg_4a7f02a9-f967-4e92-b216-5193088744c3\"", \""osm_m\"": 3.01, \""surveyed_m\"": 8.6}"", ""{\""id\"": \""bldg_4a864fce-4e57-4149-9cde-fb4a5fc76c9c\"", \""osm_m\"": 7.5, \""surveyed_m\"": 10.7}"", ""{\""id\"": \""bldg_4abc7e01-8df8-4211-8d29-9b9cccf67638\"", \""osm_m\"": 60.0, \""surveyed_m\"": 46.2}"", ""{\""id\"": \""bldg_4abf6772-eaf2-45fd-ac5a-2f07fef2358e\"", \""osm_m\"": 15.6, \""surveyed_m\"": 6.9}"", ""{\""id\"": \""bldg_4b3796b8-15af-498f-8a57-632f04366530\"", \""osm_m\"": 158.28, \""surveyed_m\"": 149.1}"", ""{\""id\"": \""bldg_4b3b2a95-ef98-4a5e-affa-e0dd6ba4e3f9\"", \""osm_m\"": 20.0, \""surveyed_m\"": 31.6}"", ""{\""id\"": \""bldg_4baeba6a-2d07-49f3-b0c6-cd7b83e78e9f\"", \""osm_m\"": 36.0, \""surveyed_m\"": 32.7}"", ""{\""id\"": \""bldg_4be47dc9-e6c4-4f02-8fa9-d1be684f917c\"", \""osm_m\"": 58.5, \""surveyed_m\"": 54.5}"", ""{\""id\"": \""bldg_4c0c2b76-b4e7-477f-9fb1-7fb2c4821a01\"", \""osm_m\"": 40.0, \""surveyed_m\"": 8.0}"", ""{\""id\"": \""bldg_4c2437b1-f449-4bbc-a841-fd656234af36\"", \""osm_m\"": 6.0, \""surveyed_m\"": 10.2}"", ""{\""id\"": \""bldg_4c2bd48e-684c-4141-9816-355bcd9b9cf1\"", \""osm_m\"": 3.01, \""surveyed_m\"": 6.9}"", ""{\""id\"": \""bldg_4c46e71f-3622-4229-8fdd-4a400bcd97dd\"", \""osm_m\"": 6.0, \""surveyed_m\"": 9.8}"", ""{\""id\"": \""bldg_4c75bbb4-ec91-426f-b639-29a2205f6257\"", \""osm_m\"": 35.0, \""surveyed_m\"": 47.4}"", ""{\""id\"": \""bldg_4c7a01aa-887a-4936-b3cb-93cc4d300d3b\"", \""osm_m\"": 6.0, \""surveyed_m\"": 18.7}"", ""{\""id\"": \""bldg_4c7f9004-1f2b-4a51-80be-ace418b23b5e\"", \""osm_m\"": 14.6, \""surveyed_m\"": 8.9}"", ""{\""id\"": \""bldg_4cb8ffc4-33bf-4cda-8a5c-aa6a1a556df5\"", \""osm_m\"": 3.02, \""surveyed_m\"": 6.4}"", ""{\""id\"": \""bldg_4ccfc052-d5a7-492b-9fc0-bf446b3b3a87\"", \""osm_m\"": 20.0, \""surveyed_m\"": 8.1}"", ""{\""id\"": \""bldg_4d0d22a5-d68d-4fe3-9015-379c1ba32788\"", \""osm_m\"": 65.98, \""surveyed_m\"": 60.0}"", ""{\""id\"": \""bldg_4d13b8b6-68df-4cfd-a03e-2e102fa3a354\"", \""osm_m\"": 26.2, \""surveyed_m\"": 22.8}"", ""{\""id\"": \""bldg_4d4aa68f-d19f-42b2-b561-656f39069b37\"", \""osm_m\"": 5.9, \""surveyed_m\"": 9.3}"", ""{\""id\"": \""bldg_4d5333d8-5b66-4c49-af12-36eb6974e9ce\"", \""osm_m\"": 50.6, \""surveyed_m\"": 8.7}"", ""{\""id\"": \""bldg_4d55fbe4-d549-479d-84e1-4484775cff4b\"", \""osm_m\"": 27.4, \""surveyed_m\"": 12.1}"", ""{\""id\"": \""bldg_4d602b70-0e40-49a4-9b04-e118b102dc0c\"", \""osm_m\"": 13.6, \""surveyed_m\"": 10.4}"", ""{\""id\"": \""bldg_4da76c22-c329-47ce-8dbc-5a7f85a7d3d4\"", \""osm_m\"": 102.26, \""surveyed_m\"": 72.7}"", ""{\""id\"": \""bldg_4daf87d6-7259-4ac5-8d54-2fc9e474e16e\"", \""osm_m\"": 7.7, \""surveyed_m\"": 10.9}"", ""{\""id\"": \""bldg_4db3a715-e4d9-4d5c-b743-349ca645becd\"", \""osm_m\"": 80.0, \""surveyed_m\"": 7.9}"", ""{\""id\"": \""bldg_4de29f4e-05b7-46bc-b199-3309f69f4e00\"", \""osm_m\"": 103.0, \""surveyed_m\"": 98.1}"", ""{\""id\"": \""bldg_4de4cc6c-21f7-4c3a-94b5-387abd82158f\"", \""osm_m\"": 29.5, \""surveyed_m\"": 25.1}"", ""{\""id\"": \""bldg_4dfbc26c-fe60-4969-931b-79d2739c10f6\"", \""osm_m\"": 8.5, \""surveyed_m\"": 3.4}"", ""{\""id\"": \""bldg_4e296493-7152-4a66-b498-eefa301357d1\"", \""osm_m\"": 55.0, \""surveyed_m\"": 93.0}"", ""{\""id\"": \""bldg_4e5dca4c-d54b-4c29-9123-088c2bd4ed7d\"", \""osm_m\"": 8.8, \""surveyed_m\"": 4.5}"", ""{\""id\"": \""bldg_4ee500cb-21e3-4fb8-aba6-e1313862cb86\"", \""osm_m\"": 2.95, \""surveyed_m\"": 6.8}"", ""{\""id\"": \""bldg_4ee924b2-ad85-431b-abac-3ea8e9f45c6e\"", \""osm_m\"": 36.6, \""surveyed_m\"": 29.7}"", ""{\""id\"": \""bldg_4f10dd14-3a5d-4afd-aee8-79991ee25264\"", \""osm_m\"": 8.5, \""surveyed_m\"": 4.7}"", ""{\""id\"": \""bldg_4f2c4229-732b-4228-bede-7aad73fc9185\"", \""osm_m\"": 8.0, \""surveyed_m\"": 4.1}"", ""{\""id\"": \""bldg_4f2e9188-e6bf-4dd9-8c90-eaf6962e1e15\"", \""osm_m\"": 31.7, \""surveyed_m\"": 6.4}"", ""{\""id\"": \""bldg_4f397be5-00fa-4f3c-844f-9128d6e1b3bc\"", \""osm_m\"": 5.0, \""surveyed_m\"": 22.8}"", ""{\""id\"": \""bldg_4f54e8af-e681-4453-9ab8-4c00d1071c14\"", \""osm_m\"": 77.61, \""surveyed_m\"": 88.1}"", ""{\""id\"": \""bldg_4f5ee8fb-1be9-4d22-8dfe-40eab9e25a14\"", \""osm_m\"": 39.9, \""surveyed_m\"": 27.6}"", ""{\""id\"": \""bldg_4f8f28b0-01ba-4d5b-9ab8-0b4fe3a95c71\"", \""osm_m\"": 238.0, \""surveyed_m\"": 77.9}"", ""{\""id\"": \""bldg_4fab0c11-0764-4b48-b097-0f3265d6c5c4\"", \""osm_m\"": 2.99, \""surveyed_m\"": 6.7}"", ""{\""id\"": \""bldg_4fb6d787-6270-439c-8120-c74b4a2eaf67\"", \""osm_m\"": 2.96, \""surveyed_m\"": 7.1}"", ""{\""id\"": \""bldg_4fe144f8-061c-4799-a528-4d9373635bb6\"", \""osm_m\"": 50.0, \""surveyed_m\"": 108.8}"", ""{\""id\"": \""bldg_4fe6a74b-07cc-41d3-b7b2-d5744490ee29\"", \""osm_m\"": 42.0, \""surveyed_m\"": 32.8}"", ""{\""id\"": \""bldg_5054e188-77d8-4c01-b812-183dddaf7bdf\"", \""osm_m\"": 95.74, \""surveyed_m\"": 69.6}"", ""{\""id\"": \""bldg_50688de8-4117-4a7e-8d02-0b3da49d8727\"", \""osm_m\"": 35.0, \""surveyed_m\"": 47.6}"", ""{\""id\"": \""bldg_5070c928-5e7c-4e32-bc5b-a0eb609123ec\"", \""osm_m\"": 2.98, \""surveyed_m\"": 6.5}"", ""{\""id\"": \""bldg_50901773-9850-467c-8f70-b04896ed6be2\"", \""osm_m\"": 6.6, \""surveyed_m\"": 9.8}"", ""{\""id\"": \""bldg_514474db-02b6-4a61-91b3-4e792bceef10\"", \""osm_m\"": 7.7, \""surveyed_m\"": 12.7}"", ""{\""id\"": \""bldg_5151a9d4-39ab-413c-ab90-63efe1ebcab8\"", \""osm_m\"": 38.0, \""surveyed_m\"": 43.8}"", ""{\""id\"": \""bldg_5190d68a-ba58-4472-b8d3-594417afbcaa\"", \""osm_m\"": 2.99, \""surveyed_m\"": 9.8}"", ""{\""id\"": \""bldg_51d05551-1509-4d27-a55b-a102f26b3ea8\"", \""osm_m\"": 6.0, \""surveyed_m\"": 10.2}"", ""{\""id\"": \""bldg_51d0de9d-4151-440c-bb60-3bd4b8e35240\"", \""osm_m\"": 60.12, \""surveyed_m\"": 55.6}"", ""{\""id\"": \""bldg_52175ed7-2c2a-41c3-b16a-c7fecf79a8ba\"", \""osm_m\"": 40.0, \""surveyed_m\"": 34.3}"", ""{\""id\"": \""bldg_52475ef6-3def-4049-87ed-e4ff4327b295\"", \""osm_m\"": 10.4, \""surveyed_m\"": 7.2}"", ""{\""id\"": \""bldg_52945d0d-a897-4d55-b35c-a8bcca773e53\"", \""osm_m\"": 153.0, \""surveyed_m\"": 240.6}"", ""{\""id\"": \""bldg_52d87eb6-a729-48f8-bc7b-5226f5e4af26\"", \""osm_m\"": 8.9, \""surveyed_m\"": 2.7}"", ""{\""id\"": \""bldg_530d144e-a3d4-48c1-b84c-72f06d6f61a2\"", \""osm_m\"": 182.5, \""surveyed_m\"": 24.8}"", ""{\""id\"": \""bldg_530d83c7-6b17-4c26-9434-3dbc271ce644\"", \""osm_m\"": 10.9, \""surveyed_m\"": 7.4}"", ""{\""id\"": \""bldg_5317b5ee-8efd-427c-8398-60c015d93c6e\"", \""osm_m\"": 70.0, \""surveyed_m\"": 20.9}"", ""{\""id\"": \""bldg_5322db01-0b1c-4ec3-b455-da1e05127a62\"", \""osm_m\"": 71.0, \""surveyed_m\"": 50.0}"", ""{\""id\"": \""bldg_53467cf2-5e7f-4fe5-a50e-8d5618242957\"", \""osm_m\"": 15.0, \""surveyed_m\"": 38.1}"", ""{\""id\"": \""bldg_536cdc05-26d5-410f-8d8d-c99ea35a29e7\"", \""osm_m\"": 19.3, \""surveyed_m\"": 9.2}"", ""{\""id\"": \""bldg_5389c542-16aa-4c73-839d-075bc564cb44\"", \""osm_m\"": 40.4, \""surveyed_m\"": 34.7}"", ""{\""id\"": \""bldg_5420c7f5-3f1a-4314-9cb6-3e25a2374b59\"", \""osm_m\"": 150.0, \""surveyed_m\"": 157.6}"", ""{\""id\"": \""bldg_545b3745-9753-45c1-b43f-728a24df165b\"", \""osm_m\"": 174.0, \""surveyed_m\"": 198.9}"", ""{\""id\"": \""bldg_546ea29e-de4e-45e8-9884-f2ef5cfcdf57\"", \""osm_m\"": 97.05, \""surveyed_m\"": 88.7}"", ""{\""id\"": \""bldg_5471e137-86f1-43e1-9ef8-576b8a46da10\"", \""osm_m\"": 10.0, \""surveyed_m\"": 13.6}"", ""{\""id\"": \""bldg_54c165b3-58f6-4f20-8a57-0cb79288ab45\"", \""osm_m\"": 2.0, \""surveyed_m\"": 8.1}"", ""{\""id\"": \""bldg_54eb09d6-aa23-4a6e-9aee-69cd079872a0\"", \""osm_m\"": 39.8, \""surveyed_m\"": 33.5}"", ""{\""id\"": \""bldg_54fa10cb-6422-4d13-8361-be7916c3247a\"", \""osm_m\"": 35.0, \""surveyed_m\"": 39.1}"", ""{\""id\"": \""bldg_55061dfd-4a57-438d-9319-9f20ef265e4f\"", \""osm_m\"": 110.0, \""surveyed_m\"": 106.2}"", ""{\""id\"": \""bldg_55073f9e-922b-46b0-b624-2d699cd719b2\"", \""osm_m\"": 3.01, \""surveyed_m\"": 6.6}"", ""{\""id\"": \""bldg_5507a9ea-342a-4803-b7c9-4bdc985f55e2\"", \""osm_m\"": 40.0, \""surveyed_m\"": 23.2}"", ""{\""id\"": \""bldg_551aeaf2-1339-4605-9f85-fabb0ada21e3\"", \""osm_m\"": 20.7, \""surveyed_m\"": 7.1}"", ""{\""id\"": \""bldg_5545a210-f1bf-44cf-ae6f-f7226ae79b62\"", \""osm_m\"": 230.76, \""surveyed_m\"": 234.9}"", ""{\""id\"": \""bldg_55505fce-9872-4a11-897b-f1f53ba962f9\"", \""osm_m\"": 82.0, \""surveyed_m\"": 161.1}"", ""{\""id\"": \""bldg_555b3515-baf2-4a0d-b47b-59e65350b168\"", \""osm_m\"": 113.0, \""surveyed_m\"": 117.0}"", ""{\""id\"": \""bldg_555fd53f-7b65-41e3-95c2-289bebc66ed1\"", \""osm_m\"": 4.6, \""surveyed_m\"": 7.9}"", ""{\""id\"": \""bldg_55ad46c4-c7e2-4c53-8610-738339163a05\"", \""osm_m\"": 2.97, \""surveyed_m\"": 10.1}"", ""{\""id\"": \""bldg_55cf50a2-c5a3-429b-aeaa-a3005207daa7\"", \""osm_m\"": 30.0, \""surveyed_m\"": 41.37}"", ""{\""id\"": \""bldg_55eb4383-f12a-48f9-a590-ecd37bf27063\"", \""osm_m\"": 32.2, \""surveyed_m\"": 37.2}"", ""{\""id\"": \""bldg_560432cb-bbdb-49e5-b0e1-23fe1902955f\"", \""osm_m\"": 15.0, \""surveyed_m\"": 19.1}"", ""{\""id\"": \""bldg_5609861d-5223-4d60-a725-a73a13ddc026\"", \""osm_m\"": 3.01, \""surveyed_m\"": 10.8}"", ""{\""id\"": \""bldg_56a17016-ab0a-4b5d-99a0-2cdb1d8c9cfc\"", \""osm_m\"": 49.0, \""surveyed_m\"": 27.3}"", ""{\""id\"": \""bldg_56e4394c-f07c-45af-99d9-87a36d63b2f1\"", \""osm_m\"": 2.96, \""surveyed_m\"": 9.2}"", ""{\""id\"": \""bldg_575368a1-d629-4039-8296-df932df6a53b\"", \""osm_m\"": 7.4, \""surveyed_m\"": 4.1}"", ""{\""id\"": \""bldg_5763dea0-83c8-4985-8172-1048cc791ff2\"", \""osm_m\"": 125.04, \""surveyed_m\"": 121.4}"", ""{\""id\"": \""bldg_5798b97b-709a-4e6d-bde8-2f107603a2e6\"", \""osm_m\"": 16.2, \""surveyed_m\"": 13.1}"", ""{\""id\"": \""bldg_579ea962-029b-450c-9140-a48cd08bcb2c\"", \""osm_m\"": 2.99, \""surveyed_m\"": 6.8}"", ""{\""id\"": \""bldg_57ac4d92-cea5-4358-af7d-e46d5a1fccf0\"", \""osm_m\"": 91.38, \""surveyed_m\"": 84.3}"", ""{\""id\"": \""bldg_5820ca0a-fb0b-409d-89a8-7762a9fddf78\"", \""osm_m\"": 3.0, \""surveyed_m\"": 11.0}"", ""{\""id\"": \""bldg_583fac56-319a-4aa3-b53a-5f40749162db\"", \""osm_m\"": 45.6, \""surveyed_m\"": 32.0}"", ""{\""id\"": \""bldg_5863292f-bf28-4dbd-858d-e5f54703b3ef\"", \""osm_m\"": 10.0, \""surveyed_m\"": 13.8}"", ""{\""id\"": \""bldg_58dfccd3-d522-438a-ad99-7be19ba6e93d\"", \""osm_m\"": 3.0, \""surveyed_m\"": 7.2}"", ""{\""id\"": \""bldg_58ef3c46-5224-44f3-bfdf-be7268c4ed99\"", \""osm_m\"": 22.5, \""surveyed_m\"": 14.6}"", ""{\""id\"": \""bldg_58ff3629-5005-4c97-973d-10fea38840f4\"", \""osm_m\"": 66.0, \""surveyed_m\"": 62.6}"", ""{\""id\"": \""bldg_5958a04c-9f73-482b-a025-3897e3cac8f3\"", \""osm_m\"": 12.0, \""surveyed_m\"": 16.8}"", ""{\""id\"": \""bldg_59824237-9caf-4996-b320-7ec50837e836\"", \""osm_m\"": 11.7, \""surveyed_m\"": 7.1}"", ""{\""id\"": \""bldg_59a3dd99-a92c-4186-b2ee-522e467fa060\"", \""osm_m\"": 10.0, \""surveyed_m\"": 14.8}"", ""{\""id\"": \""bldg_59c05ab8-31ef-495b-9d42-b9ea7ff206fa\"", \""osm_m\"": 3.03, \""surveyed_m\"": 9.0}"", ""{\""id\"": \""bldg_5a33152b-4179-4402-abab-16fe47c20294\"", \""osm_m\"": 20.5, \""surveyed_m\"": 12.1}"", ""{\""id\"": \""bldg_5a70eebe-4d3d-4388-9e7c-7893b758fda2\"", \""osm_m\"": 45.0, \""surveyed_m\"": 61.1}"", ""{\""id\"": \""bldg_5a7f8675-dc3b-410a-bb37-f7b2af06e897\"", \""osm_m\"": 14.0, \""surveyed_m\"": 19.3}"", ""{\""id\"": \""bldg_5a91ec45-8c4a-4605-9a59-c269b0aa0298\"", \""osm_m\"": 9.6, \""surveyed_m\"": 2.3}"", ""{\""id\"": \""bldg_5adda34e-53cb-48ec-98a1-fabe81bea0ab\"", \""osm_m\"": 4.0, \""surveyed_m\"": 11.2}"", ""{\""id\"": \""bldg_5b085dcc-3e63-49e1-b24c-6507dd9f4629\"", \""osm_m\"": 1.1, \""surveyed_m\"": 8.2}"", ""{\""id\"": \""bldg_5b3afa22-b43c-43c7-81df-38b0aae8e87e\"", \""osm_m\"": 28.7, \""surveyed_m\"": 20.4}"", ""{\""id\"": \""bldg_5b486396-6599-40d5-85b4-7d93aa6924a6\"", \""osm_m\"": 10.0, \""surveyed_m\"": 14.8}"", ""{\""id\"": \""bldg_5b584294-650b-4062-bb72-8650214a828f\"", \""osm_m\"": 87.0, \""surveyed_m\"": 82.2}"", ""{\""id\"": \""bldg_5b8db70f-6221-4e4e-a4d3-b54f2dcefc59\"", \""osm_m\"": 38.5, \""surveyed_m\"": 49.3}"", ""{\""id\"": \""bldg_5ba9f332-def4-4b75-a24b-35775d15ab2b\"", \""osm_m\"": 34.0, \""surveyed_m\"": 39.5}"", ""{\""id\"": \""bldg_5bfa79d9-5176-453c-b1e7-368a4825cb99\"", \""osm_m\"": 13.0, \""surveyed_m\"": 9.6}"", ""{\""id\"": \""bldg_5c0e22ed-87b5-4852-bd55-1655ed704746\"", \""osm_m\"": 21.0, \""surveyed_m\"": 24.6}"", ""{\""id\"": \""bldg_5c2afdef-6b54-4e66-b7c0-98e98ae88ce4\"", \""osm_m\"": 28.0, \""surveyed_m\"": 34.2}"", ""{\""id\"": \""bldg_5c44a872-2265-465d-8a18-e5ffad153860\"", \""osm_m\"": 11.7, \""surveyed_m\"": 8.3}"", ""{\""id\"": \""bldg_5c4a7fc5-a6c8-4c22-9159-9f4e982c5648\"", \""osm_m\"": 3.01, \""surveyed_m\"": 10.2}"", ""{\""id\"": \""bldg_5c78271d-7a86-4ddc-85b1-932557ece067\"", \""osm_m\"": 11.9, \""surveyed_m\"": 8.5}"", ""{\""id\"": \""bldg_5c936d76-51a7-450b-a8d9-48578cdc5d87\"", \""osm_m\"": 50.0, \""surveyed_m\"": 44.8}"", ""{\""id\"": \""bldg_5cfba0c9-d96e-48dd-b38b-7340afe5c9b9\"", \""osm_m\"": 35.0, \""surveyed_m\"": 53.9}"", ""{\""id\"": \""bldg_5d01ed5e-5756-470e-bec0-9faf436a306e\"", \""osm_m\"": 9.9, \""surveyed_m\"": 18.5}"", ""{\""id\"": \""bldg_5d1ff612-5e11-4ab2-b1d4-419ed963047e\"", \""osm_m\"": 43.0, \""surveyed_m\"": 25.9}"", ""{\""id\"": \""bldg_5d302931-db8e-43a2-b8e0-6b6e14c61ddb\"", \""osm_m\"": 12.4, \""surveyed_m\"": 2.3}"", ""{\""id\"": \""bldg_5d5dd52d-bfdd-4bb6-9cbf-f865fb6946fb\"", \""osm_m\"": 25.0, \""surveyed_m\"": 173.0}"", ""{\""id\"": \""bldg_5d7bdafe-8b47-459c-a333-aa90d35c9ceb\"", \""osm_m\"": 25.0, \""surveyed_m\"": 35.3}"", ""{\""id\"": \""bldg_5d841cd3-c67d-4fe9-8a82-ae0afa2f4cbb\"", \""osm_m\"": 7.1, \""surveyed_m\"": 11.5}"", ""{\""id\"": \""bldg_5da56097-5f78-481b-bcb6-a50a2d6aaad1\"", \""osm_m\"": 25.0, \""surveyed_m\"": 18.6}"", ""{\""id\"": \""bldg_5dab31bf-48b2-4de9-8f4f-3ff552347f28\"", \""osm_m\"": 263.0, \""surveyed_m\"": 13.6}"", ""{\""id\"": \""bldg_5dbe7da4-c021-4b60-938b-a177dc4ee55b\"", \""osm_m\"": 85.79, \""surveyed_m\"": 81.8}"", ""{\""id\"": \""bldg_5e1ca0f3-3bd9-4e16-a710-bb3ea139b6b8\"", \""osm_m\"": 31.0, \""surveyed_m\"": 14.3}"", ""{\""id\"": \""bldg_5e4f902a-a1d5-441d-884c-7658726cc8fd\"", \""osm_m\"": 11.8, \""surveyed_m\"": 2.6}"", ""{\""id\"": \""bldg_5e590bda-7601-49d6-bb98-678d1126b5c6\"", \""osm_m\"": 123.0, \""surveyed_m\"": 8.9}"", ""{\""id\"": \""bldg_5e6bdd59-7113-4bc4-91ba-efc97b79d8c7\"", \""osm_m\"": 28.6, \""surveyed_m\"": 25.2}"", ""{\""id\"": \""bldg_5ea77219-d748-4612-8ed9-c5bb2d0c746e\"", \""osm_m\"": 18.5, \""surveyed_m\"": 13.3}"", ""{\""id\"": \""bldg_5eb0c810-5093-4b54-830c-62dc8ac14c5d\"", \""osm_m\"": 11.3, \""surveyed_m\"": 3.0}"", ""{\""id\"": \""bldg_5eda177a-11a9-4963-85ff-99f3757ddc46\"", \""osm_m\"": 9.0, \""surveyed_m\"": 18.5}"", ""{\""id\"": \""bldg_5edc79f6-a98a-46c2-8fae-dd1ceea18719\"", \""osm_m\"": 40.0, \""surveyed_m\"": 45.9}"", ""{\""id\"": \""bldg_5f0d5fdb-8164-48a5-9a6d-90df0d50e579\"", \""osm_m\"": 10.0, \""surveyed_m\"": 14.7}"", ""{\""id\"": \""bldg_5f1e05b3-0428-47c5-b3c0-094793e1a698\"", \""osm_m\"": 12.0, \""surveyed_m\"": 22.1}"", ""{\""id\"": \""bldg_5f23fa36-a61a-4aa2-b124-d5936a8448d2\"", \""osm_m\"": 13.6, \""surveyed_m\"": 10.0}"", ""{\""id\"": \""bldg_5f39f4c3-2b09-4f00-881c-805a7ffe9ec6\"", \""osm_m\"": 70.318, \""surveyed_m\"": 38.3}"", ""{\""id\"": \""bldg_5f7e0fca-0939-4521-8dac-7ff3942c9567\"", \""osm_m\"": 9.2, \""surveyed_m\"": 12.9}"", ""{\""id\"": \""bldg_5fa49998-8ddd-47cc-bba1-a8c9020e5b10\"", \""osm_m\"": 3.11, \""surveyed_m\"": 7.6}"", ""{\""id\"": \""bldg_5faf092b-9df7-4e6e-86d5-6e1e0e4acba6\"", \""osm_m\"": 110.66, \""surveyed_m\"": 116.5}"", ""{\""id\"": \""bldg_5fc21ff0-e86e-477f-befa-5b948d282bf7\"", \""osm_m\"": 39.9, \""surveyed_m\"": 8.2}"", ""{\""id\"": \""bldg_5fca1cfb-bf7c-493a-a5fc-27e8c74a9b4a\"", \""osm_m\"": 7.0, \""surveyed_m\"": 10.2}"", ""{\""id\"": \""bldg_60422210-27ae-45c1-92af-f8e1080f91cd\"", \""osm_m\"": 3.04, \""surveyed_m\"": 6.9}"", ""{\""id\"": \""bldg_604a91a0-eeae-4193-b994-a8a0aaad377e\"", \""osm_m\"": 2.96, \""surveyed_m\"": 7.3}"", ""{\""id\"": \""bldg_605415f4-022f-480e-aa46-12b240353b4c\"", \""osm_m\"": 35.0, \""surveyed_m\"": 23.9}"", ""{\""id\"": \""bldg_606230a0-bcb9-46a8-ab18-3ee62621c80a\"", \""osm_m\"": 8.0, \""surveyed_m\"": 11.4}"", ""{\""id\"": \""bldg_607b7da6-1a1b-4b71-ae3b-6b4d1df76d99\"", \""osm_m\"": 64.45, \""surveyed_m\"": 60.0}"", ""{\""id\"": \""bldg_60923c3a-a77e-4290-aa83-51d501a13f0c\"", \""osm_m\"": 44.2, \""surveyed_m\"": 38.7}"", ""{\""id\"": \""bldg_60be5ad2-2341-4b12-8716-f9ca400ca7ab\"", \""osm_m\"": 6.8, \""surveyed_m\"": 13.1}"", ""{\""id\"": \""bldg_6104ccab-6edb-4916-a1cd-f6b29678f8bb\"", \""osm_m\"": 0.0, \""surveyed_m\"": 31.3}"", ""{\""id\"": \""bldg_6120a215-60fb-43c9-9758-69fb92b5e2a7\"", \""osm_m\"": 105.04, \""surveyed_m\"": 99.4}"", ""{\""id\"": \""bldg_6129f85f-db7e-4e37-9824-c97aa38232db\"", \""osm_m\"": 24.4, \""surveyed_m\"": 20.5}"", ""{\""id\"": \""bldg_614d5d0e-f04a-46fc-a63a-9d5bb49822e8\"", \""osm_m\"": 4.4, \""surveyed_m\"": 7.8}"", ""{\""id\"": \""bldg_61d33160-71a7-4cc0-a93f-c086b70286ef\"", \""osm_m\"": 9.9, \""surveyed_m\"": 4.1}"", ""{\""id\"": \""bldg_6202010b-3ecd-40da-a0cf-a98bac45abfb\"", \""osm_m\"": 80.14, \""surveyed_m\"": 5.7}"", ""{\""id\"": \""bldg_621f6079-0a7d-4b5f-a67d-8b40c72369cc\"", \""osm_m\"": 30.0, \""surveyed_m\"": 34.1}"", ""{\""id\"": \""bldg_621fe171-0b41-4428-a59c-c98c8656a98a\"", \""osm_m\"": 30.0, \""surveyed_m\"": 40.1}"", ""{\""id\"": \""bldg_622cbf20-16d9-4f72-b488-743dfb0b905d\"", \""osm_m\"": 16.2, \""surveyed_m\"": 12.8}"", ""{\""id\"": \""bldg_623d082b-556c-4732-a693-a0fbac960fc1\"", \""osm_m\"": 3.0, \""surveyed_m\"": 9.7}"", ""{\""id\"": \""bldg_62491abc-201d-44f1-b781-c580d3a9eae1\"", \""osm_m\"": 30.0, \""surveyed_m\"": 36.03}"", ""{\""id\"": \""bldg_62bfbc85-9438-4cb1-a7a2-0ad301b48a86\"", \""osm_m\"": 5.0, \""surveyed_m\"": 8.8}"", ""{\""id\"": \""bldg_62ec44e6-81f7-4fbc-8d01-df386aee942b\"", \""osm_m\"": 74.335, \""surveyed_m\"": 30.3}"", ""{\""id\"": \""bldg_630dd5eb-dff6-4a43-a876-0fbd77c76e47\"", \""osm_m\"": 7.7, \""surveyed_m\"": 4.6}"", ""{\""id\"": \""bldg_633705e1-1a61-4c4f-8721-3d79ed7b523c\"", \""osm_m\"": 1.1, \""surveyed_m\"": 8.1}"", ""{\""id\"": \""bldg_6370729c-fc74-462d-a6a0-5a99d8d07dde\"", \""osm_m\"": 15.0, \""surveyed_m\"": 20.1}"", ""{\""id\"": \""bldg_63aa5117-3142-4c33-87d1-8307d7acf12d\"", \""osm_m\"": 28.8, \""surveyed_m\"": 25.1}"", ""{\""id\"": \""bldg_63ca6483-4a9f-4d05-bb78-30654bb27f3e\"", \""osm_m\"": 51.5, \""surveyed_m\"": 34.0}"", ""{\""id\"": \""bldg_63f6aeb2-9b51-4118-89b6-61709ecf1627\"", \""osm_m\"": 6.7, \""surveyed_m\"": 9.9}"", ""{\""id\"": \""bldg_640648fa-aa04-4137-9137-719a966024ea\"", \""osm_m\"": 2.97, \""surveyed_m\"": 12.6}"", ""{\""id\"": \""bldg_6409b989-912c-4e16-9268-86c28a85fd54\"", \""osm_m\"": 82.0, \""surveyed_m\"": 27.5}"", ""{\""id\"": \""bldg_6409d065-4dfd-42c3-b7a3-45351cd4bdd7\"", \""osm_m\"": 10.4, \""surveyed_m\"": 14.5}"", ""{\""id\"": \""bldg_6446047b-da07-47cb-a522-d58e019ad2f0\"", \""osm_m\"": 6.2, \""surveyed_m\"": 10.2}"", ""{\""id\"": \""bldg_64c3edb0-4bda-430f-b4d2-7592a3edd462\"", \""osm_m\"": 20.0, \""surveyed_m\"": 30.6}"", ""{\""id\"": \""bldg_64ca9970-0dbd-4383-b558-8cae99d411d0\"", \""osm_m\"": 12.0, \""surveyed_m\"": 15.4}"", ""{\""id\"": \""bldg_64e47c89-fc6e-4805-842d-0b648140b814\"", \""osm_m\"": 3.01, \""surveyed_m\"": 11.8}"", ""{\""id\"": \""bldg_6537e0ce-0856-4bdc-90f0-bd7aba0136b1\"", \""osm_m\"": 7.9, \""surveyed_m\"": 3.4}"", ""{\""id\"": \""bldg_65757fe8-a3ad-42a1-aae0-b7871c23aad2\"", \""osm_m\"": 30.0, \""surveyed_m\"": 9.7}"", ""{\""id\"": \""bldg_65c0a82f-3c2a-4652-98f2-11678430183e\"", \""osm_m\"": 35.0, \""surveyed_m\"": 29.0}"", ""{\""id\"": \""bldg_65c423f2-77b7-4425-a1f2-eaa75ef7e6f2\"", \""osm_m\"": 14.0, \""surveyed_m\"": 19.3}"", ""{\""id\"": \""bldg_65cfd237-fa37-4e2c-8829-9e87f505b81d\"", \""osm_m\"": 66.7, \""surveyed_m\"": 63.3}"", ""{\""id\"": \""bldg_65d72818-5a10-49c1-94ce-9f8a8790024a\"", \""osm_m\"": 2.98, \""surveyed_m\"": 8.6}"", ""{\""id\"": \""bldg_65e232aa-46e4-4203-adf5-d8da5869e238\"", \""osm_m\"": 18.0, \""surveyed_m\"": 12.7}"", ""{\""id\"": \""bldg_65f20ea1-6b3c-4303-b5f6-cb941d41a480\"", \""osm_m\"": 2.0, \""surveyed_m\"": 8.3}"", ""{\""id\"": \""bldg_66340206-7ba9-48cb-9e67-36e47dd4caf5\"", \""osm_m\"": 50.9, \""surveyed_m\"": 34.1}"", ""{\""id\"": \""bldg_66611f50-c149-4b2c-9f08-0b872f5afb77\"", \""osm_m\"": 4.0, \""surveyed_m\"": 11.1}"", ""{\""id\"": \""bldg_6661e257-4a03-4ed0-bb4f-cbb20e7e224a\"", \""osm_m\"": 100.0, \""surveyed_m\"": 74.4}"", ""{\""id\"": \""bldg_669dd8b9-4938-4c7b-bc01-507c03741cb4\"", \""osm_m\"": 10.0, \""surveyed_m\"": 13.1}"", ""{\""id\"": \""bldg_66a675e0-f036-4546-b87a-707b7290b5e3\"", \""osm_m\"": 19.5, \""surveyed_m\"": 11.1}"", ""{\""id\"": \""bldg_66bcb1ce-64f6-41f4-b198-490f5e8c8270\"", \""osm_m\"": 108.0, \""surveyed_m\"": 51.6}"", ""{\""id\"": \""bldg_66dc9ef6-0003-4154-9670-c72b52f7f6b2\"", \""osm_m\"": 10.0, \""surveyed_m\"": 14.4}"", ""{\""id\"": \""bldg_66f293d5-05de-49ec-ae78-ed49f65f5137\"", \""osm_m\"": 2.98, \""surveyed_m\"": 8.4}"", ""{\""id\"": \""bldg_6722b082-78e2-46f0-a033-7a7e0e71335e\"", \""osm_m\"": 40.0, \""surveyed_m\"": 48.3}"", ""{\""id\"": \""bldg_67309069-4121-4023-8111-730ce54b10f1\"", \""osm_m\"": 2.0, \""surveyed_m\"": 6.7}"", ""{\""id\"": \""bldg_6738bd6b-9388-45a3-9c67-71e7de83bf38\"", \""osm_m\"": 8.3, \""surveyed_m\"": 11.4}"", ""{\""id\"": \""bldg_67419195-207b-4a85-8e77-9812fa9cd588\"", \""osm_m\"": 57.0, \""surveyed_m\"": 70.5}"", ""{\""id\"": \""bldg_675a0ebe-985f-4a00-b232-d8c884893309\"", \""osm_m\"": 15.0, \""surveyed_m\"": 18.2}"", ""{\""id\"": \""bldg_67741ace-a0c8-4cbe-9602-3f50bf424203\"", \""osm_m\"": 37.3, \""surveyed_m\"": 24.7}"", ""{\""id\"": \""bldg_682bbbc1-8c53-44d4-ba39-b4437f03fe35\"", \""osm_m\"": 30.0, \""surveyed_m\"": 38.0}"", ""{\""id\"": \""bldg_68331ef6-28f6-4232-ad75-d2975a25a27b\"", \""osm_m\"": 70.0, \""surveyed_m\"": 20.9}"", ""{\""id\"": \""bldg_683935e7-d27a-449b-bd17-a5dae0157f99\"", \""osm_m\"": 25.0, \""surveyed_m\"": 29.6}"", ""{\""id\"": \""bldg_68776630-38d6-47cd-af45-171b09386b4b\"", \""osm_m\"": 57.0, \""surveyed_m\"": 51.3}"", ""{\""id\"": \""bldg_6887e14e-65da-4045-bba8-a6325383b970\"", \""osm_m\"": 110.0, \""surveyed_m\"": 104.9}"", ""{\""id\"": \""bldg_688efbe7-be6a-40ab-9c52-1675c751d395\"", \""osm_m\"": 3.0, \""surveyed_m\"": 9.7}"", ""{\""id\"": \""bldg_689c042b-56f2-4d77-ac4d-ae727e3a1792\"", \""osm_m\"": 7.0, \""surveyed_m\"": 11.5}"", ""{\""id\"": \""bldg_68c9ea34-def7-4700-9e87-9bf22a7eb173\"", \""osm_m\"": 24.5, \""surveyed_m\"": 35.7}"", ""{\""id\"": \""bldg_68db57e0-43e7-4b01-8efc-bf47023bc94a\"", \""osm_m\"": 65.0, \""surveyed_m\"": 49.4}"", ""{\""id\"": \""bldg_68e176c8-045e-488e-abb4-22e141a423c2\"", \""osm_m\"": 6.0, \""surveyed_m\"": 9.1}"", ""{\""id\"": \""bldg_68fd752c-ddee-4f7a-be6c-e01797e4f3cd\"", \""osm_m\"": 59.99, \""surveyed_m\"": 66.2}"", ""{\""id\"": \""bldg_694f0392-6912-4ac4-ba86-34464f001c9a\"", \""osm_m\"": 36.0, \""surveyed_m\"": 51.9}"", ""{\""id\"": \""bldg_6952af82-381b-43c4-b299-4fbc12fadcd3\"", \""osm_m\"": 3.0, \""surveyed_m\"": 8.1}"", ""{\""id\"": \""bldg_69652063-8741-456c-8c74-f044de3b2071\"", \""osm_m\"": 8.7, \""surveyed_m\"": 14.0}"", ""{\""id\"": \""bldg_698eb19e-9ccd-44f4-bf1d-8d13ee662e56\"", \""osm_m\"": 3.05, \""surveyed_m\"": 8.3}"", ""{\""id\"": \""bldg_699ee027-d489-4afc-bf57-5a38ab3b6143\"", \""osm_m\"": 14.2, \""surveyed_m\"": 10.0}"", ""{\""id\"": \""bldg_69a2060a-f699-4c93-99d0-095ff97c8323\"", \""osm_m\"": 27.8, \""surveyed_m\"": 22.0}"", ""{\""id\"": \""bldg_69a2f7b7-66ee-4f6a-9125-e5565ccf3573\"", \""osm_m\"": 19.7, \""surveyed_m\"": 5.7}"", ""{\""id\"": \""bldg_69c213d2-4c13-46ee-8e04-cee5404a11b1\"", \""osm_m\"": 183.0, \""surveyed_m\"": 176.5}"", ""{\""id\"": \""bldg_69f9eb18-fd39-42b7-93be-3984f1bfcda3\"", \""osm_m\"": 13.0, \""surveyed_m\"": 9.3}"", ""{\""id\"": \""bldg_6a37d226-b55d-4e08-a848-1b883e3fdd71\"", \""osm_m\"": 16.0, \""surveyed_m\"": 26.5}"", ""{\""id\"": \""bldg_6a4f01b9-7812-4608-99de-8a5d54bf84b3\"", \""osm_m\"": 2.97, \""surveyed_m\"": 20.7}"", ""{\""id\"": \""bldg_6a5be1be-eea6-45ce-80cb-5a228581b362\"", \""osm_m\"": 10.0, \""surveyed_m\"": 133.7}"", ""{\""id\"": \""bldg_6a6c0124-0461-48ec-87e9-571284f8a03b\"", \""osm_m\"": 13.2, \""surveyed_m\"": 5.6}"", ""{\""id\"": \""bldg_6a7404a8-8fd9-488d-9234-06053605a5c7\"", \""osm_m\"": 28.0, \""surveyed_m\"": 34.5}"", ""{\""id\"": \""bldg_6a8bc32b-c27f-4e6d-b972-ea4a65b517db\"", \""osm_m\"": 7.2, \""surveyed_m\"": 12.9}"", ""{\""id\"": \""bldg_6a9c2c78-c353-4477-af9e-a20984132272\"", \""osm_m\"": 3.0, \""surveyed_m\"": 9.6}"", ""{\""id\"": \""bldg_6adc8cdd-108e-49bf-babe-cdb7a7df155c\"", \""osm_m\"": 32.0, \""surveyed_m\"": 48.5}"", ""{\""id\"": \""bldg_6adcebed-69a3-4a75-876d-4ae1d1cc4980\"", \""osm_m\"": 6.7, \""surveyed_m\"": 10.4}"", ""{\""id\"": \""bldg_6ae1ee43-c0ed-464d-999e-0c77116f680f\"", \""osm_m\"": 2.99, \""surveyed_m\"": 7.0}"", ""{\""id\"": \""bldg_6b1f10c4-f7f5-45e8-bb66-e4cafb44541d\"", \""osm_m\"": 84.0, \""surveyed_m\"": 153.5}"", ""{\""id\"": \""bldg_6b31ee9a-ff37-4559-9680-b3f85b505c55\"", \""osm_m\"": 45.4, \""surveyed_m\"": 35.7}"", ""{\""id\"": \""bldg_6b45047f-f223-4371-b03d-a937db23332f\"", \""osm_m\"": 11.4, \""surveyed_m\"": 16.4}"", ""{\""id\"": \""bldg_6b4b55aa-8095-4968-9d29-340b85a16a24\"", \""osm_m\"": 43.0, \""surveyed_m\"": 4.7}"", ""{\""id\"": \""bldg_6be95c24-fc14-4002-bf6d-87b9a0299d2a\"", \""osm_m\"": 23.5, \""surveyed_m\"": 11.5}"", ""{\""id\"": \""bldg_6bec888d-4354-41b0-b31e-5c80209bb371\"", \""osm_m\"": 30.0, \""surveyed_m\"": 34.1}"", ""{\""id\"": \""bldg_6c2d70f9-f3a7-4c06-8a09-0228e94156d3\"", \""osm_m\"": 44.4, \""surveyed_m\"": 31.4}"", ""{\""id\"": \""bldg_6cdca439-1544-4833-b287-2fc79e920bfd\"", \""osm_m\"": 14.0, \""surveyed_m\"": 21.5}"", ""{\""id\"": \""bldg_6ceec703-51a7-490d-bb5c-4afde0b7baf6\"", \""osm_m\"": 13.0, \""surveyed_m\"": 20.5}"", ""{\""id\"": \""bldg_6cef8b7e-1514-4a5b-8d84-295770cde883\"", \""osm_m\"": 20.9, \""surveyed_m\"": 10.0}"", ""{\""id\"": \""bldg_6cfc385a-5faf-4275-93a8-5d879a78edad\"", \""osm_m\"": 25.0, \""surveyed_m\"": 41.0}"", ""{\""id\"": \""bldg_6d19faa8-e6a8-49e8-b334-77592cc5db17\"", \""osm_m\"": 29.9, \""surveyed_m\"": 12.7}"", ""{\""id\"": \""bldg_6d3015ba-5c73-4349-9597-a481907435c9\"", \""osm_m\"": 23.0, \""surveyed_m\"": 84.9}"", ""{\""id\"": \""bldg_6db0842f-3e0b-4309-8808-10535ce06c1b\"", \""osm_m\"": 4.0, \""surveyed_m\"": 13.3}"", ""{\""id\"": \""bldg_6db1c90d-cbde-4919-896c-b2b54628f46c\"", \""osm_m\"": 3.04, \""surveyed_m\"": 7.2}"", ""{\""id\"": \""bldg_6dd996f7-5999-4316-bcba-aabb302842d1\"", \""osm_m\"": 28.0, \""surveyed_m\"": 31.3}"", ""{\""id\"": \""bldg_6e13da0b-2c33-4c30-af7c-ab8668465feb\"", \""osm_m\"": 7.4, \""surveyed_m\"": 11.4}"", ""{\""id\"": \""bldg_6e3f350a-eb00-4b35-bb4b-b4963946841f\"", \""osm_m\"": 3.01, \""surveyed_m\"": 22.3}"", ""{\""id\"": \""bldg_6e5e681c-19d4-4943-b08e-16205b7a410b\"", \""osm_m\"": 156.9, \""surveyed_m\"": 150.3}"", ""{\""id\"": \""bldg_6e6ff4b2-0975-4fb0-b075-feb6b4bc4d99\"", \""osm_m\"": 8.0, \""surveyed_m\"": 12.0}"", ""{\""id\"": \""bldg_6e7a001d-2852-4897-bceb-570c2a692fd6\"", \""osm_m\"": 7.7, \""surveyed_m\"": 11.0}"", ""{\""id\"": \""bldg_6e88f54c-6262-4c63-bd0a-52c271661647\"", \""osm_m\"": 88.16, \""surveyed_m\"": 71.8}"", ""{\""id\"": \""bldg_6e8e155e-e278-445f-ada5-fb4c5f6f5363\"", \""osm_m\"": 2.96, \""surveyed_m\"": 14.5}"", ""{\""id\"": \""bldg_6eacb401-2e94-4de9-a429-073249470b53\"", \""osm_m\"": 6.0, \""surveyed_m\"": 12.2}"", ""{\""id\"": \""bldg_6eb230c9-7d00-4a9e-b900-50ea95c0264f\"", \""osm_m\"": 15.0, \""surveyed_m\"": 9.9}"", ""{\""id\"": \""bldg_6f21aebd-019b-4b84-aef9-0a9373a1394f\"", \""osm_m\"": 37.27, \""surveyed_m\"": 29.3}"", ""{\""id\"": \""bldg_6f31f631-ffd7-45ec-beac-71850c51db89\"", \""osm_m\"": 10.5, \""surveyed_m\"": 14.9}"", ""{\""id\"": \""bldg_6f3e7e5c-f632-4559-a912-e548799c93e0\"", \""osm_m\"": 6.8, \""surveyed_m\"": 14.4}"", ""{\""id\"": \""bldg_6f537525-8cbd-465f-aef4-f546d0e24f7d\"", \""osm_m\"": 11.6, \""surveyed_m\"": 6.8}"", ""{\""id\"": \""bldg_6f927e58-f8ca-45ba-9bbf-b3101bed7be9\"", \""osm_m\"": 2.97, \""surveyed_m\"": 6.3}"", ""{\""id\"": \""bldg_6fc1e0d2-0afe-4ace-ad0f-3602892f2f6a\"", \""osm_m\"": 15.0, \""surveyed_m\"": 43.2}"", ""{\""id\"": \""bldg_6fc549ca-dd52-4a03-82e7-a76b9be78be7\"", \""osm_m\"": 4.5, \""surveyed_m\"": 8.3}"", ""{\""id\"": \""bldg_6fd54d86-1178-4f7a-a7c6-431aea6c8d4d\"", \""osm_m\"": 25.0, \""surveyed_m\"": 28.6}"", ""{\""id\"": \""bldg_70021f59-0a0b-498b-a85f-c804f32c9bff\"", \""osm_m\"": 97.0, \""surveyed_m\"": 87.8}"", ""{\""id\"": \""bldg_702efd7a-728a-4c7a-9c21-00afec341379\"", \""osm_m\"": 11.7, \""surveyed_m\"": 6.4}"", ""{\""id\"": \""bldg_7048f1d3-302e-4d98-98d8-5044d89c7b63\"", \""osm_m\"": 76.24, \""surveyed_m\"": 81.5}"", ""{\""id\"": \""bldg_704c7f3c-7d6f-47ac-b973-4c6b397e64d2\"", \""osm_m\"": 28.6, \""surveyed_m\"": 22.0}"", ""{\""id\"": \""bldg_70599d37-b85c-4400-832b-3ae839048251\"", \""osm_m\"": 31.5, \""surveyed_m\"": 27.7}"", ""{\""id\"": \""bldg_70968023-184e-4757-8313-ea7dd4e88f1b\"", \""osm_m\"": 21.5, \""surveyed_m\"": 45.0}"", ""{\""id\"": \""bldg_709def1d-a3d9-4eea-82c8-e3a9722d5d01\"", \""osm_m\"": 18.0, \""surveyed_m\"": 8.9}"", ""{\""id\"": \""bldg_70ceddf8-5a07-4222-bdab-894a5b88e2d5\"", \""osm_m\"": 30.0, \""surveyed_m\"": 38.5}"", ""{\""id\"": \""bldg_70d2b47c-4e7b-4bd2-a11f-1e4562364ab5\"", \""osm_m\"": 92.79, \""surveyed_m\"": 70.6}"", ""{\""id\"": \""bldg_717ca85b-b8bb-4244-943b-ab60bb2eac18\"", \""osm_m\"": 6.1, \""surveyed_m\"": 2.7}"", ""{\""id\"": \""bldg_71b0eafd-84f5-452f-8aae-b72c5fde19bc\"", \""osm_m\"": 3.02, \""surveyed_m\"": 9.0}"", ""{\""id\"": \""bldg_71e6aa62-80f0-4700-b150-cc3e50cf1467\"", \""osm_m\"": 98.0, \""surveyed_m\"": 107.5}"", ""{\""id\"": \""bldg_721a82c3-bbe0-42d6-a33c-a5c03282c0a6\"", \""osm_m\"": 23.7, \""surveyed_m\"": 18.2}"", ""{\""id\"": \""bldg_7253a96d-fcbb-4014-b0cf-cc18e03eb1ae\"", \""osm_m\"": 20.1, \""surveyed_m\"": 16.1}"", ""{\""id\"": \""bldg_725f800e-eb09-450b-85b0-36e70adcd297\"", \""osm_m\"": 66.0, \""surveyed_m\"": 62.5}"", ""{\""id\"": \""bldg_72698768-1ec1-41d5-bc7c-72d165872434\"", \""osm_m\"": 8.9, \""surveyed_m\"": 28.0}"", ""{\""id\"": \""bldg_72723e7f-3728-4a4c-a7cd-6413798d6088\"", \""osm_m\"": 15.3, \""surveyed_m\"": 4.4}"", ""{\""id\"": \""bldg_72d51245-10a5-4a1e-bbf1-2d2e19aa5355\"", \""osm_m\"": 3.03, \""surveyed_m\"": 8.2}"", ""{\""id\"": \""bldg_72fcf097-2496-4a38-95f8-ae9c4b83eeec\"", \""osm_m\"": 12.3, \""surveyed_m\"": 6.7}"", ""{\""id\"": \""bldg_73656ab4-750a-4090-a8fb-19d8ce3969cf\"", \""osm_m\"": 0.0, \""surveyed_m\"": 11.8}"", ""{\""id\"": \""bldg_736633b6-961e-42de-b1b9-d232daf1e351\"", \""osm_m\"": 50.0, \""surveyed_m\"": 44.9}"", ""{\""id\"": \""bldg_7383f5ca-5c28-44d0-9862-97f7bc1e5d87\"", \""osm_m\"": 148.45, \""surveyed_m\"": 140.8}"", ""{\""id\"": \""bldg_73c9b174-1263-440f-a501-9d6dfc55dd11\"", \""osm_m\"": 12.5, \""surveyed_m\"": 9.4}"", ""{\""id\"": \""bldg_73f6f5c5-5872-4a7d-81bb-5e2e6884b768\"", \""osm_m\"": 5.6, \""surveyed_m\"": 9.4}"", ""{\""id\"": \""bldg_7400de42-44ee-4588-9eb0-417945b8caed\"", \""osm_m\"": 24.0, \""surveyed_m\"": 16.5}"", ""{\""id\"": \""bldg_740ee143-153e-4d5d-a637-c097a63de8de\"", \""osm_m\"": 105.0, \""surveyed_m\"": 45.1}"", ""{\""id\"": \""bldg_745cb51c-44ec-4219-b481-fef246b16425\"", \""osm_m\"": 2.97, \""surveyed_m\"": 6.0}"", ""{\""id\"": \""bldg_747809e4-f20e-4de8-b89b-bb47ec3b6265\"", \""osm_m\"": 28.0, \""surveyed_m\"": 36.5}"", ""{\""id\"": \""bldg_74a150fa-4d28-4c81-be30-2033f4e63ae5\"", \""osm_m\"": 99.9, \""surveyed_m\"": 105.0}"", ""{\""id\"": \""bldg_74b54903-f292-4874-8db4-d2315ea75d73\"", \""osm_m\"": 127.66, \""surveyed_m\"": 11.6}"", ""{\""id\"": \""bldg_74cc0530-7a56-49e2-9a1a-8d9583cfc743\"", \""osm_m\"": 30.4, \""surveyed_m\"": 19.4}"", ""{\""id\"": \""bldg_750742b0-e1ff-43ee-bffc-db991c0d47da\"", \""osm_m\"": 23.3, \""surveyed_m\"": 5.4}"", ""{\""id\"": \""bldg_75629ed1-1c85-440a-9227-df016ba35993\"", \""osm_m\"": 36.13, \""surveyed_m\"": 32.9}"", ""{\""id\"": \""bldg_7563802b-c36e-4fe1-b6bf-17b2e8324342\"", \""osm_m\"": 10.2, \""surveyed_m\"": 47.2}"", ""{\""id\"": \""bldg_75719ebc-4ab7-41a2-a4d9-6757d4cfbde5\"", \""osm_m\"": 2.95, \""surveyed_m\"": 6.5}"", ""{\""id\"": \""bldg_75a44591-3377-432c-906d-d78570c3d9dc\"", \""osm_m\"": 3.01, \""surveyed_m\"": 9.5}"", ""{\""id\"": \""bldg_75f52aa3-49de-4252-912e-ecf197ab0bdb\"", \""osm_m\"": 3.01, \""surveyed_m\"": 8.9}"", ""{\""id\"": \""bldg_7632327e-b998-4803-9aa4-fc363244112f\"", \""osm_m\"": 6.3, \""surveyed_m\"": 9.8}"", ""{\""id\"": \""bldg_763bf086-fe09-41bd-910c-70f636e8121b\"", \""osm_m\"": 1.0, \""surveyed_m\"": 4.2}"", ""{\""id\"": \""bldg_76445d39-d6f5-45a0-baed-41f58a608c34\"", \""osm_m\"": 215.75, \""surveyed_m\"": 212.4}"", ""{\""id\"": \""bldg_768ebcc0-2ca0-4148-a614-00d29b3449db\"", \""osm_m\"": 114.85, \""surveyed_m\"": 120.1}"", ""{\""id\"": \""bldg_76ab28f6-e83d-4fd0-880a-1e1be91aae48\"", \""osm_m\"": 28.6, \""surveyed_m\"": 22.3}"", ""{\""id\"": \""bldg_76f65786-73b1-4517-886f-db397179a363\"", \""osm_m\"": 2.95, \""surveyed_m\"": 9.9}"", ""{\""id\"": \""bldg_76fb6f33-504b-4bcc-9168-2c5c37bda828\"", \""osm_m\"": 38.5, \""surveyed_m\"": 42.2}"", ""{\""id\"": \""bldg_7704dde9-3e2a-44a6-8243-4db09835b9ee\"", \""osm_m\"": 6.2, \""surveyed_m\"": 9.7}"", ""{\""id\"": \""bldg_771b993f-544f-4476-8a38-15576b039123\"", \""osm_m\"": 17.5, \""surveyed_m\"": 9.0}"", ""{\""id\"": \""bldg_77350fcd-048d-42de-a379-64f7d8d4a990\"", \""osm_m\"": 68.0, \""surveyed_m\"": 44.2}"", ""{\""id\"": \""bldg_77603083-de1a-40e2-9fc4-aaa5fb86609d\"", \""osm_m\"": 7.1, \""surveyed_m\"": 3.7}"", ""{\""id\"": \""bldg_77abd7e0-92a4-4694-ac2f-5085d0e1ba92\"", \""osm_m\"": 116.4, \""surveyed_m\"": 106.8}"", ""{\""id\"": \""bldg_77c1190b-f71a-4017-8395-d26c7b3fa45d\"", \""osm_m\"": 2.98, \""surveyed_m\"": 6.6}"", ""{\""id\"": \""bldg_77ca1a15-3b35-4386-8f86-152ed71c4c64\"", \""osm_m\"": 31.7, \""surveyed_m\"": 16.1}"", ""{\""id\"": \""bldg_783f8c1d-430f-4027-96e1-21281099ea70\"", \""osm_m\"": 14.3, \""surveyed_m\"": 5.5}"", ""{\""id\"": \""bldg_784c6d93-d1f6-43e5-aa0c-e05211355cd1\"", \""osm_m\"": 59.99, \""surveyed_m\"": 50.1}"", ""{\""id\"": \""bldg_7862acd9-76f4-443c-ad6f-8537b54ad8f9\"", \""osm_m\"": 11.2, \""surveyed_m\"": 6.3}"", ""{\""id\"": \""bldg_78dbf87e-2648-46f5-95d1-27280a590baa\"", \""osm_m\"": 25.0, \""surveyed_m\"": 41.3}"", ""{\""id\"": \""bldg_78f6d6c1-1295-424f-ba25-804f29559eca\"", \""osm_m\"": 15.2, \""surveyed_m\"": 11.3}"", ""{\""id\"": \""bldg_7a206adf-dda8-49f0-bfa7-a88119af3669\"", \""osm_m\"": 3.0, \""surveyed_m\"": 9.0}"", ""{\""id\"": \""bldg_7a7813ba-496e-42d0-bc1d-558b8f735bdb\"", \""osm_m\"": 3.02, \""surveyed_m\"": 7.5}"", ""{\""id\"": \""bldg_7a7e75af-49c2-4f02-9d95-826cd96b0d07\"", \""osm_m\"": 10.0, \""surveyed_m\"": 20.09}"", ""{\""id\"": \""bldg_7a92e54b-cdea-47c4-9683-142a236630a9\"", \""osm_m\"": 6.0, \""surveyed_m\"": 69.3}"", ""{\""id\"": \""bldg_7abce060-342d-49fa-b8db-967ec0f8b669\"", \""osm_m\"": 3.03, \""surveyed_m\"": 7.8}"", ""{\""id\"": \""bldg_7ace042a-35e4-456e-bdca-ffbd0fadd20f\"", \""osm_m\"": 7.9, \""surveyed_m\"": 21.9}"", ""{\""id\"": \""bldg_7af46752-bb13-45a6-a218-86a602be903d\"", \""osm_m\"": 30.0, \""surveyed_m\"": 33.33}"", ""{\""id\"": \""bldg_7aff4a51-be8b-405b-abe4-ac489697cbc8\"", \""osm_m\"": 21.0, \""surveyed_m\"": 332.1}"", ""{\""id\"": \""bldg_7b006717-e9e6-4a94-8843-1f4ce13b2509\"", \""osm_m\"": 229.706, \""surveyed_m\"": 220.0}"", ""{\""id\"": \""bldg_7b428cbf-a49d-49eb-a351-d48b17fdbbbe\"", \""osm_m\"": 7.7, \""surveyed_m\"": 12.2}"", ""{\""id\"": \""bldg_7b52f1a9-bddb-4d9d-82d1-7aa179486437\"", \""osm_m\"": 6.0, \""surveyed_m\"": 10.2}"", ""{\""id\"": \""bldg_7b743c61-09a6-4a79-a941-8484dd9a5959\"", \""osm_m\"": 238.0, \""surveyed_m\"": 24.8}"", ""{\""id\"": \""bldg_7bab9c64-baa0-46bf-a19c-4f86f84ee138\"", \""osm_m\"": 21.0, \""surveyed_m\"": 35.3}"", ""{\""id\"": \""bldg_7bc38aa2-d71d-4e21-bdde-59eccea65cb5\"", \""osm_m\"": 12.9, \""surveyed_m\"": 6.3}"", ""{\""id\"": \""bldg_7c425d8f-879b-47ee-9b46-4cfd1c43765a\"", \""osm_m\"": 3.01, \""surveyed_m\"": 9.2}"", ""{\""id\"": \""bldg_7c672d59-20fb-495a-a380-0ed23b5fb96a\"", \""osm_m\"": 45.4, \""surveyed_m\"": 31.7}"", ""{\""id\"": \""bldg_7cac29dc-c066-4b67-8f6e-5af846bbef12\"", \""osm_m\"": 1.1, \""surveyed_m\"": 6.0}"", ""{\""id\"": \""bldg_7cd84fb6-ccec-4a9d-8946-ab0e9f5b7469\"", \""osm_m\"": 27.0, \""surveyed_m\"": 38.6}"", ""{\""id\"": \""bldg_7cdca7cc-dd83-44ed-8609-f2908315ffcc\"", \""osm_m\"": 2.96, \""surveyed_m\"": 6.4}"", ""{\""id\"": \""bldg_7cf8d81e-dc00-4fb9-be69-0f660731d776\"", \""osm_m\"": 39.3, \""surveyed_m\"": 34.3}"", ""{\""id\"": \""bldg_7d07b700-3a7d-4d27-9f8f-6a5557550514\"", \""osm_m\"": 7.0, \""surveyed_m\"": 10.6}"", ""{\""id\"": \""bldg_7d2235c9-2c63-49ee-a469-40972a2b2437\"", \""osm_m\"": 36.0, \""surveyed_m\"": 42.2}"", ""{\""id\"": \""bldg_7d3b3518-6850-4400-a94b-5733522dc3c6\"", \""osm_m\"": 77.0, \""surveyed_m\"": 71.9}"", ""{\""id\"": \""bldg_7d44c491-ffcf-4c56-a40d-65dbebfb7372\"", \""osm_m\"": 12.3, \""surveyed_m\"": 8.1}"", ""{\""id\"": \""bldg_7d745351-9d6c-45ff-8650-4f616222b487\"", \""osm_m\"": 59.89, \""surveyed_m\"": 66.0}"", ""{\""id\"": \""bldg_7dd4fc45-80ce-499d-a3dd-e66b572bc57a\"", \""osm_m\"": 43.0, \""surveyed_m\"": 8.7}"", ""{\""id\"": \""bldg_7dd7b563-b336-4028-90f2-d77d47049992\"", \""osm_m\"": 15.6, \""surveyed_m\"": 11.9}"", ""{\""id\"": \""bldg_7e1ef59d-f4e4-4b4f-b3f5-d64447aac562\"", \""osm_m\"": 125.0, \""surveyed_m\"": 64.2}"", ""{\""id\"": \""bldg_7e22acbb-56f8-4ece-bcee-3f5ccf7ee5cd\"", \""osm_m\"": 16.8, \""surveyed_m\"": 5.8}"", ""{\""id\"": \""bldg_7e40cd11-f518-41d2-9d08-6d40f85886af\"", \""osm_m\"": 15.0, \""surveyed_m\"": 8.7}"", ""{\""id\"": \""bldg_7e617ecb-76b1-40d6-bd74-7683f1af9597\"", \""osm_m\"": 28.8, \""surveyed_m\"": 13.8}"", ""{\""id\"": \""bldg_7e630f88-c76f-4794-824f-2a723fbacf8c\"", \""osm_m\"": 2.95, \""surveyed_m\"": 7.0}"", ""{\""id\"": \""bldg_7e673dbb-95f1-4a0c-bdab-b0d7bb352d3b\"", \""osm_m\"": 41.0, \""surveyed_m\"": 26.1}"", ""{\""id\"": \""bldg_7e7e705d-67d6-4e46-abb4-0def0746f411\"", \""osm_m\"": 3.0, \""surveyed_m\"": 8.4}"", ""{\""id\"": \""bldg_7e80416a-6d50-4f24-87f4-9b56b736d73e\"", \""osm_m\"": 19.1, \""surveyed_m\"": 13.3}"", ""{\""id\"": \""bldg_7ecd050b-00f3-49b9-ae2f-5c3b2faee149\"", \""osm_m\"": 9.0, \""surveyed_m\"": 5.1}"", ""{\""id\"": \""bldg_7edfdc76-b5f3-4c40-9205-581773143c79\"", \""osm_m\"": 141.0, \""surveyed_m\"": 154.6}"", ""{\""id\"": \""bldg_7f1f3c86-05d2-4d85-920a-39fc067fe3da\"", \""osm_m\"": 55.8, \""surveyed_m\"": 47.1}"", ""{\""id\"": \""bldg_7f3b33ee-64f5-4b6f-bc1f-9db7ae0efeaa\"", \""osm_m\"": 15.4, \""surveyed_m\"": 7.5}"", ""{\""id\"": \""bldg_7f40d19b-fca6-40eb-8a4c-ad088bc5b908\"", \""osm_m\"": 2.98, \""surveyed_m\"": 9.2}"", ""{\""id\"": \""bldg_7f6525a3-ab3b-49af-9562-c8f7d328436b\"", \""osm_m\"": 2.98, \""surveyed_m\"": 9.8}"", ""{\""id\"": \""bldg_7f7f9f14-b630-4dc1-b036-5d4b5438addf\"", \""osm_m\"": 5.0, \""surveyed_m\"": 18.3}"", ""{\""id\"": \""bldg_7f8b6493-7249-425e-bc6e-9367d7301515\"", \""osm_m\"": 35.2, \""surveyed_m\"": 27.3}"", ""{\""id\"": \""bldg_7fb318c6-73d2-4706-9ff0-992e75a1218c\"", \""osm_m\"": 44.3, \""surveyed_m\"": 33.2}"", ""{\""id\"": \""bldg_8006e0fd-afa2-4b75-a0af-b3fd2deb518e\"", \""osm_m\"": 70.0, \""surveyed_m\"": 76.0}"", ""{\""id\"": \""bldg_80154fc3-220b-4f7f-9471-7086819d42d2\"", \""osm_m\"": 22.8, \""surveyed_m\"": 18.6}"", ""{\""id\"": \""bldg_8048ec7a-076c-4741-a091-f8f2c7f7f0b4\"", \""osm_m\"": 7.3, \""surveyed_m\"": 10.9}"", ""{\""id\"": \""bldg_8049fd55-bfe9-45f3-bde2-8af4dedf6b25\"", \""osm_m\"": 8.3, \""surveyed_m\"": 1.8}"", ""{\""id\"": \""bldg_80567521-1a11-4965-96ec-44bb76dc4537\"", \""osm_m\"": 6.5, \""surveyed_m\"": 9.8}"", ""{\""id\"": \""bldg_805b199f-4248-48f5-86b8-0d8229075be8\"", \""osm_m\"": 121.217, \""surveyed_m\"": 133.3}"", ""{\""id\"": \""bldg_8076763f-cb11-40ba-a58f-842cd33d0e88\"", \""osm_m\"": 9.7, \""surveyed_m\"": 13.7}"", ""{\""id\"": \""bldg_80f072e8-6b20-4acf-aa2a-d1f482cccc7f\"", \""osm_m\"": 14.1, \""surveyed_m\"": 9.7}"", ""{\""id\"": \""bldg_80f1f1bd-b0bc-456c-bb12-c8a7ba18757e\"", \""osm_m\"": 69.26, \""surveyed_m\"": 66.0}"", ""{\""id\"": \""bldg_811214be-0724-4ff8-893f-5a20dbfc80a7\"", \""osm_m\"": 23.3, \""surveyed_m\"": 11.3}"", ""{\""id\"": \""bldg_81336955-9463-452e-9d2a-c45003098f2e\"", \""osm_m\"": 10.0, \""surveyed_m\"": 29.5}"", ""{\""id\"": \""bldg_815968ca-d5f6-4e1a-9bd9-92de99593cff\"", \""osm_m\"": 10.6, \""surveyed_m\"": 18.6}"", ""{\""id\"": \""bldg_81aedf66-eb97-41d9-9746-6debe55f586f\"", \""osm_m\"": 15.0, \""surveyed_m\"": 28.2}"", ""{\""id\"": \""bldg_8215db4e-b02e-4b83-9968-50187a7805c1\"", \""osm_m\"": 18.3, \""surveyed_m\"": 12.6}"", ""{\""id\"": \""bldg_8218b74e-1956-4280-86f4-998677957758\"", \""osm_m\"": 36.9, \""surveyed_m\"": 25.6}"", ""{\""id\"": \""bldg_822060e5-d7f4-40fc-9caa-cfe7987a228d\"", \""osm_m\"": 28.0, \""surveyed_m\"": 32.9}"", ""{\""id\"": \""bldg_8221b7ac-9b3e-436d-81db-a34a61f55f2a\"", \""osm_m\"": 10.4, \""surveyed_m\"": 19.1}"", ""{\""id\"": \""bldg_822830f9-7d87-4dd1-b856-0983edbe5cbf\"", \""osm_m\"": 13.3, \""surveyed_m\"": 5.8}"", ""{\""id\"": \""bldg_823aa30d-d11a-41d1-99c6-20537da774e9\"", \""osm_m\"": 14.0, \""surveyed_m\"": 19.3}"", ""{\""id\"": \""bldg_825b3335-cb17-497f-9512-9447bd8dbedc\"", \""osm_m\"": 2.99, \""surveyed_m\"": 6.4}"", ""{\""id\"": \""bldg_82c01ea9-d7b8-45cd-9d7d-3124e824fdf5\"", \""osm_m\"": 13.0, \""surveyed_m\"": 8.0}"", ""{\""id\"": \""bldg_83266fa5-9417-4d01-934c-775785c6ecfc\"", \""osm_m\"": 14.1, \""surveyed_m\"": 8.7}"", ""{\""id\"": \""bldg_8350348e-01e4-45a9-a7e1-6f444d9ce35b\"", \""osm_m\"": 11.0, \""surveyed_m\"": 6.8}"", ""{\""id\"": \""bldg_83584dfc-4159-4b65-ae81-85b0ad5bcd31\"", \""osm_m\"": 167.0, \""surveyed_m\"": 170.4}"", ""{\""id\"": \""bldg_839820c6-8c72-4117-a53a-50a8a2cd29fb\"", \""osm_m\"": 17.8, \""surveyed_m\"": 12.6}"", ""{\""id\"": \""bldg_83b1d006-9aad-4bf9-8442-ed03dbf6efcb\"", \""osm_m\"": 13.6, \""surveyed_m\"": 9.6}"", ""{\""id\"": \""bldg_83c15236-30ce-4a91-b65d-68e7709ff8c6\"", \""osm_m\"": 40.0, \""surveyed_m\"": 46.3}"", ""{\""id\"": \""bldg_83c9ac76-165f-4a61-b0b9-0165064bace7\"", \""osm_m\"": 119.0, \""surveyed_m\"": 114.6}"", ""{\""id\"": \""bldg_83f2e5c3-d824-441d-9f1b-f33a76e28879\"", \""osm_m\"": 18.3, \""surveyed_m\"": 38.6}"", ""{\""id\"": \""bldg_83f44c54-731d-4c6d-b041-b5c05e269904\"", \""osm_m\"": 33.2, \""surveyed_m\"": 26.9}"", ""{\""id\"": \""bldg_83f7099f-7636-4818-a9f6-db5bdae66e03\"", \""osm_m\"": 2.96, \""surveyed_m\"": 6.3}"", ""{\""id\"": \""bldg_84569ce0-be7c-455b-a335-b4961c58691b\"", \""osm_m\"": 17.7, \""surveyed_m\"": 14.3}"", ""{\""id\"": \""bldg_845d7746-da00-4bad-8127-73a169586ce5\"", \""osm_m\"": 98.0, \""surveyed_m\"": 132.6}"", ""{\""id\"": \""bldg_847594e3-5b22-4bfd-9b20-62c50b02653a\"", \""osm_m\"": 11.3, \""surveyed_m\"": 3.2}"", ""{\""id\"": \""bldg_84788b5f-1abd-4d53-aa5e-9675008db99d\"", \""osm_m\"": 3.03, \""surveyed_m\"": 6.8}"", ""{\""id\"": \""bldg_84b64722-2036-47b6-8067-c2652a8d7786\"", \""osm_m\"": 3.01, \""surveyed_m\"": 7.6}"", ""{\""id\"": \""bldg_84dbe84c-8991-4123-8849-21d5f74efea0\"", \""osm_m\"": 3.1, \""surveyed_m\"": 9.2}"", ""{\""id\"": \""bldg_85148592-827c-4ef7-aadd-6f00fa4486c9\"", \""osm_m\"": 35.0, \""surveyed_m\"": 42.5}"", ""{\""id\"": \""bldg_8534953f-eb1c-463a-a6fe-9b1c48099a51\"", \""osm_m\"": 6.2, \""surveyed_m\"": 11.1}"", ""{\""id\"": \""bldg_8549e3e7-9619-49c2-9d3c-88d63fab4629\"", \""osm_m\"": 36.0, \""surveyed_m\"": 58.0}"", ""{\""id\"": \""bldg_855c6c95-10fb-46b5-9ad1-8977789b558b\"", \""osm_m\"": 106.0, \""surveyed_m\"": 99.5}"", ""{\""id\"": \""bldg_855f1ac7-0f80-4b1d-bef6-b3af8e054c73\"", \""osm_m\"": 11.2, \""surveyed_m\"": 14.3}"", ""{\""id\"": \""bldg_85a45fc6-4f84-46ee-a413-ee741454f71f\"", \""osm_m\"": 3.03, \""surveyed_m\"": 7.5}"", ""{\""id\"": \""bldg_85aa74fb-19ea-4a10-9917-21152836d8fc\"", \""osm_m\"": 18.7, \""surveyed_m\"": 14.9}"", ""{\""id\"": \""bldg_85c608dc-8b41-451d-835f-39da0a708554\"", \""osm_m\"": 19.5, \""surveyed_m\"": 2.9}"", ""{\""id\"": \""bldg_85c75b6e-5aa2-4748-9595-0c7c2663c01a\"", \""osm_m\"": 59.1, \""surveyed_m\"": 55.4}"", ""{\""id\"": \""bldg_85dbd201-3c49-4a60-b886-3f09a61e6aa5\"", \""osm_m\"": 40.0, \""surveyed_m\"": 45.9}"", ""{\""id\"": \""bldg_85e56484-4b86-4f16-8b78-5c668691b6b0\"", \""osm_m\"": 40.0, \""surveyed_m\"": 57.2}"", ""{\""id\"": \""bldg_85f93bfc-38f3-4835-9427-04f90d703e59\"", \""osm_m\"": 51.4, \""surveyed_m\"": 37.8}"", ""{\""id\"": \""bldg_861e9fa3-3ab6-443b-a1b0-6457f4d2e6dd\"", \""osm_m\"": 37.0, \""surveyed_m\"": 58.2}"", ""{\""id\"": \""bldg_8647930c-7973-4c1e-b71f-20b0880ea0c5\"", \""osm_m\"": 15.0, \""surveyed_m\"": 22.9}"", ""{\""id\"": \""bldg_866bd9e1-bafc-4345-8ab4-ee83747516fc\"", \""osm_m\"": 2.97, \""surveyed_m\"": 6.4}"", ""{\""id\"": \""bldg_86a19027-5af5-4193-9827-41e6737dc5a7\"", \""osm_m\"": 80.0, \""surveyed_m\"": 83.3}"", ""{\""id\"": \""bldg_86c8f63d-49c5-435a-bc39-a9fa206611b5\"", \""osm_m\"": 43.6, \""surveyed_m\"": 4.0}"", ""{\""id\"": \""bldg_86d12101-54f7-44cb-9a26-a7ae2a60f44e\"", \""osm_m\"": 7.9, \""surveyed_m\"": 14.2}"", ""{\""id\"": \""bldg_87434b30-0653-4b85-8b2e-c4b771c475a7\"", \""osm_m\"": 7.0, \""surveyed_m\"": 16.3}"", ""{\""id\"": \""bldg_87740989-15e2-4b4b-958e-1aee43abc0f4\"", \""osm_m\"": 2.95, \""surveyed_m\"": 17.3}"", ""{\""id\"": \""bldg_87f8baea-3d2f-4a79-b9b9-c93db5d386b3\"", \""osm_m\"": 70.0, \""surveyed_m\"": 16.6}"", ""{\""id\"": \""bldg_880d8286-16b0-4756-81dd-b39dafff8eb8\"", \""osm_m\"": 42.6, \""surveyed_m\"": 36.6}"", ""{\""id\"": \""bldg_8833a534-65c6-4bdd-80f4-d9c7e7fc0ee8\"", \""osm_m\"": 10.8, \""surveyed_m\"": 21.0}"", ""{\""id\"": \""bldg_883ceddb-fe3c-4295-97a3-180f75a2871b\"", \""osm_m\"": 28.2, \""surveyed_m\"": 24.6}"", ""{\""id\"": \""bldg_887fefb6-8038-4603-9d69-5c5faf8d0828\"", \""osm_m\"": 9.8, \""surveyed_m\"": 6.7}"", ""{\""id\"": \""bldg_8891bdc4-31e0-4989-998f-13f143dc583b\"", \""osm_m\"": 20.0, \""surveyed_m\"": 24.3}"", ""{\""id\"": \""bldg_889ee28e-d27b-4697-b72b-8d249e9b1700\"", \""osm_m\"": 3.0, \""surveyed_m\"": 9.7}"", ""{\""id\"": \""bldg_88a3e662-3e86-4fa6-88ee-ad89d19c1e8f\"", \""osm_m\"": 28.0, \""surveyed_m\"": 36.3}"", ""{\""id\"": \""bldg_88a7ba7a-cd13-46f8-8add-7739af0b14bd\"", \""osm_m\"": 16.1, \""surveyed_m\"": 12.6}"", ""{\""id\"": \""bldg_88c5a2b6-fd12-446d-93ea-ed6ce8be3eba\"", \""osm_m\"": 92.0, \""surveyed_m\"": 97.5}"", ""{\""id\"": \""bldg_890669e0-775c-4e41-8fc5-f8dfde770c4f\"", \""osm_m\"": 5.0, \""surveyed_m\"": 12.9}"", ""{\""id\"": \""bldg_890a03a3-3259-4ba0-bcf8-efae2c231871\"", \""osm_m\"": 185.0, \""surveyed_m\"": 59.1}"", ""{\""id\"": \""bldg_890d58a1-dca2-4910-bbf2-7912048cf38f\"", \""osm_m\"": 3.02, \""surveyed_m\"": 8.2}"", ""{\""id\"": \""bldg_89626118-899d-41c7-b35d-24e56dbf59d3\"", \""osm_m\"": 2.99, \""surveyed_m\"": 9.2}"", ""{\""id\"": \""bldg_89a5dc20-4e6e-4823-8eb6-9b0f250f7dfd\"", \""osm_m\"": 26.5, \""surveyed_m\"": 31.2}"", ""{\""id\"": \""bldg_89b0d2c9-d982-43ec-b8ea-481dad9d7489\"", \""osm_m\"": 3.02, \""surveyed_m\"": 7.3}"", ""{\""id\"": \""bldg_89b54620-0a17-4a2f-bb04-592ecf39d610\"", \""osm_m\"": 15.3, \""surveyed_m\"": 20.8}"", ""{\""id\"": \""bldg_89c9c25d-eb0b-4d6d-be33-4edb284a8880\"", \""osm_m\"": 5.3, \""surveyed_m\"": 9.4}"", ""{\""id\"": \""bldg_89dd6b24-e69c-4f0f-aea8-534131bd8217\"", \""osm_m\"": 56.0, \""surveyed_m\"": 61.5}"", ""{\""id\"": \""bldg_89e585dc-50ee-485f-bed1-ce0101523b1e\"", \""osm_m\"": 120.0, \""surveyed_m\"": 107.0}"", ""{\""id\"": \""bldg_8a455b98-83dd-4137-81fd-a4f793929c19\"", \""osm_m\"": 14.0, \""surveyed_m\"": 31.9}"", ""{\""id\"": \""bldg_8a5376cd-11df-4983-9279-53a12c533bc7\"", \""osm_m\"": 3.03, \""surveyed_m\"": 6.2}"", ""{\""id\"": \""bldg_8a5f217e-aaec-4e36-a6ad-43d23c2acb9b\"", \""osm_m\"": 38.1, \""surveyed_m\"": 42.7}"", ""{\""id\"": \""bldg_8ad94d05-ad7f-43e5-9c02-820351f1eaaa\"", \""osm_m\"": 3.04, \""surveyed_m\"": 8.8}"", ""{\""id\"": \""bldg_8ae503e9-a595-4eff-9822-94e67e49b391\"", \""osm_m\"": 7.6, \""surveyed_m\"": 4.2}"", ""{\""id\"": \""bldg_8b3c0aee-c23f-43bc-9022-f9a4f7724e42\"", \""osm_m\"": 142.0, \""surveyed_m\"": 151.1}"", ""{\""id\"": \""bldg_8b417550-f8f7-417c-a754-022aeb807138\"", \""osm_m\"": 13.2, \""surveyed_m\"": 9.7}"", ""{\""id\"": \""bldg_8b4e9c60-4ba5-4f61-b6f1-565d351a6f96\"", \""osm_m\"": 31.4, \""surveyed_m\"": 22.7}"", ""{\""id\"": \""bldg_8b77a248-d38c-47a2-b304-68f5032b2a96\"", \""osm_m\"": 39.5, \""surveyed_m\"": 30.1}"", ""{\""id\"": \""bldg_8bcd0809-5f26-4d4f-9f0b-d23308a6134b\"", \""osm_m\"": 30.0, \""surveyed_m\"": 26.7}"", ""{\""id\"": \""bldg_8bdae8dd-29a8-44a4-9e61-fbb38410b5be\"", \""osm_m\"": 38.5, \""surveyed_m\"": 42.9}"", ""{\""id\"": \""bldg_8c2b9573-4575-4403-9d21-b74cb037aa7f\"", \""osm_m\"": 15.0, \""surveyed_m\"": 11.4}"", ""{\""id\"": \""bldg_8c738420-b5f3-420f-9d48-e3d7c65d361f\"", \""osm_m\"": 24.0, \""surveyed_m\"": 17.7}"", ""{\""id\"": \""bldg_8cb7519e-c05a-4189-b5d7-9b4da542a6e0\"", \""osm_m\"": 91.0, \""surveyed_m\"": 72.8}"", ""{\""id\"": \""bldg_8cd89c49-4ee2-4993-bc74-9867ac009880\"", \""osm_m\"": 5.0, \""surveyed_m\"": 19.1}"", ""{\""id\"": \""bldg_8cdf1d5a-2bb5-4dd1-9685-a95ec2a91188\"", \""osm_m\"": 70.0, \""surveyed_m\"": 53.8}"", ""{\""id\"": \""bldg_8cf011ee-e871-4879-9456-214b84183afa\"", \""osm_m\"": 8.4, \""surveyed_m\"": 12.6}"", ""{\""id\"": \""bldg_8cf8d006-34cc-4780-9c0c-7327d283c72e\"", \""osm_m\"": 2.95, \""surveyed_m\"": 6.7}"", ""{\""id\"": \""bldg_8d0b4ed3-49d9-4bed-a130-15bafb30a84d\"", \""osm_m\"": 29.7, \""surveyed_m\"": 11.4}"", ""{\""id\"": \""bldg_8d0efb82-ba8f-4e0c-b914-7a5211827fd6\"", \""osm_m\"": 3.0, \""surveyed_m\"": 8.1}"", ""{\""id\"": \""bldg_8d10ceaf-2b2d-49e0-8ec1-ef2b0f3d532b\"", \""osm_m\"": 25.0, \""surveyed_m\"": 35.4}"", ""{\""id\"": \""bldg_8d1396e8-c333-437b-a1a2-48735cfe2b78\"", \""osm_m\"": 14.4, \""surveyed_m\"": 7.6}"", ""{\""id\"": \""bldg_8d16dd8c-0b45-419d-901a-28c2ec9b5cd9\"", \""osm_m\"": 10.1, \""surveyed_m\"": 6.9}"", ""{\""id\"": \""bldg_8d4902b4-14fc-4b3c-ab8f-09cfc4a24c41\"", \""osm_m\"": 16.4, \""surveyed_m\"": 9.7}"", ""{\""id\"": \""bldg_8d67f6a6-0225-4d1e-8f8e-18ed9f3952e0\"", \""osm_m\"": 39.5, \""surveyed_m\"": 33.4}"", ""{\""id\"": \""bldg_8d758887-46b1-4493-a444-20c810818bfe\"", \""osm_m\"": 7.8, \""surveyed_m\"": 4.7}"", ""{\""id\"": \""bldg_8db19cc9-db2f-4814-9722-3745ce9764d6\"", \""osm_m\"": 28.1, \""surveyed_m\"": 23.6}"", ""{\""id\"": \""bldg_8db29087-82b5-46f3-8faf-2e8ed616d071\"", \""osm_m\"": 0.0, \""surveyed_m\"": 89.5}"", ""{\""id\"": \""bldg_8e5d122f-addc-42d9-91f3-7c6229df0c84\"", \""osm_m\"": 11.9, \""surveyed_m\"": 7.0}"", ""{\""id\"": \""bldg_8e802ef5-de51-448a-9b60-122cf249615f\"", \""osm_m\"": 17.0, \""surveyed_m\"": 23.9}"", ""{\""id\"": \""bldg_8e914793-2eb1-4b29-8be1-3a732758e783\"", \""osm_m\"": 15.4, \""surveyed_m\"": 5.7}"", ""{\""id\"": \""bldg_8ec3c42d-51d2-442e-82d8-3f2edceb52bf\"", \""osm_m\"": 1.1, \""surveyed_m\"": 5.6}"", ""{\""id\"": \""bldg_8ed10f5b-e5a3-48fe-942c-b95a3101aefa\"", \""osm_m\"": 2.98, \""surveyed_m\"": 6.3}"", ""{\""id\"": \""bldg_8ef87b42-d7ec-4571-a997-a7a01da7f6a0\"", \""osm_m\"": 180.0, \""surveyed_m\"": 73.4}"", ""{\""id\"": \""bldg_8efca53d-793a-4491-8e8f-6cffc8578a0e\"", \""osm_m\"": 2.98, \""surveyed_m\"": 7.3}"", ""{\""id\"": \""bldg_8f1f7ae9-9540-4301-98e5-f6269903407b\"", \""osm_m\"": 188.65, \""surveyed_m\"": 181.7}"", ""{\""id\"": \""bldg_8f33caf0-cbc2-42ae-ae8c-04e1bb7e9d0f\"", \""osm_m\"": 6.0, \""surveyed_m\"": 9.1}"", ""{\""id\"": \""bldg_8f48d6e3-ba43-41f7-89b3-8d748bdb57d0\"", \""osm_m\"": 150.0, \""surveyed_m\"": 37.9}"", ""{\""id\"": \""bldg_8f7fea8a-d905-4b1c-8a8e-f4d664b87f2b\"", \""osm_m\"": 25.0, \""surveyed_m\"": 34.5}"", ""{\""id\"": \""bldg_8f868b3b-d4db-472e-bd38-4abb6ec30738\"", \""osm_m\"": 13.0, \""surveyed_m\"": 22.0}"", ""{\""id\"": \""bldg_8fb128df-7bf7-4ca6-8b38-47f6e484c97a\"", \""osm_m\"": 191.0, \""surveyed_m\"": 136.6}"", ""{\""id\"": \""bldg_8fb46faf-e4de-4bac-9322-6d20f5ee54d0\"", \""osm_m\"": 3.04, \""surveyed_m\"": 27.9}"", ""{\""id\"": \""bldg_8fe2abab-1566-4e20-9aad-1785227c4dad\"", \""osm_m\"": 30.0, \""surveyed_m\"": 38.1}"", ""{\""id\"": \""bldg_903e1045-0097-43eb-a6eb-5b131933fb55\"", \""osm_m\"": 91.7, \""surveyed_m\"": 60.1}"", ""{\""id\"": \""bldg_908059e9-b4fe-4b72-b990-513d552aa3a4\"", \""osm_m\"": 85.79, \""surveyed_m\"": 7.1}"", ""{\""id\"": \""bldg_90b504d3-4047-465b-8450-a8ec5c19a5b0\"", \""osm_m\"": 2.96, \""surveyed_m\"": 7.2}"", ""{\""id\"": \""bldg_90cf0c3a-2570-4342-ac05-234a701b0d0b\"", \""osm_m\"": 14.1, \""surveyed_m\"": 10.6}"", ""{\""id\"": \""bldg_91b94fd2-d26d-425b-88b8-777646d8b83f\"", \""osm_m\"": 30.0, \""surveyed_m\"": 45.6}"", ""{\""id\"": \""bldg_91d99110-9513-4b00-81a3-8c8d2f96cfd3\"", \""osm_m\"": 8.0, \""surveyed_m\"": 25.2}"", ""{\""id\"": \""bldg_920aa98e-48d9-474e-9f33-e203e2b3a4a7\"", \""osm_m\"": 43.6, \""surveyed_m\"": 32.8}"", ""{\""id\"": \""bldg_923ae93c-25b4-4395-baeb-ae08f8633984\"", \""osm_m\"": 59.98, \""surveyed_m\"": 65.4}"", ""{\""id\"": \""bldg_925c2535-4e03-47c0-b0da-be0ed5a8d509\"", \""osm_m\"": 16.0, \""surveyed_m\"": 10.3}"", ""{\""id\"": \""bldg_9260b5f6-834d-41cc-8bec-25397bd43a2f\"", \""osm_m\"": 120.85, \""surveyed_m\"": 115.5}"", ""{\""id\"": \""bldg_9283203c-704e-4cd3-b840-6b623db3a77c\"", \""osm_m\"": 191.0, \""surveyed_m\"": 184.3}"", ""{\""id\"": \""bldg_928a418f-7367-49dc-8fa4-c05ba47accad\"", \""osm_m\"": 2.0, \""surveyed_m\"": 35.5}"", ""{\""id\"": \""bldg_92d5bf30-c925-49a1-aaeb-826b276014b9\"", \""osm_m\"": 110.0, \""surveyed_m\"": 123.7}"", ""{\""id\"": \""bldg_92e9cbf3-09d4-4fc9-af45-d97fededcc9b\"", \""osm_m\"": 20.0, \""surveyed_m\"": 40.2}"", ""{\""id\"": \""bldg_92f7d302-c224-4e88-9c2b-927328631ae2\"", \""osm_m\"": 113.0, \""surveyed_m\"": 109.1}"", ""{\""id\"": \""bldg_92fb5abd-4ef1-4558-b6d0-5ad68a5c3249\"", \""osm_m\"": 150.0, \""surveyed_m\"": 162.4}"", ""{\""id\"": \""bldg_93463400-5452-4d67-a669-65ff48ef4077\"", \""osm_m\"": 15.0, \""surveyed_m\"": 11.4}"", ""{\""id\"": \""bldg_93b89a7d-5c6f-4747-ae98-d5cd4061de79\"", \""osm_m\"": 13.4, \""surveyed_m\"": 7.0}"", ""{\""id\"": \""bldg_93bdca3a-7ba1-4217-a1b0-b3ac589bcf04\"", \""osm_m\"": 4.0, \""surveyed_m\"": 8.1}"", ""{\""id\"": \""bldg_93d47f92-c6eb-487c-b426-24a50f7dfc06\"", \""osm_m\"": 27.0, \""surveyed_m\"": 40.3}"", ""{\""id\"": \""bldg_93f8ae30-4575-4159-865c-ca4dbcc3e18e\"", \""osm_m\"": 61.0, \""surveyed_m\"": 110.0}"", ""{\""id\"": \""bldg_94234841-e03a-48c7-9875-bdb590b769be\"", \""osm_m\"": 14.0, \""surveyed_m\"": 17.5}"", ""{\""id\"": \""bldg_942f22bc-3f87-4b22-a24d-8d9a9d3227b7\"", \""osm_m\"": 114.36, \""surveyed_m\"": 118.3}"", ""{\""id\"": \""bldg_943e436a-6530-4889-a959-0167765d969f\"", \""osm_m\"": 26.7, \""surveyed_m\"": 18.9}"", ""{\""id\"": \""bldg_9442d303-7a48-4f81-aa67-b6ef05dbd43b\"", \""osm_m\"": 179.97, \""surveyed_m\"": 172.4}"", ""{\""id\"": \""bldg_947d22ed-18ac-43fd-ba8f-7e72b911f72e\"", \""osm_m\"": 12.1, \""surveyed_m\"": 7.5}"", ""{\""id\"": \""bldg_94935c97-eed0-48a4-a529-c8a2620b2766\"", \""osm_m\"": 9.1, \""surveyed_m\"": 5.3}"", ""{\""id\"": \""bldg_949ea945-449a-40da-b8bf-4881fa8c5d01\"", \""osm_m\"": 22.0, \""surveyed_m\"": 15.6}"", ""{\""id\"": \""bldg_94caaf2f-dec2-41a7-8b0f-06ecd0fac6c7\"", \""osm_m\"": 133.0, \""surveyed_m\"": 226.0}"", ""{\""id\"": \""bldg_94ec421d-37db-4672-aa0b-3f11295a2520\"", \""osm_m\"": 155.13, \""surveyed_m\"": 146.2}"", ""{\""id\"": \""bldg_9539786f-8be5-4799-8847-a36b83ed4659\"", \""osm_m\"": 7.0, \""surveyed_m\"": 14.7}"", ""{\""id\"": \""bldg_953c0772-6ff4-4ab0-8a4d-36242009cddb\"", \""osm_m\"": 19.7, \""surveyed_m\"": 13.3}"", ""{\""id\"": \""bldg_956d9121-133c-4ff6-b131-2c2abb43397e\"", \""osm_m\"": 46.0, \""surveyed_m\"": 66.3}"", ""{\""id\"": \""bldg_959e5dad-c291-4ded-a606-b734abfac949\"", \""osm_m\"": 17.7, \""surveyed_m\"": 2.9}"", ""{\""id\"": \""bldg_95d40522-b167-47f1-9264-300f384c918d\"", \""osm_m\"": 35.0, \""surveyed_m\"": 27.6}"", ""{\""id\"": \""bldg_9609ed6d-aa8f-42fa-8465-a4ea268f133c\"", \""osm_m\"": 149.56, \""surveyed_m\"": 144.3}"", ""{\""id\"": \""bldg_96233089-50d3-42df-897b-3a38ea259f62\"", \""osm_m\"": 4.8, \""surveyed_m\"": 8.3}"", ""{\""id\"": \""bldg_96390dbc-b589-47ef-a1e0-98d7e2a19b3b\"", \""osm_m\"": 10.0, \""surveyed_m\"": 16.1}"", ""{\""id\"": \""bldg_96422a7b-27ef-40db-aa65-07c035beb13a\"", \""osm_m\"": 9.7, \""surveyed_m\"": 6.6}"", ""{\""id\"": \""bldg_9670a79e-f633-43e6-92af-bc1d00f89abb\"", \""osm_m\"": 26.4, \""surveyed_m\"": 10.0}"", ""{\""id\"": \""bldg_9685ac39-8c07-44ff-9c10-69c1efa561f9\"", \""osm_m\"": 11.4, \""surveyed_m\"": 16.9}"", ""{\""id\"": \""bldg_96b091cd-d5a2-4b9d-8215-b68aa7482026\"", \""osm_m\"": 9.1, \""surveyed_m\"": 5.8}"", ""{\""id\"": \""bldg_96bc417f-ef35-4fd3-a1e5-f9ae19dc5703\"", \""osm_m\"": 9.6, \""surveyed_m\"": 5.1}"", ""{\""id\"": \""bldg_96c5aebd-2cb5-40e5-8cb3-55fcc563a6ed\"", \""osm_m\"": 22.0, \""surveyed_m\"": 42.1}"", ""{\""id\"": \""bldg_97066d6d-9d05-4ea2-a98e-1c3468a81d46\"", \""osm_m\"": 30.0, \""surveyed_m\"": 36.02}"", ""{\""id\"": \""bldg_971c916c-678e-4f9b-a679-e3cd3af90d7e\"", \""osm_m\"": 2.96, \""surveyed_m\"": 8.3}"", ""{\""id\"": \""bldg_972b8141-cf1d-4717-9f84-7f8fae253171\"", \""osm_m\"": 37.7, \""surveyed_m\"": 32.8}"", ""{\""id\"": \""bldg_972fd238-5959-4953-bb2b-a897420e8f36\"", \""osm_m\"": 88.12, \""surveyed_m\"": 84.2}"", ""{\""id\"": \""bldg_975098ae-c67e-4ec7-9d51-ce4e0a41c628\"", \""osm_m\"": 18.1, \""surveyed_m\"": 25.5}"", ""{\""id\"": \""bldg_977cdf68-afe8-476b-9f53-d44942a1b02f\"", \""osm_m\"": 70.0, \""surveyed_m\"": 3.5}"", ""{\""id\"": \""bldg_977cf309-5483-4e39-bffe-60eaaf313a00\"", \""osm_m\"": 20.0, \""surveyed_m\"": 30.0}"", ""{\""id\"": \""bldg_97824af3-f52b-436e-9478-e2a2674ef10e\"", \""osm_m\"": 3.02, \""surveyed_m\"": 13.6}"", ""{\""id\"": \""bldg_97a6f545-d40c-4d40-a5fc-73e4778acef3\"", \""osm_m\"": 5.3, \""surveyed_m\"": 10.2}"", ""{\""id\"": \""bldg_97e94d3f-08f8-40f6-b773-a6f88b981e52\"", \""osm_m\"": 60.0, \""surveyed_m\"": 34.3}"", ""{\""id\"": \""bldg_9815233b-fdae-41c4-b7f3-2491724e8cff\"", \""osm_m\"": 155.0, \""surveyed_m\"": 136.7}"", ""{\""id\"": \""bldg_98337654-540c-4f20-ae7f-974f02996ac3\"", \""osm_m\"": 9.0, \""surveyed_m\"": 12.6}"", ""{\""id\"": \""bldg_98374199-390d-4a66-b445-826a5be751c8\"", \""osm_m\"": 10.5, \""surveyed_m\"": 15.2}"", ""{\""id\"": \""bldg_9841cd39-a744-421e-849c-66109674f9c5\"", \""osm_m\"": 39.0, \""surveyed_m\"": 67.1}"", ""{\""id\"": \""bldg_9851ec85-434d-4b1c-95cb-7ce9a9714694\"", \""osm_m\"": 85.84, \""surveyed_m\"": 67.9}"", ""{\""id\"": \""bldg_9863cbe6-95e7-4529-9d16-e660c53ea16d\"", \""osm_m\"": 50.0, \""surveyed_m\"": 45.0}"", ""{\""id\"": \""bldg_987a59fb-6578-4d7c-a73e-5071e2041b91\"", \""osm_m\"": 2.99, \""surveyed_m\"": 10.0}"", ""{\""id\"": \""bldg_98caf05b-e724-4424-8906-0d20e1cd5497\"", \""osm_m\"": 2.97, \""surveyed_m\"": 8.3}"", ""{\""id\"": \""bldg_998dd398-06fb-4bc3-8ff6-28b3e68de556\"", \""osm_m\"": 12.0, \""surveyed_m\"": 6.9}"", ""{\""id\"": \""bldg_99993651-37ba-4a3c-9a3f-861c746e2d34\"", \""osm_m\"": 109.05, \""surveyed_m\"": 102.8}"", ""{\""id\"": \""bldg_99ac4b46-7b37-4c76-8851-c793f44ddffb\"", \""osm_m\"": 24.7, \""surveyed_m\"": 21.1}"", ""{\""id\"": \""bldg_99e4ae87-8195-49de-b3f8-3079d3662ec8\"", \""osm_m\"": 3.0, \""surveyed_m\"": 8.9}"", ""{\""id\"": \""bldg_99e907c8-bf71-43ed-8c99-adca52d579f9\"", \""osm_m\"": 85.5, \""surveyed_m\"": 70.7}"", ""{\""id\"": \""bldg_9a103692-e53e-479c-8241-b23ddd4a3b0d\"", \""osm_m\"": 6.4, \""surveyed_m\"": 9.5}"", ""{\""id\"": \""bldg_9a6bca11-7b44-4aea-98e2-a07d05bbec89\"", \""osm_m\"": 2.96, \""surveyed_m\"": 7.5}"", ""{\""id\"": \""bldg_9a8738b7-c28a-4650-ba32-48cec3956ea5\"", \""osm_m\"": 64.66, \""surveyed_m\"": 59.8}"", ""{\""id\"": \""bldg_9ab06050-10c4-4963-9469-15cfe560fb07\"", \""osm_m\"": 15.0, \""surveyed_m\"": 11.2}"", ""{\""id\"": \""bldg_9ab8f49e-e2a9-416e-8548-3c117a327f95\"", \""osm_m\"": 20.0, \""surveyed_m\"": 31.6}"", ""{\""id\"": \""bldg_9ad5b600-360f-4627-8a89-fca39aad5576\"", \""osm_m\"": 182.5, \""surveyed_m\"": 173.6}"", ""{\""id\"": \""bldg_9ad7b861-c844-45a8-a765-56df2b481af8\"", \""osm_m\"": 11.9, \""surveyed_m\"": 7.9}"", ""{\""id\"": \""bldg_9b2dc0e6-52e8-4ddb-ba08-493b12ab2654\"", \""osm_m\"": 19.5, \""surveyed_m\"": 3.7}"", ""{\""id\"": \""bldg_9b6922d2-7b0e-4bbe-a62f-9e07debb1e86\"", \""osm_m\"": 8.0, \""surveyed_m\"": 44.6}"", ""{\""id\"": \""bldg_9bde783b-0b7f-4770-ab06-c0f9f1918b24\"", \""osm_m\"": 43.9, \""surveyed_m\"": 39.6}"", ""{\""id\"": \""bldg_9be07db8-c2e1-4569-8f93-cf52402a76e6\"", \""osm_m\"": 21.2, \""surveyed_m\"": 4.2}"", ""{\""id\"": \""bldg_9bf6ca33-bb1a-4843-83c4-24f9ce02154a\"", \""osm_m\"": 85.5, \""surveyed_m\"": 28.4}"", ""{\""id\"": \""bldg_9bfbf479-9fbb-433d-be0d-ea48225496e5\"", \""osm_m\"": 8.4, \""surveyed_m\"": 17.0}"", ""{\""id\"": \""bldg_9c0cdf0a-33c3-4861-a04a-b31966063085\"", \""osm_m\"": 22.7, \""surveyed_m\"": 14.0}"", ""{\""id\"": \""bldg_9c165ae3-d9d8-4327-8b22-bd2d51b44f41\"", \""osm_m\"": 140.0, \""surveyed_m\"": 136.0}"", ""{\""id\"": \""bldg_9c399668-342a-4e3f-907e-c40b8c9a4397\"", \""osm_m\"": 3.04, \""surveyed_m\"": 6.9}"", ""{\""id\"": \""bldg_9c42ff7c-c8bf-456a-ada2-4c416a2dc965\"", \""osm_m\"": 184.0, \""surveyed_m\"": 164.0}"", ""{\""id\"": \""bldg_9ca6177f-012b-419c-8065-53a242f0977c\"", \""osm_m\"": 18.6, \""surveyed_m\"": 14.6}"", ""{\""id\"": \""bldg_9ca7e7d5-5320-44e2-94f6-5f2efb87fbaa\"", \""osm_m\"": 37.0, \""surveyed_m\"": 16.8}"", ""{\""id\"": \""bldg_9cca769e-a7ac-4fb1-8ec5-c61b6677d18d\"", \""osm_m\"": 147.0, \""surveyed_m\"": 152.0}"", ""{\""id\"": \""bldg_9cdfa974-4346-475d-b9d4-0f7292f05295\"", \""osm_m\"": 2.0, \""surveyed_m\"": 6.4}"", ""{\""id\"": \""bldg_9cf63ded-9fbe-4ea3-b4ff-25629c8080fd\"", \""osm_m\"": 12.5, \""surveyed_m\"": 4.2}"", ""{\""id\"": \""bldg_9d4a070f-3c5e-4aa0-820a-13289bddf2d8\"", \""osm_m\"": 9.0, \""surveyed_m\"": 13.4}"", ""{\""id\"": \""bldg_9d56e72a-6c51-4914-aec1-e267b4d722e7\"", \""osm_m\"": 51.8, \""surveyed_m\"": 60.4}"", ""{\""id\"": \""bldg_9d5e4522-f955-49a8-adca-c855ab49120a\"", \""osm_m\"": 110.0, \""surveyed_m\"": 103.2}"", ""{\""id\"": \""bldg_9dccccbe-59e5-457d-9e46-0c98034a2a40\"", \""osm_m\"": 20.4, \""surveyed_m\"": 11.2}"", ""{\""id\"": \""bldg_9de0333a-da22-43a8-84e4-e48d468bead9\"", \""osm_m\"": 19.5, \""surveyed_m\"": 12.3}"", ""{\""id\"": \""bldg_9ded7a2d-11e3-4165-890d-8b1c9bbcba13\"", \""osm_m\"": 99.9, \""surveyed_m\"": 115.7}"", ""{\""id\"": \""bldg_9dfa5e7d-1259-42be-a22e-f4c737ba64a1\"", \""osm_m\"": 26.3, \""surveyed_m\"": 14.7}"", ""{\""id\"": \""bldg_9e2ae96f-a845-4401-9730-cbabede6ddbe\"", \""osm_m\"": 59.33, \""surveyed_m\"": 21.5}"", ""{\""id\"": \""bldg_9e6b63db-8d45-4107-87f8-d93869aa68c6\"", \""osm_m\"": 31.0, \""surveyed_m\"": 43.8}"", ""{\""id\"": \""bldg_9e7c6c13-81c3-4fd7-a8e6-ad675fb544ea\"", \""osm_m\"": 17.2, \""surveyed_m\"": 5.2}"", ""{\""id\"": \""bldg_9eee54d9-d9dd-4ddc-9048-848ae6476b96\"", \""osm_m\"": 26.7, \""surveyed_m\"": 16.1}"", ""{\""id\"": \""bldg_9f1a6943-39d8-4c23-9b23-7f91915557f7\"", \""osm_m\"": 39.5, \""surveyed_m\"": 34.0}"", ""{\""id\"": \""bldg_9f31b384-24d9-4106-84da-314c43f42230\"", \""osm_m\"": 30.0, \""surveyed_m\"": 44.5}"", ""{\""id\"": \""bldg_9fc47d65-bb43-433c-9de0-a910f5315999\"", \""osm_m\"": 62.77, \""surveyed_m\"": 57.7}"", ""{\""id\"": \""bldg_9fd43e1d-caf5-46db-87fa-ca2f64363b46\"", \""osm_m\"": 99.55, \""surveyed_m\"": 95.6}"", ""{\""id\"": \""bldg_a02a979f-7439-40de-9c6b-82c306d43fe8\"", \""osm_m\"": 14.2, \""surveyed_m\"": 20.9}"", ""{\""id\"": \""bldg_a0487eed-f7fb-47b1-8652-32a99bd9f904\"", \""osm_m\"": 3.04, \""surveyed_m\"": 8.3}"", ""{\""id\"": \""bldg_a0583499-d2cb-446b-bf5d-6f934c20a48a\"", \""osm_m\"": 21.0, \""surveyed_m\"": 34.9}"", ""{\""id\"": \""bldg_a05bc85b-c256-4cab-8326-8d2793a669b9\"", \""osm_m\"": 113.0, \""surveyed_m\"": 109.5}"", ""{\""id\"": \""bldg_a0660162-4d38-4900-bcf8-420d18d8daac\"", \""osm_m\"": 62.82, \""surveyed_m\"": 53.6}"", ""{\""id\"": \""bldg_a06659d3-65db-4e70-a150-ea272838ad5a\"", \""osm_m\"": 6.1, \""surveyed_m\"": 9.3}"", ""{\""id\"": \""bldg_a06b41f4-28f3-415c-8c0d-c61a409852b7\"", \""osm_m\"": 64.41, \""surveyed_m\"": 59.6}"", ""{\""id\"": \""bldg_a08b49e0-973a-4fe5-8a11-c42def3ff7d3\"", \""osm_m\"": 35.0, \""surveyed_m\"": 38.2}"", ""{\""id\"": \""bldg_a096efe1-6de5-44ae-9070-47fda4fd4db8\"", \""osm_m\"": 9.8, \""surveyed_m\"": 15.2}"", ""{\""id\"": \""bldg_a09d5022-4a98-4e90-bce2-ca5009e93a10\"", \""osm_m\"": 10.0, \""surveyed_m\"": 37.5}"", ""{\""id\"": \""bldg_a0d7aaf7-1f23-4f5d-be84-2151e9990e02\"", \""osm_m\"": 20.0, \""surveyed_m\"": 24.82}"", ""{\""id\"": \""bldg_a0db5b59-3f4d-4a67-a4e5-4208c42d2eef\"", \""osm_m\"": 9.1, \""surveyed_m\"": 5.0}"", ""{\""id\"": \""bldg_a13d42e5-4868-4849-b399-dc6670f533c8\"", \""osm_m\"": 10.0, \""surveyed_m\"": 5.8}"", ""{\""id\"": \""bldg_a15d54a0-db31-4c6f-802e-318c703e96f0\"", \""osm_m\"": 35.0, \""surveyed_m\"": 38.2}"", ""{\""id\"": \""bldg_a17f2d51-1d97-4783-906e-07fd69f92eea\"", \""osm_m\"": 113.8, \""surveyed_m\"": 109.4}"", ""{\""id\"": \""bldg_a196d0b9-93c6-459f-a489-73409036b8f5\"", \""osm_m\"": 40.0, \""surveyed_m\"": 44.5}"", ""{\""id\"": \""bldg_a1a0d7a2-e8b5-4b8d-bc6f-9fb1fde74d45\"", \""osm_m\"": 16.0, \""surveyed_m\"": 9.3}"", ""{\""id\"": \""bldg_a1b5ed73-b8fa-447f-a890-a5433e31fa58\"", \""osm_m\"": 11.2, \""surveyed_m\"": 2.4}"", ""{\""id\"": \""bldg_a1dce39f-1804-42c7-8778-afaeadeb0834\"", \""osm_m\"": 30.0, \""surveyed_m\"": 43.1}"", ""{\""id\"": \""bldg_a1de0ff8-b3b0-49e0-aee6-2a21312487fe\"", \""osm_m\"": 10.3, \""surveyed_m\"": 14.1}"", ""{\""id\"": \""bldg_a1f49e72-e24c-4369-a9bc-d8c7cb92a289\"", \""osm_m\"": 8.0, \""surveyed_m\"": 28.2}"", ""{\""id\"": \""bldg_a22e8dc6-b185-4721-815d-74eab698c5cd\"", \""osm_m\"": 2.96, \""surveyed_m\"": 6.0}"", ""{\""id\"": \""bldg_a26e59e1-914d-41be-b15f-d4b6eaeeb277\"", \""osm_m\"": 7.6, \""surveyed_m\"": 11.6}"", ""{\""id\"": \""bldg_a2778b4d-2e52-4898-b420-f3f531fd9360\"", \""osm_m\"": 15.0, \""surveyed_m\"": 21.2}"", ""{\""id\"": \""bldg_a2a692bc-63da-4109-b39c-bf3e6be736d9\"", \""osm_m\"": 13.8, \""surveyed_m\"": 8.3}"", ""{\""id\"": \""bldg_a2db4fdd-bc55-4dc2-81d8-89ddefab13bd\"", \""osm_m\"": 27.0, \""surveyed_m\"": 18.6}"", ""{\""id\"": \""bldg_a2e63581-e499-41ed-a8d0-683fe401ed62\"", \""osm_m\"": 35.0, \""surveyed_m\"": 42.9}"", ""{\""id\"": \""bldg_a2f29892-2053-4a08-9535-ab5e0d259bcc\"", \""osm_m\"": 12.2, \""surveyed_m\"": 15.3}"", ""{\""id\"": \""bldg_a2f63f9c-61c8-4e18-ae61-d1641df3310e\"", \""osm_m\"": 60.0, \""surveyed_m\"": 49.9}"", ""{\""id\"": \""bldg_a307f9c6-60b2-40c5-a2a9-49587201ac40\"", \""osm_m\"": 60.0, \""surveyed_m\"": 64.3}"", ""{\""id\"": \""bldg_a30ccef1-4e9d-4073-b7cb-e78d7d627bf0\"", \""osm_m\"": 40.3, \""surveyed_m\"": 36.8}"", ""{\""id\"": \""bldg_a3641556-45c3-4e54-9b66-0d5a1414da7f\"", \""osm_m\"": 5.0, \""surveyed_m\"": 8.8}"", ""{\""id\"": \""bldg_a380e84f-86a4-4143-8dc7-9e3f09409c17\"", \""osm_m\"": 30.0, \""surveyed_m\"": 43.9}"", ""{\""id\"": \""bldg_a3d08d58-cfb5-4bbc-9a32-482b955a4ba3\"", \""osm_m\"": 143.0, \""surveyed_m\"": 150.8}"", ""{\""id\"": \""bldg_a421c4d2-3b43-4233-a1cf-e43954507bfe\"", \""osm_m\"": 22.3, \""surveyed_m\"": 16.6}"", ""{\""id\"": \""bldg_a45b7013-6dc5-48dd-abab-94d6bd96c89c\"", \""osm_m\"": 52.0, \""surveyed_m\"": 58.3}"", ""{\""id\"": \""bldg_a503276c-4897-4c16-9e12-c7278580b649\"", \""osm_m\"": 10.5, \""surveyed_m\"": 7.0}"", ""{\""id\"": \""bldg_a532cc28-d655-4cfd-b4e4-00e70b89b331\"", \""osm_m\"": 20.0, \""surveyed_m\"": 30.5}"", ""{\""id\"": \""bldg_a543b186-6602-41a0-94a1-29663a4b7379\"", \""osm_m\"": 2.95, \""surveyed_m\"": 9.9}"", ""{\""id\"": \""bldg_a5622f92-18fa-4b72-9b86-ce1964c19800\"", \""osm_m\"": 3.0, \""surveyed_m\"": 8.0}"", ""{\""id\"": \""bldg_a5e4a2ba-e6dc-4f05-98f8-b5a39e4e46a7\"", \""osm_m\"": 2.97, \""surveyed_m\"": 7.9}"", ""{\""id\"": \""bldg_a6186f97-9cd7-4888-bcaf-fe1e3e1d7103\"", \""osm_m\"": 208.97, \""surveyed_m\"": 183.1}"", ""{\""id\"": \""bldg_a6627aad-fbe6-4882-a0fa-0958cfb00f6e\"", \""osm_m\"": 59.6, \""surveyed_m\"": 53.5}"", ""{\""id\"": \""bldg_a68eb562-726f-42e3-8bb8-3fcf90bda0b3\"", \""osm_m\"": 9.0, \""surveyed_m\"": 14.2}"", ""{\""id\"": \""bldg_a6ce4679-37c3-4cd8-962a-cefaaa16ddee\"", \""osm_m\"": 47.7, \""surveyed_m\"": 37.9}"", ""{\""id\"": \""bldg_a6d2d283-667c-49ff-a5d9-1e76d17c3ecc\"", \""osm_m\"": 65.0, \""surveyed_m\"": 75.4}"", ""{\""id\"": \""bldg_a6d57725-d221-4573-bdda-64180ab6cefd\"", \""osm_m\"": 194.45, \""surveyed_m\"": 199.4}"", ""{\""id\"": \""bldg_a6e7b6b4-06a3-4ac1-a2d0-4fccb2ac9dae\"", \""osm_m\"": 25.0, \""surveyed_m\"": 28.1}"", ""{\""id\"": \""bldg_a6e872f9-0a1f-461f-b2c8-bbf7ded44997\"", \""osm_m\"": 4.3, \""surveyed_m\"": 8.2}"", ""{\""id\"": \""bldg_a7396a5e-bb58-4a59-a999-cf5534d4f5a4\"", \""osm_m\"": 9.0, \""surveyed_m\"": 12.3}"", ""{\""id\"": \""bldg_a7930435-3655-417b-9c19-441bdc311ce1\"", \""osm_m\"": 3.03, \""surveyed_m\"": 7.7}"", ""{\""id\"": \""bldg_a8336343-a4e6-4ec6-b06e-7af0049b4ef4\"", \""osm_m\"": 50.0, \""surveyed_m\"": 43.0}"", ""{\""id\"": \""bldg_a8484aaf-3760-45c1-ae5c-65d3d4343196\"", \""osm_m\"": 32.1, \""surveyed_m\"": 28.3}"", ""{\""id\"": \""bldg_a851bd0e-99dd-45ee-bd58-765616547f9f\"", \""osm_m\"": 2.99, \""surveyed_m\"": 7.8}"", ""{\""id\"": \""bldg_a8a119a3-814f-4259-b208-906e4ad2a9c2\"", \""osm_m\"": 50.6, \""surveyed_m\"": 32.7}"", ""{\""id\"": \""bldg_a8ae355a-e24b-4aaa-a300-4189b4999826\"", \""osm_m\"": 23.3, \""surveyed_m\"": 19.7}"", ""{\""id\"": \""bldg_a8ff272b-76b0-4f01-a58d-280febf9040a\"", \""osm_m\"": 7.2, \""surveyed_m\"": 11.6}"", ""{\""id\"": \""bldg_a906c45b-82a6-41e3-b1ea-e694bf817c3f\"", \""osm_m\"": 2.96, \""surveyed_m\"": 7.4}"", ""{\""id\"": \""bldg_a907e130-4bf3-4070-abae-16679a428284\"", \""osm_m\"": 6.4, \""surveyed_m\"": 9.6}"", ""{\""id\"": \""bldg_a91bfa69-c325-4df5-8cdd-5b544e4a0201\"", \""osm_m\"": 14.0, \""surveyed_m\"": 18.2}"", ""{\""id\"": \""bldg_a9aa3ada-9050-4fc2-b5d4-adfb40e15f89\"", \""osm_m\"": 80.0, \""surveyed_m\"": 74.8}"", ""{\""id\"": \""bldg_aa5bc8b0-9fa1-4e29-8919-9561f6149250\"", \""osm_m\"": 111.0, \""surveyed_m\"": 107.0}"", ""{\""id\"": \""bldg_aa5cdeb8-f8aa-4319-8681-cc21a4a42fc4\"", \""osm_m\"": 3.4, \""surveyed_m\"": 6.6}"", ""{\""id\"": \""bldg_aa97e5b4-f102-497b-bd66-db08f2dc7726\"", \""osm_m\"": 4.6, \""surveyed_m\"": 7.9}"", ""{\""id\"": \""bldg_aaacf8a7-99fb-47f0-949a-1a6fbcf6b001\"", \""osm_m\"": 12.7, \""surveyed_m\"": 9.6}"", ""{\""id\"": \""bldg_aab82375-f07c-48ff-a5ee-28cdf852910a\"", \""osm_m\"": 90.0, \""surveyed_m\"": 78.9}"", ""{\""id\"": \""bldg_aaead465-42d2-4db7-aa43-3cbdd6e8173c\"", \""osm_m\"": 1.1, \""surveyed_m\"": 5.4}"", ""{\""id\"": \""bldg_aafaa5c8-f0b2-49af-a74c-3b967e75c360\"", \""osm_m\"": 17.8, \""surveyed_m\"": 26.7}"", ""{\""id\"": \""bldg_ab10b053-78ed-483a-8f6d-59c9f9a09373\"", \""osm_m\"": 21.0, \""surveyed_m\"": 15.2}"", ""{\""id\"": \""bldg_ab121d9a-e504-4086-b4b9-cdcd2a4e3c76\"", \""osm_m\"": 2.99, \""surveyed_m\"": 8.1}"", ""{\""id\"": \""bldg_ab3367fe-771a-4555-8e9e-671c4101d391\"", \""osm_m\"": 3.01, \""surveyed_m\"": 7.7}"", ""{\""id\"": \""bldg_ab3da915-6346-471d-8c6c-2e756b093874\"", \""osm_m\"": 8.6, \""surveyed_m\"": 2.2}"", ""{\""id\"": \""bldg_ab73bb40-b245-450b-b384-a39eeb8904a2\"", \""osm_m\"": 2.96, \""surveyed_m\"": 8.9}"", ""{\""id\"": \""bldg_ab95983b-39e9-440c-b6b7-e5effc8d5081\"", \""osm_m\"": 8.3, \""surveyed_m\"": 2.3}"", ""{\""id\"": \""bldg_aba910b5-58c8-4615-b072-daec39e24cc0\"", \""osm_m\"": 13.6, \""surveyed_m\"": 10.1}"", ""{\""id\"": \""bldg_aba9926d-c0a6-4a79-af6a-bcd071f36030\"", \""osm_m\"": 70.29, \""surveyed_m\"": 67.0}"", ""{\""id\"": \""bldg_abab08b2-2d29-43fa-a64d-fde19194c8b1\"", \""osm_m\"": 52.3, \""surveyed_m\"": 38.3}"", ""{\""id\"": \""bldg_abcab52b-951a-4bad-9830-0cdffc3d4a03\"", \""osm_m\"": 12.1, \""surveyed_m\"": 16.8}"", ""{\""id\"": \""bldg_abcf96c6-97cd-4d83-9d2a-4dcdb28d0d01\"", \""osm_m\"": 6.4, \""surveyed_m\"": 9.9}"", ""{\""id\"": \""bldg_abdbae32-a5f2-45ed-afb6-57b012e8d0dc\"", \""osm_m\"": 96.63, \""surveyed_m\"": 91.2}"", ""{\""id\"": \""bldg_abdbc665-7cc2-4a61-aa6f-bac882552e4e\"", \""osm_m\"": 10.2, \""surveyed_m\"": 19.8}"", ""{\""id\"": \""bldg_ac7d8e39-35b6-4b3a-99c7-e322c205ed23\"", \""osm_m\"": 53.9, \""surveyed_m\"": 45.8}"", ""{\""id\"": \""bldg_ac82369b-fb56-4e9f-8d8f-6b6cf957df5e\"", \""osm_m\"": 20.0, \""surveyed_m\"": 15.7}"", ""{\""id\"": \""bldg_acac76e1-f4f2-449a-b06a-5793f603fc3f\"", \""osm_m\"": 17.8, \""surveyed_m\"": 14.4}"", ""{\""id\"": \""bldg_acba3e8d-4eec-469b-b12f-1075a93fac5a\"", \""osm_m\"": 3.0, \""surveyed_m\"": 9.7}"", ""{\""id\"": \""bldg_acbb12b4-c191-439f-9c68-4afa85238a1a\"", \""osm_m\"": 2.99, \""surveyed_m\"": 7.9}"", ""{\""id\"": \""bldg_acde76f4-049a-4b64-a083-708309c5efcc\"", \""osm_m\"": 52.0, \""surveyed_m\"": 45.8}"", ""{\""id\"": \""bldg_aceb7fcf-88b5-4178-9ca1-d8f88a5cb9cd\"", \""osm_m\"": 17.8, \""surveyed_m\"": 11.9}"", ""{\""id\"": \""bldg_ad394c27-5b30-4067-9645-378c5ab12380\"", \""osm_m\"": 30.0, \""surveyed_m\"": 44.5}"", ""{\""id\"": \""bldg_ad510ef8-c428-4e35-b07a-2b2deade029f\"", \""osm_m\"": 44.0, \""surveyed_m\"": 47.2}"", ""{\""id\"": \""bldg_ad541a5e-22a6-4b21-a604-72425c22675e\"", \""osm_m\"": 40.0, \""surveyed_m\"": 43.6}"", ""{\""id\"": \""bldg_ad76bf19-9b43-4c9b-bc2f-8399cf83e1e2\"", \""osm_m\"": 8.8, \""surveyed_m\"": 15.5}"", ""{\""id\"": \""bldg_ad855b69-f8b9-46c9-be04-f88e34172fe4\"", \""osm_m\"": 2.99, \""surveyed_m\"": 6.4}"", ""{\""id\"": \""bldg_ad9d5357-966b-420b-9fe2-017dc33a03e9\"", \""osm_m\"": 7.6, \""surveyed_m\"": 11.0}"", ""{\""id\"": \""bldg_adad2d96-7439-48b1-b547-ed0b794c3d64\"", \""osm_m\"": 14.1, \""surveyed_m\"": 9.4}"", ""{\""id\"": \""bldg_adc30d86-0c65-4455-ab68-f964b29b5990\"", \""osm_m\"": 19.0, \""surveyed_m\"": 29.31}"", ""{\""id\"": \""bldg_adc8ead0-9847-438b-88f9-5d0dafea9739\"", \""osm_m\"": 52.6, \""surveyed_m\"": 35.8}"", ""{\""id\"": \""bldg_ade944b2-b1d8-43f5-842e-64609f0fdc12\"", \""osm_m\"": 14.4, \""surveyed_m\"": 1.7}"", ""{\""id\"": \""bldg_ae0c2986-c7a2-44a2-9af9-cf9a3d0da62f\"", \""osm_m\"": 3.0, \""surveyed_m\"": 6.1}"", ""{\""id\"": \""bldg_ae167901-b26f-402f-a285-2b0a6ed3f94a\"", \""osm_m\"": 11.9, \""surveyed_m\"": 4.8}"", ""{\""id\"": \""bldg_ae2c304d-6e87-4333-9085-623eaa72529f\"", \""osm_m\"": 101.459, \""surveyed_m\"": 107.0}"", ""{\""id\"": \""bldg_ae67a816-c215-4891-b88a-493e08cf3c3a\"", \""osm_m\"": 25.0, \""surveyed_m\"": 36.0}"", ""{\""id\"": \""bldg_ae71c0b9-a13b-49ba-8c3c-0350be1d1d3d\"", \""osm_m\"": 14.0, \""surveyed_m\"": 18.9}"", ""{\""id\"": \""bldg_aecb207f-4aef-458d-a4fe-226f9cc73e8d\"", \""osm_m\"": 123.0, \""surveyed_m\"": 118.7}"", ""{\""id\"": \""bldg_aefaa21b-e40f-4d17-83e6-17b0a36e0ebe\"", \""osm_m\"": 146.8, \""surveyed_m\"": 154.6}"", ""{\""id\"": \""bldg_af7335da-7542-44dd-964d-8cccd2b046ff\"", \""osm_m\"": 237.2, \""surveyed_m\"": 216.0}"", ""{\""id\"": \""bldg_af8eadce-0289-4482-b68d-4c65ff773b1f\"", \""osm_m\"": 59.96, \""surveyed_m\"": 66.6}"", ""{\""id\"": \""bldg_afd00472-6cfb-4c64-b15f-118ec2e3e1c1\"", \""osm_m\"": 35.0, \""surveyed_m\"": 28.9}"", ""{\""id\"": \""bldg_affc5320-789f-436c-aa86-b3a7dce6a425\"", \""osm_m\"": 28.0, \""surveyed_m\"": 37.0}"", ""{\""id\"": \""bldg_b01d643f-7818-4c57-ba7d-3fe1f7dcacfe\"", \""osm_m\"": 3.04, \""surveyed_m\"": 8.6}"", ""{\""id\"": \""bldg_b0246432-7e91-404d-bf3e-d69571b67083\"", \""osm_m\"": 30.0, \""surveyed_m\"": 43.0}"", ""{\""id\"": \""bldg_b0ab5c93-6892-40a2-9e40-a496a68798bb\"", \""osm_m\"": 6.8, \""surveyed_m\"": 10.8}"", ""{\""id\"": \""bldg_b0d5c0e3-05ae-40e4-b250-1f0d6e3780c0\"", \""osm_m\"": 165.0, \""surveyed_m\"": 23.3}"", ""{\""id\"": \""bldg_b0e3de58-e2fe-4df8-98a9-471793b16e3c\"", \""osm_m\"": 207.0, \""surveyed_m\"": 192.5}"", ""{\""id\"": \""bldg_b10863e7-bf01-434b-ba98-e52306a68e7c\"", \""osm_m\"": 46.0, \""surveyed_m\"": 5.9}"", ""{\""id\"": \""bldg_b10c2d4b-9d8e-4c38-b6d8-d99ec031cdd2\"", \""osm_m\"": 9.6, \""surveyed_m\"": 6.0}"", ""{\""id\"": \""bldg_b13960f1-04d4-4299-84e3-fc5738b80085\"", \""osm_m\"": 100.0, \""surveyed_m\"": 126.8}"", ""{\""id\"": \""bldg_b19db433-7c7a-4f0f-99c9-c074eb8169e8\"", \""osm_m\"": 48.0, \""surveyed_m\"": 37.7}"", ""{\""id\"": \""bldg_b1a6073a-28a0-4562-bc72-4fa87bfe62bf\"", \""osm_m\"": 1.1, \""surveyed_m\"": 5.5}"", ""{\""id\"": \""bldg_b1bd5dc8-11b4-4c98-b03f-35ed02cd7e6a\"", \""osm_m\"": 9.8, \""surveyed_m\"": 6.2}"", ""{\""id\"": \""bldg_b1f3988b-5bbc-46a9-9c73-02a9ed4ee659\"", \""osm_m\"": 7.3, \""surveyed_m\"": 3.7}"", ""{\""id\"": \""bldg_b212f0a9-b5fc-48cf-ad5d-a16010d6a09a\"", \""osm_m\"": 2.97, \""surveyed_m\"": 7.5}"", ""{\""id\"": \""bldg_b21836b3-8880-4beb-a080-08e5048f2aa3\"", \""osm_m\"": 9.6, \""surveyed_m\"": 13.6}"", ""{\""id\"": \""bldg_b23f76e8-a6b2-463b-bf45-b0b8dac9e9aa\"", \""osm_m\"": 16.0, \""surveyed_m\"": 10.0}"", ""{\""id\"": \""bldg_b2823137-e70a-458a-87e9-130b0145dad9\"", \""osm_m\"": 18.0, \""surveyed_m\"": 9.6}"", ""{\""id\"": \""bldg_b29e9909-5516-4beb-a07a-c20100a8a3ef\"", \""osm_m\"": 14.6, \""surveyed_m\"": 9.7}"", ""{\""id\"": \""bldg_b29ffb7a-88e4-4da4-ad55-2491d269b5bd\"", \""osm_m\"": 30.0, \""surveyed_m\"": 40.03}"", ""{\""id\"": \""bldg_b2bae3f2-a1f1-4317-a9ec-5e15475592d2\"", \""osm_m\"": 66.98, \""surveyed_m\"": 63.8}"", ""{\""id\"": \""bldg_b2fca1ad-e066-4828-ba25-a2187fcf2d03\"", \""osm_m\"": 21.6, \""surveyed_m\"": 17.9}"", ""{\""id\"": \""bldg_b3701b99-6eb7-4451-8c7c-04bb9d6e27e3\"", \""osm_m\"": 6.4, \""surveyed_m\"": 10.0}"", ""{\""id\"": \""bldg_b3ab1d67-300f-47ed-9e59-fea07d74e262\"", \""osm_m\"": 7.0, \""surveyed_m\"": 11.7}"", ""{\""id\"": \""bldg_b3bb5c65-e193-4deb-9533-9e925ec9f6b3\"", \""osm_m\"": 41.2, \""surveyed_m\"": 33.0}"", ""{\""id\"": \""bldg_b3cf7dd6-8973-4dd3-9f2c-bf06452fa814\"", \""osm_m\"": 70.0, \""surveyed_m\"": 66.0}"", ""{\""id\"": \""bldg_b3dfe7db-dfd2-4e42-a271-9a360e77738a\"", \""osm_m\"": 52.1, \""surveyed_m\"": 36.9}"", ""{\""id\"": \""bldg_b3f4c119-7707-45c7-8e97-e49844071eed\"", \""osm_m\"": 35.0, \""surveyed_m\"": 129.5}"", ""{\""id\"": \""bldg_b40f4a4b-21e6-4d9a-a80e-1a2d58ef58f1\"", \""osm_m\"": 30.0, \""surveyed_m\"": 24.3}"", ""{\""id\"": \""bldg_b4447261-459e-4448-8e18-157fb7b2bb66\"", \""osm_m\"": 8.5, \""surveyed_m\"": 11.7}"", ""{\""id\"": \""bldg_b47c007a-7781-478e-bd76-479a06fc16db\"", \""osm_m\"": 119.65, \""surveyed_m\"": 113.9}"", ""{\""id\"": \""bldg_b48f951e-e49c-42a2-af1e-b8ca2f070642\"", \""osm_m\"": 6.2, \""surveyed_m\"": 9.7}"", ""{\""id\"": \""bldg_b496f276-4700-4c1a-aeb8-e44aaf7dce91\"", \""osm_m\"": 16.8, \""surveyed_m\"": 8.7}"", ""{\""id\"": \""bldg_b4d12a06-5ec3-4a0d-9fa0-f9366f5265ae\"", \""osm_m\"": 37.0, \""surveyed_m\"": 12.7}"", ""{\""id\"": \""bldg_b5268af4-ed01-4b48-95b4-1f53fbe078e6\"", \""osm_m\"": 3.04, \""surveyed_m\"": 8.0}"", ""{\""id\"": \""bldg_b547b762-9a38-47d6-add7-d246d3e6af84\"", \""osm_m\"": 13.0, \""surveyed_m\"": 18.3}"", ""{\""id\"": \""bldg_b54c9c43-c951-4ea4-bcc7-664834c3555f\"", \""osm_m\"": 70.62, \""surveyed_m\"": 65.9}"", ""{\""id\"": \""bldg_b59e234b-69e4-4e95-be10-58eb9ace3789\"", \""osm_m\"": 10.0, \""surveyed_m\"": 15.0}"", ""{\""id\"": \""bldg_b5adc13f-c8d5-4c4e-9e8d-78f16cb60950\"", \""osm_m\"": 22.0, \""surveyed_m\"": 12.8}"", ""{\""id\"": \""bldg_b5b78873-0e2f-4e5b-a508-63b0a74422b5\"", \""osm_m\"": 7.3, \""surveyed_m\"": 10.6}"", ""{\""id\"": \""bldg_b6512a20-e864-4784-8ee6-03eb958229be\"", \""osm_m\"": 38.1, \""surveyed_m\"": 32.4}"", ""{\""id\"": \""bldg_b6552aaf-4b7e-4f3a-b38b-fdc0bf5f0be6\"", \""osm_m\"": 11.9, \""surveyed_m\"": 8.7}"", ""{\""id\"": \""bldg_b6ea84b1-9b1a-454c-9803-61a173ffe590\"", \""osm_m\"": 7.0, \""surveyed_m\"": 17.1}"", ""{\""id\"": \""bldg_b702402c-c204-4f67-a478-19ff68875925\"", \""osm_m\"": 4.4, \""surveyed_m\"": 8.5}"", ""{\""id\"": \""bldg_b7201e10-bad8-4874-816f-aa0ce80ee7be\"", \""osm_m\"": 17.5, \""surveyed_m\"": 21.9}"", ""{\""id\"": \""bldg_b782ff47-c073-4fe4-83c8-f9552a2ca345\"", \""osm_m\"": 28.0, \""surveyed_m\"": 32.0}"", ""{\""id\"": \""bldg_b79aea40-a231-4004-988f-507a374d6c57\"", \""osm_m\"": 72.0, \""surveyed_m\"": 136.1}"", ""{\""id\"": \""bldg_b7aa0755-54fa-4c33-bf77-043f0f0f1cf3\"", \""osm_m\"": 9.0, \""surveyed_m\"": 3.9}"", ""{\""id\"": \""bldg_b7aca07a-e1bb-4ef1-a8d2-096a6562c5ac\"", \""osm_m\"": 8.8, \""surveyed_m\"": 4.4}"", ""{\""id\"": \""bldg_b80a2627-35e4-4f55-8cc2-4fde6a6d0973\"", \""osm_m\"": 38.3, \""surveyed_m\"": 32.5}"", ""{\""id\"": \""bldg_b80e73d1-dece-4d86-b910-874f0df674ef\"", \""osm_m\"": 85.79, \""surveyed_m\"": 10.8}"", ""{\""id\"": \""bldg_b83b4ff0-cb19-44cc-8aef-c31fc2fd5190\"", \""osm_m\"": 102.0, \""surveyed_m\"": 105.5}"", ""{\""id\"": \""bldg_b8506b65-1c36-47e3-8e04-82729a3470f1\"", \""osm_m\"": 30.0, \""surveyed_m\"": 36.0}"", ""{\""id\"": \""bldg_b886f120-82c8-442e-9e5f-cc058b8d3c2b\"", \""osm_m\"": 9.4, \""surveyed_m\"": 5.5}"", ""{\""id\"": \""bldg_b8d21fc2-45c1-434d-8922-9860d98af496\"", \""osm_m\"": 2.95, \""surveyed_m\"": 6.2}"", ""{\""id\"": \""bldg_b8ed71f0-fce3-44df-8fa2-28dc3b0cce3d\"", \""osm_m\"": 6.4, \""surveyed_m\"": 9.7}"", ""{\""id\"": \""bldg_b902d547-5df1-4aa9-a098-27ce7cf1ae5c\"", \""osm_m\"": 37.3, \""surveyed_m\"": 9.6}"", ""{\""id\"": \""bldg_b910f759-f520-42c9-ac68-39de871bb148\"", \""osm_m\"": 70.0, \""surveyed_m\"": 1.7}"", ""{\""id\"": \""bldg_b93f33a4-2c4d-4136-a81e-febe69a05ded\"", \""osm_m\"": 69.0, \""surveyed_m\"": 57.7}"", ""{\""id\"": \""bldg_b9620821-0bda-4935-ac42-30a61f905905\"", \""osm_m\"": 35.0, \""surveyed_m\"": 47.4}"", ""{\""id\"": \""bldg_b9cd8027-fdd3-44dc-b34a-d5b20aa29f47\"", \""osm_m\"": 12.0, \""surveyed_m\"": 57.2}"", ""{\""id\"": \""bldg_b9dc66f5-7a2d-47dc-838b-25c1a9b69df9\"", \""osm_m\"": 70.0, \""surveyed_m\"": 3.4}"", ""{\""id\"": \""bldg_b9e94306-9fbb-4e30-8589-71d7799b79e9\"", \""osm_m\"": 18.3, \""surveyed_m\"": 11.6}"", ""{\""id\"": \""bldg_ba3073e5-b85e-4b37-8d3d-c88884ab7b0c\"", \""osm_m\"": 12.0, \""surveyed_m\"": 15.9}"", ""{\""id\"": \""bldg_ba3f2587-cdd1-45ea-9abe-2b53d6ef48ff\"", \""osm_m\"": 9.3, \""surveyed_m\"": 14.5}"", ""{\""id\"": \""bldg_ba416185-1caa-4996-9dec-053886823225\"", \""osm_m\"": 1.1, \""surveyed_m\"": 5.7}"", ""{\""id\"": \""bldg_ba4beaf1-b1bc-4363-be3f-c3ad3cc7c87d\"", \""osm_m\"": 18.0, \""surveyed_m\"": 21.6}"", ""{\""id\"": \""bldg_ba7074a0-4006-4868-84f2-61d94bac7bdd\"", \""osm_m\"": 3.03, \""surveyed_m\"": 8.8}"", ""{\""id\"": \""bldg_baad65c4-b2bc-421a-94aa-19f43312a8a1\"", \""osm_m\"": 37.0, \""surveyed_m\"": 47.9}"", ""{\""id\"": \""bldg_baadb21a-2f79-4e84-bcc2-1fb6252e2c1e\"", \""osm_m\"": 49.0, \""surveyed_m\"": 43.6}"", ""{\""id\"": \""bldg_bacbdcfc-335f-4381-ab0d-98f067c34992\"", \""osm_m\"": 83.01, \""surveyed_m\"": 86.1}"", ""{\""id\"": \""bldg_bae855e3-12f7-48b3-b325-9e1d93173c00\"", \""osm_m\"": 18.0, \""surveyed_m\"": 10.1}"", ""{\""id\"": \""bldg_bb1872b6-7367-4eda-ad21-c34a461c4309\"", \""osm_m\"": 6.0, \""surveyed_m\"": 18.4}"", ""{\""id\"": \""bldg_bb214ec5-c8f9-4d5e-8507-37a971ae758b\"", \""osm_m\"": 103.0, \""surveyed_m\"": 93.0}"", ""{\""id\"": \""bldg_bb5ac867-969f-4715-85f9-68199f1da180\"", \""osm_m\"": 8.0, \""surveyed_m\"": 72.8}"", ""{\""id\"": \""bldg_bbb08246-4fcf-4cd3-aa43-9824a7be90da\"", \""osm_m\"": 6.0, \""surveyed_m\"": 10.9}"", ""{\""id\"": \""bldg_bbb3cd54-e0d0-4503-87f9-fb0865042b2f\"", \""osm_m\"": 86.0, \""surveyed_m\"": 78.0}"", ""{\""id\"": \""bldg_bc46f2e2-968d-4614-9785-e517e38e57af\"", \""osm_m\"": 153.0, \""surveyed_m\"": 147.4}"", ""{\""id\"": \""bldg_bc49b1ef-5049-4d18-a8fa-89bebdaf76f8\"", \""osm_m\"": 2.0, \""surveyed_m\"": 5.5}"", ""{\""id\"": \""bldg_bc841f9b-9c73-49f6-809d-7504c4333a14\"", \""osm_m\"": 37.0, \""surveyed_m\"": 32.6}"", ""{\""id\"": \""bldg_bcaeb53a-a0b8-40e6-8165-e0a0c6a2fbd8\"", \""osm_m\"": 3.1, \""surveyed_m\"": 9.2}"", ""{\""id\"": \""bldg_bcb145a7-34dd-4c9a-8d5e-9014c2a3829d\"", \""osm_m\"": 97.86, \""surveyed_m\"": 101.51}"", ""{\""id\"": \""bldg_bcc5de05-0b92-450b-a737-4c66ec4cc40e\"", \""osm_m\"": 39.0, \""surveyed_m\"": 32.4}"", ""{\""id\"": \""bldg_bd3c273d-bcda-41a4-9187-2aa9d35ad888\"", \""osm_m\"": 92.6, \""surveyed_m\"": 89.4}"", ""{\""id\"": \""bldg_bd3cbbbd-4c57-4ad3-968e-bcc39363c5df\"", \""osm_m\"": 11.6, \""surveyed_m\"": 8.5}"", ""{\""id\"": \""bldg_bd5b1e52-4269-4ba5-866d-2098a8a40ef4\"", \""osm_m\"": 2.96, \""surveyed_m\"": 7.3}"", ""{\""id\"": \""bldg_bd65f9e5-496a-4df6-8be2-e24cb29091fb\"", \""osm_m\"": 23.1, \""surveyed_m\"": 16.7}"", ""{\""id\"": \""bldg_bd664e0b-2c3a-46e5-807e-b779e5d4bf08\"", \""osm_m\"": 17.8, \""surveyed_m\"": 44.4}"", ""{\""id\"": \""bldg_bd6d8a5e-ac71-4347-99b1-b74e85c9442d\"", \""osm_m\"": 2.98, \""surveyed_m\"": 6.2}"", ""{\""id\"": \""bldg_bd74c2ba-f96f-45a3-b3bf-c5d52210ca65\"", \""osm_m\"": 17.2, \""surveyed_m\"": 13.3}"", ""{\""id\"": \""bldg_bda5c155-ff21-457d-a1b6-7de0ed6c2542\"", \""osm_m\"": 15.4, \""surveyed_m\"": 6.2}"", ""{\""id\"": \""bldg_bdc49862-4c3e-4113-aa4f-4ea9ab077aa9\"", \""osm_m\"": 35.0, \""surveyed_m\"": 59.1}"", ""{\""id\"": \""bldg_be0683a6-7068-4758-9ae8-ab73e7574a48\"", \""osm_m\"": 209.9, \""surveyed_m\"": 188.5}"", ""{\""id\"": \""bldg_be6ee405-f0f7-4377-89fd-6c6e39be6b29\"", \""osm_m\"": 65.0, \""surveyed_m\"": 85.3}"", ""{\""id\"": \""bldg_be916de5-036f-4c61-8125-063b05d156d8\"", \""osm_m\"": 108.975, \""surveyed_m\"": 105.3}"", ""{\""id\"": \""bldg_bed1cb69-55c5-41d1-9d68-eda002237036\"", \""osm_m\"": 17.5, \""surveyed_m\"": 21.5}"", ""{\""id\"": \""bldg_bee04516-b8fd-41e4-ad83-92d1a56c22b5\"", \""osm_m\"": 20.0, \""surveyed_m\"": 36.8}"", ""{\""id\"": \""bldg_beebdfd1-340d-4c79-9565-0af214493dda\"", \""osm_m\"": 35.0, \""surveyed_m\"": 16.0}"", ""{\""id\"": \""bldg_bf3b4aa2-afe6-4d5c-8912-e0b709b613e8\"", \""osm_m\"": 36.6, \""surveyed_m\"": 31.3}"", ""{\""id\"": \""bldg_bf417a47-0114-45bb-bc57-e6fdfea882cb\"", \""osm_m\"": 30.0, \""surveyed_m\"": 25.8}"", ""{\""id\"": \""bldg_bf718a75-7ac8-4cb4-8290-e065b089e67d\"", \""osm_m\"": 7.1, \""surveyed_m\"": 20.4}"", ""{\""id\"": \""bldg_bf7ee136-d4a6-4231-9be7-3cd66766d4b5\"", \""osm_m\"": 17.5, \""surveyed_m\"": 13.7}"", ""{\""id\"": \""bldg_bf82b8fe-cc51-4256-940b-599739bdfb0c\"", \""osm_m\"": 16.0, \""surveyed_m\"": 7.5}"", ""{\""id\"": \""bldg_bf856b1c-05da-467a-ac17-49f11cbaedc0\"", \""osm_m\"": 20.0, \""surveyed_m\"": 25.6}"", ""{\""id\"": \""bldg_bf85b4f4-cbbb-4790-ba80-73a403c46752\"", \""osm_m\"": 43.0, \""surveyed_m\"": 38.2}"", ""{\""id\"": \""bldg_bf9f2922-8c4a-4525-9fe0-b1d09c368d13\"", \""osm_m\"": 90.0, \""surveyed_m\"": 99.1}"", ""{\""id\"": \""bldg_bfc2bcc4-fe91-49d5-803f-d781e61d7146\"", \""osm_m\"": 36.0, \""surveyed_m\"": 43.7}"", ""{\""id\"": \""bldg_bfcf72f5-2ece-4f20-9688-25abf65dce4b\"", \""osm_m\"": 15.0, \""surveyed_m\"": 21.4}"", ""{\""id\"": \""bldg_bfddfb73-c4e7-401e-86f8-fa28df213999\"", \""osm_m\"": 28.6, \""surveyed_m\"": 22.9}"", ""{\""id\"": \""bldg_bfead7eb-8d9b-47b1-9d05-4aedda962fc3\"", \""osm_m\"": 46.6, \""surveyed_m\"": 36.5}"", ""{\""id\"": \""bldg_bfed8989-b19b-4a09-b993-cbcf41b7b1fb\"", \""osm_m\"": 59.9, \""surveyed_m\"": 56.5}"", ""{\""id\"": \""bldg_c0577b82-6bf4-435c-8a23-8fa656afea6b\"", \""osm_m\"": 17.9, \""surveyed_m\"": 11.0}"", ""{\""id\"": \""bldg_c06d7f4b-03c3-49c5-b428-09eaebf89534\"", \""osm_m\"": 25.0, \""surveyed_m\"": 20.4}"", ""{\""id\"": \""bldg_c09928a2-a356-4c76-9f8f-4fb1fb97475c\"", \""osm_m\"": 44.7, \""surveyed_m\"": 31.4}"", ""{\""id\"": \""bldg_c0c4ec9e-897b-47d3-b4f7-1841182ba838\"", \""osm_m\"": 6.3, \""surveyed_m\"": 10.7}"", ""{\""id\"": \""bldg_c0de6fa1-da18-4e3b-bdcc-c29d5abe66d7\"", \""osm_m\"": 30.0, \""surveyed_m\"": 35.0}"", ""{\""id\"": \""bldg_c0df4f5f-4ec5-46d9-8b79-68c562658443\"", \""osm_m\"": 29.0, \""surveyed_m\"": 34.0}"", ""{\""id\"": \""bldg_c1208c16-5ae3-4497-a6c7-e88881acdeda\"", \""osm_m\"": 30.0, \""surveyed_m\"": 38.4}"", ""{\""id\"": \""bldg_c187b8a7-541b-4aa3-af5b-36327ca691b0\"", \""osm_m\"": 62.82, \""surveyed_m\"": 58.4}"", ""{\""id\"": \""bldg_c18989a3-b972-4d2d-85ab-ff0808c5b742\"", \""osm_m\"": 8.5, \""surveyed_m\"": 19.7}"", ""{\""id\"": \""bldg_c1ac7583-32e8-4b72-ae49-0c400973e8a4\"", \""osm_m\"": 9.3, \""surveyed_m\"": 5.9}"", ""{\""id\"": \""bldg_c1d7c659-394e-45dc-a893-7e894b45824f\"", \""osm_m\"": 149.0, \""surveyed_m\"": 156.0}"", ""{\""id\"": \""bldg_c2072167-d02f-4410-a516-d9644d217efd\"", \""osm_m\"": 80.0, \""surveyed_m\"": 3.0}"", ""{\""id\"": \""bldg_c20fe48c-c9ec-476e-b005-779c86d40809\"", \""osm_m\"": 50.0, \""surveyed_m\"": 60.3}"", ""{\""id\"": \""bldg_c23d3923-bcc0-4f9b-961b-a37ed2ab8617\"", \""osm_m\"": 30.0, \""surveyed_m\"": 38.4}"", ""{\""id\"": \""bldg_c24187d6-ca10-44d0-91df-bc53bb1e090c\"", \""osm_m\"": 2.95, \""surveyed_m\"": 6.1}"", ""{\""id\"": \""bldg_c27301f2-1449-435b-bfae-86905c52cb5a\"", \""osm_m\"": 178.0, \""surveyed_m\"": 191.0}"", ""{\""id\"": \""bldg_c27addbe-19f4-44c8-a1dd-d847c165f505\"", \""osm_m\"": 20.3, \""surveyed_m\"": 6.2}"", ""{\""id\"": \""bldg_c2c53ad0-6e83-430e-ab63-802905b461b6\"", \""osm_m\"": 10.5, \""surveyed_m\"": 5.7}"", ""{\""id\"": \""bldg_c2df3e7b-f670-4b1b-9302-b40f261cae09\"", \""osm_m\"": 2.98, \""surveyed_m\"": 10.2}"", ""{\""id\"": \""bldg_c31d24bf-bcbb-46b7-a672-0ca360ec1281\"", \""osm_m\"": 15.0, \""surveyed_m\"": 11.2}"", ""{\""id\"": \""bldg_c330c1e2-f98c-47d0-afb3-45eb2d4b2f15\"", \""osm_m\"": 6.0, \""surveyed_m\"": 9.5}"", ""{\""id\"": \""bldg_c33b7039-884a-4dfc-9cc1-4cf2707a7e1f\"", \""osm_m\"": 10.7, \""surveyed_m\"": 6.2}"", ""{\""id\"": \""bldg_c3633224-8768-48eb-800d-0ac539053ea1\"", \""osm_m\"": 70.0, \""surveyed_m\"": 19.7}"", ""{\""id\"": \""bldg_c36cdfef-28da-492e-a53b-cf93b191a04f\"", \""osm_m\"": 3.02, \""surveyed_m\"": 11.3}"", ""{\""id\"": \""bldg_c36f7026-30f9-4764-a43d-fa782405206c\"", \""osm_m\"": 23.0, \""surveyed_m\"": 14.6}"", ""{\""id\"": \""bldg_c374a746-f8f6-497d-a78f-ff6c1520afd8\"", \""osm_m\"": 90.0, \""surveyed_m\"": 81.2}"", ""{\""id\"": \""bldg_c37e14af-2d44-4989-ad63-d557aca41b07\"", \""osm_m\"": 166.23, \""surveyed_m\"": 159.4}"", ""{\""id\"": \""bldg_c3b08e18-ca43-423e-b9b4-1d96bf05072c\"", \""osm_m\"": 170.0, \""surveyed_m\"": 142.3}"", ""{\""id\"": \""bldg_c3c5dbf3-5af2-4658-8944-98a17ce4e6c4\"", \""osm_m\"": 1.1, \""surveyed_m\"": 6.1}"", ""{\""id\"": \""bldg_c3cc7936-7b3c-4fb3-9ada-81e6e355372f\"", \""osm_m\"": 70.0, \""surveyed_m\"": 16.5}"", ""{\""id\"": \""bldg_c3cfe4fa-b2a8-444a-b3ba-e821d96597aa\"", \""osm_m\"": 36.9, \""surveyed_m\"": 31.5}"", ""{\""id\"": \""bldg_c43038e3-ff77-497e-864d-d50c99a92331\"", \""osm_m\"": 14.0, \""surveyed_m\"": 18.6}"", ""{\""id\"": \""bldg_c436e388-9ae3-4c46-be12-b3bcb46cb555\"", \""osm_m\"": 17.5, \""surveyed_m\"": 10.6}"", ""{\""id\"": \""bldg_c492b648-8970-4032-a78a-646cbf6688c0\"", \""osm_m\"": 32.0, \""surveyed_m\"": 13.3}"", ""{\""id\"": \""bldg_c4d9f134-2222-409b-a6f8-b9c0fd07d676\"", \""osm_m\"": 40.0, \""surveyed_m\"": 44.7}"", ""{\""id\"": \""bldg_c4eaeef6-2d98-4986-bdee-396274ad83cc\"", \""osm_m\"": 60.04, \""surveyed_m\"": 56.1}"", ""{\""id\"": \""bldg_c4f2c8db-b927-4cd0-be51-3f2dabbb5518\"", \""osm_m\"": 9.0, \""surveyed_m\"": 12.1}"", ""{\""id\"": \""bldg_c4fd87fb-f7ba-4eec-92cf-43aedef4cf87\"", \""osm_m\"": 7.0, \""surveyed_m\"": 12.0}"", ""{\""id\"": \""bldg_c5170894-017f-4f35-8f41-f03d43651082\"", \""osm_m\"": 3.0, \""surveyed_m\"": 6.1}"", ""{\""id\"": \""bldg_c52a0816-dd5b-4f77-a068-2614dc23e4ad\"", \""osm_m\"": 3.0, \""surveyed_m\"": 7.9}"", ""{\""id\"": \""bldg_c52d7f75-a300-4bcb-9337-e38754939a88\"", \""osm_m\"": 13.3, \""surveyed_m\"": 10.0}"", ""{\""id\"": \""bldg_c53ec34a-1e0f-4dbb-8206-eebcb433519a\"", \""osm_m\"": 2.97, \""surveyed_m\"": 6.0}"", ""{\""id\"": \""bldg_c5489bb8-6520-490e-87da-2b5169a20e42\"", \""osm_m\"": 49.3, \""surveyed_m\"": 32.6}"", ""{\""id\"": \""bldg_c598edf4-59d8-484d-9403-c548120bec57\"", \""osm_m\"": 25.0, \""surveyed_m\"": 3.4}"", ""{\""id\"": \""bldg_c59a3e7a-fd8c-4e6a-8135-506bb141dac8\"", \""osm_m\"": 14.9, \""surveyed_m\"": 27.5}"", ""{\""id\"": \""bldg_c5b3284d-c383-456c-80fc-3989752d24de\"", \""osm_m\"": 35.0, \""surveyed_m\"": 44.6}"", ""{\""id\"": \""bldg_c5d36f34-fa80-498e-a553-82816457fffd\"", \""osm_m\"": 12.3, \""surveyed_m\"": 9.0}"", ""{\""id\"": \""bldg_c5d6e563-2393-4c54-a81b-6296f664affe\"", \""osm_m\"": 18.1, \""surveyed_m\"": 11.8}"", ""{\""id\"": \""bldg_c5e922d7-2711-465e-9441-850d3b5f94ec\"", \""osm_m\"": 80.0, \""surveyed_m\"": 3.4}"", ""{\""id\"": \""bldg_c605e4f0-52c9-4b6f-b74b-42af68da2c74\"", \""osm_m\"": 60.0, \""surveyed_m\"": 55.0}"", ""{\""id\"": \""bldg_c62198ec-69d7-4b92-83a5-583d32791369\"", \""osm_m\"": 6.0, \""surveyed_m\"": 9.3}"", ""{\""id\"": \""bldg_c63086a6-46ad-4a0a-a1e8-63670c0f8104\"", \""osm_m\"": 11.0, \""surveyed_m\"": 2.7}"", ""{\""id\"": \""bldg_c6584aca-bf37-47ca-aa50-f5d4184ddcb2\"", \""osm_m\"": 7.9, \""surveyed_m\"": 17.3}"", ""{\""id\"": \""bldg_c6728720-6781-4b31-92a3-abe3a4f357a7\"", \""osm_m\"": 6.0, \""surveyed_m\"": 10.2}"", ""{\""id\"": \""bldg_c69e78b4-7fe5-413c-b52a-486342891706\"", \""osm_m\"": 36.0, \""surveyed_m\"": 31.5}"", ""{\""id\"": \""bldg_c6c523aa-6f54-483f-b306-ccc9158d1f2e\"", \""osm_m\"": 12.0, \""surveyed_m\"": 7.7}"", ""{\""id\"": \""bldg_c6c8e676-92e2-4830-977a-15ef61cd9c42\"", \""osm_m\"": 137.0, \""surveyed_m\"": 133.8}"", ""{\""id\"": \""bldg_c6cc0cd6-0db3-4a34-a188-0e6dbfdef936\"", \""osm_m\"": 73.0, \""surveyed_m\"": 68.7}"", ""{\""id\"": \""bldg_c6dbd478-c90d-4f96-9947-82d06034e2cd\"", \""osm_m\"": 38.2, \""surveyed_m\"": 31.3}"", ""{\""id\"": \""bldg_c6e23ef1-db41-4c30-b0a7-7e207f3d26e3\"", \""osm_m\"": 17.6, \""surveyed_m\"": 14.1}"", ""{\""id\"": \""bldg_c6ecbafb-d97e-456e-bb38-704bdd1db71e\"", \""osm_m\"": 33.2, \""surveyed_m\"": 28.2}"", ""{\""id\"": \""bldg_c715772c-eb1b-4cde-a831-ec0fb7ccbeea\"", \""osm_m\"": 12.0, \""surveyed_m\"": 8.8}"", ""{\""id\"": \""bldg_c74a361e-f272-417f-9181-38d5ac71094b\"", \""osm_m\"": 6.1, \""surveyed_m\"": 9.8}"", ""{\""id\"": \""bldg_c764356f-bb09-434b-a96b-a467b0c05ce2\"", \""osm_m\"": 60.0, \""surveyed_m\"": 43.4}"", ""{\""id\"": \""bldg_c771290e-c907-4aab-a759-f43aa03388bd\"", \""osm_m\"": 15.0, \""surveyed_m\"": 11.9}"", ""{\""id\"": \""bldg_c783fa2c-03c2-42a2-9788-4bdbd64a1080\"", \""osm_m\"": 18.7, \""surveyed_m\"": 14.6}"", ""{\""id\"": \""bldg_c7bec757-eb8f-4829-9456-77b983dead3d\"", \""osm_m\"": 6.6, \""surveyed_m\"": 10.9}"", ""{\""id\"": \""bldg_c7d1f588-a740-4b2f-b4a6-d1602eb94d32\"", \""osm_m\"": 25.0, \""surveyed_m\"": 38.3}"", ""{\""id\"": \""bldg_c800b739-85bb-4094-ac83-eb0347c89351\"", \""osm_m\"": 20.0, \""surveyed_m\"": 37.4}"", ""{\""id\"": \""bldg_c80aa135-3a6c-48e8-905d-b4409b408c4b\"", \""osm_m\"": 8.2, \""surveyed_m\"": 11.3}"", ""{\""id\"": \""bldg_c8125973-3a67-4ce1-977e-a3a6f861df5b\"", \""osm_m\"": 30.0, \""surveyed_m\"": 36.5}"", ""{\""id\"": \""bldg_c8239fa6-48d2-4cc8-89ef-f4fad7012b72\"", \""osm_m\"": 57.9, \""surveyed_m\"": 41.5}"", ""{\""id\"": \""bldg_c834bb2d-fa5f-4b34-acef-de8377d2f7f2\"", \""osm_m\"": 30.0, \""surveyed_m\"": 33.2}"", ""{\""id\"": \""bldg_c8623f67-50d5-40c7-8c60-a696c8184ad2\"", \""osm_m\"": 131.31, \""surveyed_m\"": 107.0}"", ""{\""id\"": \""bldg_c87ba39c-ba8f-459b-a3c3-b5845c99a21c\"", \""osm_m\"": 2.99, \""surveyed_m\"": 15.0}"", ""{\""id\"": \""bldg_c8ac0a35-af49-4169-a19e-5ff4c2309d22\"", \""osm_m\"": 30.0, \""surveyed_m\"": 74.6}"", ""{\""id\"": \""bldg_c8c420e6-89eb-47f6-9e77-c6e55aae20e7\"", \""osm_m\"": 15.0, \""surveyed_m\"": 8.0}"", ""{\""id\"": \""bldg_c8cb0405-caa8-4e15-9d65-525f71ec4962\"", \""osm_m\"": 17.4, \""surveyed_m\"": 13.2}"", ""{\""id\"": \""bldg_c8cd1a8a-a071-41a6-91d1-9822bbf4bf6c\"", \""osm_m\"": 192.8, \""surveyed_m\"": 210.0}"", ""{\""id\"": \""bldg_c8e563ef-ebc1-426b-9c2e-15922db1dd22\"", \""osm_m\"": 13.0, \""surveyed_m\"": 24.3}"", ""{\""id\"": \""bldg_c8f46e40-6c56-4b18-ade7-1312d6860188\"", \""osm_m\"": 47.4, \""surveyed_m\"": 32.7}"", ""{\""id\"": \""bldg_c8fd0591-8ded-4dae-9a4a-4e5592183134\"", \""osm_m\"": 25.3, \""surveyed_m\"": 19.7}"", ""{\""id\"": \""bldg_c8fd2bc0-d3ac-487e-a716-8cacdbe7f92f\"", \""osm_m\"": 42.0, \""surveyed_m\"": 47.2}"", ""{\""id\"": \""bldg_c966ef63-2885-43ff-8ba0-adb29a827487\"", \""osm_m\"": 6.0, \""surveyed_m\"": 9.8}"", ""{\""id\"": \""bldg_c97c8053-d529-412b-8d71-96af5b8f30c2\"", \""osm_m\"": 2.98, \""surveyed_m\"": 8.3}"", ""{\""id\"": \""bldg_c98236bf-05ff-4140-aacb-bb31a1978a8d\"", \""osm_m\"": 30.7, \""surveyed_m\"": 20.1}"", ""{\""id\"": \""bldg_ca26e785-fa77-4a98-8fff-2de09d84782a\"", \""osm_m\"": 18.8, \""surveyed_m\"": 24.3}"", ""{\""id\"": \""bldg_ca2c90b5-7fee-4944-bdc2-912d9608de07\"", \""osm_m\"": 17.3, \""surveyed_m\"": 26.2}"", ""{\""id\"": \""bldg_ca2dbf67-c749-4e03-bdce-91f8373c59ba\"", \""osm_m\"": 100.0, \""surveyed_m\"": 137.3}"", ""{\""id\"": \""bldg_ca341ff7-2585-426c-8c08-fa91c3b650c7\"", \""osm_m\"": 8.5, \""surveyed_m\"": 3.7}"", ""{\""id\"": \""bldg_ca365ae3-d446-45bf-a425-efb8e363efe9\"", \""osm_m\"": 8.3, \""surveyed_m\"": 15.2}"", ""{\""id\"": \""bldg_ca39e2ba-5828-4e26-9663-e3460694416d\"", \""osm_m\"": 103.0, \""surveyed_m\"": 14.4}"", ""{\""id\"": \""bldg_ca3c2d4f-7d27-4226-b026-7981e8be23c9\"", \""osm_m\"": 30.0, \""surveyed_m\"": 3.6}"", ""{\""id\"": \""bldg_ca631498-c890-4b34-b8e3-2880778eaa41\"", \""osm_m\"": 20.0, \""surveyed_m\"": 30.9}"", ""{\""id\"": \""bldg_cad6eebb-d9d8-4bd1-9893-a593af2e97b8\"", \""osm_m\"": 43.0, \""surveyed_m\"": 3.0}"", ""{\""id\"": \""bldg_cb0a09cb-9427-497a-bd32-9e5e83ec223b\"", \""osm_m\"": 16.0, \""surveyed_m\"": 10.1}"", ""{\""id\"": \""bldg_cb35fe9d-39a8-462a-9736-ad8856868e09\"", \""osm_m\"": 73.0, \""surveyed_m\"": 81.6}"", ""{\""id\"": \""bldg_cb411435-0b61-4f94-93e7-0cd9180723dd\"", \""osm_m\"": 6.47, \""surveyed_m\"": 1.8}"", ""{\""id\"": \""bldg_cb492c39-1efe-4193-a905-50946ff049cf\"", \""osm_m\"": 40.8, \""surveyed_m\"": 35.2}"", ""{\""id\"": \""bldg_cb55e0b2-0f6a-40c9-9ea1-4b18abd50d6c\"", \""osm_m\"": 3.8, \""surveyed_m\"": 9.7}"", ""{\""id\"": \""bldg_cb6a5864-f052-4e69-bef5-9adce47f4831\"", \""osm_m\"": 11.5, \""surveyed_m\"": 17.9}"", ""{\""id\"": \""bldg_cb6c988f-986d-47e8-b0be-ed1419eb2eb6\"", \""osm_m\"": 20.0, \""surveyed_m\"": 30.8}"", ""{\""id\"": \""bldg_cb9c4601-885b-4f42-87d7-ffd263d79bd0\"", \""osm_m\"": 3.2, \""surveyed_m\"": 12.2}"", ""{\""id\"": \""bldg_cbd41196-67c4-44eb-8de4-0d4df06e0782\"", \""osm_m\"": 3.0, \""surveyed_m\"": 16.0}"", ""{\""id\"": \""bldg_cbde8872-cd73-4426-915e-7dc354435ab8\"", \""osm_m\"": 30.0, \""surveyed_m\"": 36.5}"", ""{\""id\"": \""bldg_cc2a5196-2592-4607-af9b-cf93e15e029d\"", \""osm_m\"": 17.7, \""surveyed_m\"": 2.6}"", ""{\""id\"": \""bldg_cc3e64b5-027b-4573-a9dd-cdf10b221118\"", \""osm_m\"": 12.6, \""surveyed_m\"": 28.0}"", ""{\""id\"": \""bldg_ccb0fff4-fa68-46ac-9036-c5c54c4b2e92\"", \""osm_m\"": 9.7, \""surveyed_m\"": 6.3}"", ""{\""id\"": \""bldg_cd08c926-e062-4e80-ae3f-c2d20d17816c\"", \""osm_m\"": 21.0, \""surveyed_m\"": 35.8}"", ""{\""id\"": \""bldg_cd2bcf95-222b-4157-a67c-a7f7dc1dea97\"", \""osm_m\"": 40.0, \""surveyed_m\"": 53.5}"", ""{\""id\"": \""bldg_cd3ff4c3-2b4c-4a45-adf7-9fec6289e649\"", \""osm_m\"": 8.0, \""surveyed_m\"": 14.3}"", ""{\""id\"": \""bldg_cd45964b-dad6-444d-a9f3-ca90fa3f8478\"", \""osm_m\"": 5.8, \""surveyed_m\"": 10.3}"", ""{\""id\"": \""bldg_cd62c93c-e4a5-4dbe-8c40-b0a2ba6439c6\"", \""osm_m\"": 4.0, \""surveyed_m\"": 9.5}"", ""{\""id\"": \""bldg_cd7b7c15-5b89-4181-9656-da21e72ce055\"", \""osm_m\"": 2.96, \""surveyed_m\"": 6.3}"", ""{\""id\"": \""bldg_cd9121f7-0344-44ce-ab1e-71d2f6d93cb4\"", \""osm_m\"": 26.9, \""surveyed_m\"": 21.8}"", ""{\""id\"": \""bldg_cdc61055-278c-4485-92bd-a9f60f1a0f57\"", \""osm_m\"": 83.0, \""surveyed_m\"": 76.7}"", ""{\""id\"": \""bldg_cdcb081a-616f-4f7e-9928-4a22b5c75af0\"", \""osm_m\"": 13.0, \""surveyed_m\"": 24.6}"", ""{\""id\"": \""bldg_ce4277a4-7b81-4cc9-92bd-6bfa6b6fb940\"", \""osm_m\"": 119.4, \""surveyed_m\"": 115.9}"", ""{\""id\"": \""bldg_ce44d348-bc11-46c4-97e1-846bfec1ccba\"", \""osm_m\"": 2.96, \""surveyed_m\"": 9.0}"", ""{\""id\"": \""bldg_ce53f2a3-8de6-4501-9159-867abcaf1aa6\"", \""osm_m\"": 13.6, \""surveyed_m\"": 5.3}"", ""{\""id\"": \""bldg_ce5fa5f5-6edd-4e28-abe5-28cb581956bf\"", \""osm_m\"": 67.6, \""surveyed_m\"": 73.4}"", ""{\""id\"": \""bldg_cedf5079-d01d-4d5b-b54a-e67d864795cf\"", \""osm_m\"": 45.0, \""surveyed_m\"": 39.6}"", ""{\""id\"": \""bldg_cf02d0b7-3302-49dc-a507-8f002c23ba6d\"", \""osm_m\"": 10.0, \""surveyed_m\"": 14.9}"", ""{\""id\"": \""bldg_cf1d71dc-d3cb-4d0b-8b97-0e61d669f7bc\"", \""osm_m\"": 2.96, \""surveyed_m\"": 8.8}"", ""{\""id\"": \""bldg_cf4893f4-75b4-4636-8bee-14e818349f01\"", \""osm_m\"": 24.0, \""surveyed_m\"": 42.3}"", ""{\""id\"": \""bldg_cf55bb67-76f7-4b20-9018-c5e82c14cddb\"", \""osm_m\"": 24.0, \""surveyed_m\"": 41.2}"", ""{\""id\"": \""bldg_cf672644-025a-441b-9fc8-48c514a41ff5\"", \""osm_m\"": 3.03, \""surveyed_m\"": 6.2}"", ""{\""id\"": \""bldg_cf6b60c2-d011-4a24-ba10-60e9dea14cf7\"", \""osm_m\"": 94.0, \""surveyed_m\"": 204.2}"", ""{\""id\"": \""bldg_cfb5cd6d-ee7b-4f18-aa67-29814d8be7ad\"", \""osm_m\"": 36.0, \""surveyed_m\"": 31.3}"", ""{\""id\"": \""bldg_cfc5ca24-1302-443e-8017-1fad372af8a6\"", \""osm_m\"": 14.5, \""surveyed_m\"": 8.6}"", ""{\""id\"": \""bldg_cfd438ad-ccdd-4b27-aaa6-08ce1a61338b\"", \""osm_m\"": 70.0, \""surveyed_m\"": 24.5}"", ""{\""id\"": \""bldg_d00814bb-0b4e-46a8-a413-0f4e556829f3\"", \""osm_m\"": 51.5, \""surveyed_m\"": 32.0}"", ""{\""id\"": \""bldg_d018ccbf-6e88-446e-90d0-b65194487df7\"", \""osm_m\"": 84.28, \""surveyed_m\"": 70.0}"", ""{\""id\"": \""bldg_d02ae3b0-ab68-42b4-a287-c7d1ca6c1a69\"", \""osm_m\"": 7.0, \""surveyed_m\"": 11.5}"", ""{\""id\"": \""bldg_d04146cd-6bda-4b50-a3e5-48301bc2a556\"", \""osm_m\"": 35.0, \""surveyed_m\"": 47.9}"", ""{\""id\"": \""bldg_d067b78a-2d96-42a4-a8d5-c7fcae3fa342\"", \""osm_m\"": 0.5, \""surveyed_m\"": 18.0}"", ""{\""id\"": \""bldg_d07a05ac-f485-44bf-95d4-235212a0c7d9\"", \""osm_m\"": 155.0, \""surveyed_m\"": 160.4}"", ""{\""id\"": \""bldg_d07b2e65-f409-46f9-9ec7-800c52b74968\"", \""osm_m\"": 17.6, \""surveyed_m\"": 12.6}"", ""{\""id\"": \""bldg_d0967cf5-1f32-48d1-9dda-11320828a076\"", \""osm_m\"": 73.0, \""surveyed_m\"": 130.1}"", ""{\""id\"": \""bldg_d0e5dca5-d42e-4ea9-8bef-40290d2eb7fc\"", \""osm_m\"": 32.0, \""surveyed_m\"": 15.6}"", ""{\""id\"": \""bldg_d0fd0b32-4be1-4027-a0bd-7aa78c474e53\"", \""osm_m\"": 21.4, \""surveyed_m\"": 16.5}"", ""{\""id\"": \""bldg_d12f1293-d695-4198-b50b-1ab51bbfa290\"", \""osm_m\"": 8.0, \""surveyed_m\"": 15.9}"", ""{\""id\"": \""bldg_d1701123-0038-4bc6-ac49-9208bbc1b9ee\"", \""osm_m\"": 8.1, \""surveyed_m\"": 23.6}"", ""{\""id\"": \""bldg_d17a1602-735c-48bb-95f1-ab3b4f396f97\"", \""osm_m\"": 5.0, \""surveyed_m\"": 9.5}"", ""{\""id\"": \""bldg_d18265e6-de2e-49b5-b837-541a7d1eb6c9\"", \""osm_m\"": 3.02, \""surveyed_m\"": 6.7}"", ""{\""id\"": \""bldg_d190aa58-8951-4008-b2d4-58cdc898085f\"", \""osm_m\"": 14.0, \""surveyed_m\"": 9.3}"", ""{\""id\"": \""bldg_d1af8399-f079-4dc5-a0f9-67639d75e2c5\"", \""osm_m\"": 30.1, \""surveyed_m\"": 26.2}"", ""{\""id\"": \""bldg_d1d8a1a7-da09-42a3-ac61-b84c690dab78\"", \""osm_m\"": 7.0, \""surveyed_m\"": 26.6}"", ""{\""id\"": \""bldg_d26d7a49-9683-4b98-b182-cc0d3109d156\"", \""osm_m\"": 20.6, \""surveyed_m\"": 13.3}"", ""{\""id\"": \""bldg_d2bbbc1b-01b4-4bae-90f1-ec4146970551\"", \""osm_m\"": 8.1, \""surveyed_m\"": 4.5}"", ""{\""id\"": \""bldg_d309353b-10b4-46cc-bfbf-017d6a5e4e20\"", \""osm_m\"": 25.0, \""surveyed_m\"": 32.9}"", ""{\""id\"": \""bldg_d33f689d-1373-4fc9-9575-4ddd35c5cfb7\"", \""osm_m\"": 35.0, \""surveyed_m\"": 43.2}"", ""{\""id\"": \""bldg_d3594d20-c475-4f2b-8d03-f11f3e1cec4e\"", \""osm_m\"": 56.0, \""surveyed_m\"": 42.0}"", ""{\""id\"": \""bldg_d367a279-1c71-4a1f-8d49-506b28e2d941\"", \""osm_m\"": 52.0, \""surveyed_m\"": 6.6}"", ""{\""id\"": \""bldg_d386c632-22e0-4742-8b43-21c657484abd\"", \""osm_m\"": 19.1, \""surveyed_m\"": 13.4}"", ""{\""id\"": \""bldg_d394a341-559a-4cf6-8eb6-e263df78f08f\"", \""osm_m\"": 67.03, \""surveyed_m\"": 70.1}"", ""{\""id\"": \""bldg_d39afe50-0e6e-4d71-8606-e076fd858d81\"", \""osm_m\"": 3.05, \""surveyed_m\"": 7.6}"", ""{\""id\"": \""bldg_d3b12542-7ad1-438d-bafe-5b2c86fe06fb\"", \""osm_m\"": 15.2, \""surveyed_m\"": 6.9}"", ""{\""id\"": \""bldg_d3c973a3-ee02-4a8b-ab1d-ca40ba83aa2b\"", \""osm_m\"": 15.0, \""surveyed_m\"": 21.9}"", ""{\""id\"": \""bldg_d41477ed-fcf2-4673-9ae2-06244e7c5523\"", \""osm_m\"": 13.9, \""surveyed_m\"": 9.4}"", ""{\""id\"": \""bldg_d421082e-b2b4-4466-be6f-4c7575810ceb\"", \""osm_m\"": 2.99, \""surveyed_m\"": 6.4}"", ""{\""id\"": \""bldg_d429afb9-2999-4e8d-82e1-7435b3f37eba\"", \""osm_m\"": 59.0, \""surveyed_m\"": 53.9}"", ""{\""id\"": \""bldg_d43c0a13-9fc0-4ec3-a7ac-839a9e42fd73\"", \""osm_m\"": 103.0, \""surveyed_m\"": 92.2}"", ""{\""id\"": \""bldg_d44cc7f8-c949-46db-b878-a1c71d9b986c\"", \""osm_m\"": 12.0, \""surveyed_m\"": 18.2}"", ""{\""id\"": \""bldg_d46e5bec-939f-49b6-8ea9-fd5a76b4c2f1\"", \""osm_m\"": 30.0, \""surveyed_m\"": 42.3}"", ""{\""id\"": \""bldg_d475287e-62a5-4077-bf75-912b4aab4774\"", \""osm_m\"": 16.3, \""surveyed_m\"": 11.9}"", ""{\""id\"": \""bldg_d4b1376c-3efe-4f2b-80b3-818327d93bfd\"", \""osm_m\"": 12.3, \""surveyed_m\"": 20.6}"", ""{\""id\"": \""bldg_d4b70fcf-006a-49bf-8d71-0d2bbb5fdb4e\"", \""osm_m\"": 3.01, \""surveyed_m\"": 6.4}"", ""{\""id\"": \""bldg_d4c6fe12-0eeb-4395-aecf-93c9b5a5c6ee\"", \""osm_m\"": 42.0, \""surveyed_m\"": 33.3}"", ""{\""id\"": \""bldg_d5b2f23e-2691-4d36-a8a8-171a4e9db029\"", \""osm_m\"": 56.0, \""surveyed_m\"": 52.7}"", ""{\""id\"": \""bldg_d5d12861-413b-4947-a594-2cbd5e8adb90\"", \""osm_m\"": 19.1, \""surveyed_m\"": 12.0}"", ""{\""id\"": \""bldg_d5e2574d-401c-46c8-a580-c7ba5d8a7922\"", \""osm_m\"": 6.8, \""surveyed_m\"": 11.3}"", ""{\""id\"": \""bldg_d63983de-6ad9-4fb8-b642-d387f058ae25\"", \""osm_m\"": 30.0, \""surveyed_m\"": 4.5}"", ""{\""id\"": \""bldg_d69a2b85-d51e-4afe-9195-b1b7868e8345\"", \""osm_m\"": 7.1, \""surveyed_m\"": 2.4}"", ""{\""id\"": \""bldg_d6f2ae61-ddea-41ea-849f-475a8ce11c38\"", \""osm_m\"": 50.0, \""surveyed_m\"": 83.4}"", ""{\""id\"": \""bldg_d6f9ab6f-3373-4d6c-a176-49cd385017a9\"", \""osm_m\"": 30.0, \""surveyed_m\"": 26.1}"", ""{\""id\"": \""bldg_d765e49f-d156-4781-a131-7b6d9c7d10fc\"", \""osm_m\"": 10.4, \""surveyed_m\"": 4.9}"", ""{\""id\"": \""bldg_d7bc5313-ff56-4b74-8d3e-e40932170391\"", \""osm_m\"": 40.0, \""surveyed_m\"": 48.7}"", ""{\""id\"": \""bldg_d7bee7c3-5e45-47b0-b293-51869bccd79b\"", \""osm_m\"": 9.0, \""surveyed_m\"": 13.9}"", ""{\""id\"": \""bldg_d7e5ae2a-4e5f-41a5-b470-f7b98ab7407a\"", \""osm_m\"": 143.29, \""surveyed_m\"": 140.2}"", ""{\""id\"": \""bldg_d800a6d0-cd23-4e92-82ce-0c93fb7625fd\"", \""osm_m\"": 31.5, \""surveyed_m\"": 20.3}"", ""{\""id\"": \""bldg_d8256b52-995b-4a27-8e2f-c8d675629215\"", \""osm_m\"": 4.0, \""surveyed_m\"": 7.7}"", ""{\""id\"": \""bldg_d829dbec-0ee9-4cb9-a3ea-101dd14d245f\"", \""osm_m\"": 82.3, \""surveyed_m\"": 86.7}"", ""{\""id\"": \""bldg_d844ba49-9759-4ff7-b42a-ae6739d0b6a6\"", \""osm_m\"": 30.0, \""surveyed_m\"": 6.7}"", ""{\""id\"": \""bldg_d89ece25-e016-42ac-aa46-a9bbe6ea187f\"", \""osm_m\"": 9.3, \""surveyed_m\"": 5.4}"", ""{\""id\"": \""bldg_d8f8f625-9b41-4b01-b122-15077125b0fc\"", \""osm_m\"": 79.869, \""surveyed_m\"": 26.7}"", ""{\""id\"": \""bldg_d9114a20-41b0-461d-851d-42e9978024c8\"", \""osm_m\"": 88.53, \""surveyed_m\"": 70.3}"", ""{\""id\"": \""bldg_d91ff129-3a29-4d72-a24d-38c82331f1f2\"", \""osm_m\"": 15.0, \""surveyed_m\"": 10.5}"", ""{\""id\"": \""bldg_d920ea59-8f82-40ac-b6bc-b630ac9e5426\"", \""osm_m\"": 15.0, \""surveyed_m\"": 10.0}"", ""{\""id\"": \""bldg_d94fd1b8-b7da-48b4-a339-3682ceb559d9\"", \""osm_m\"": 28.7, \""surveyed_m\"": 23.8}"", ""{\""id\"": \""bldg_d98eee70-b61e-4480-ad17-42fb7d6306f6\"", \""osm_m\"": 10.5, \""surveyed_m\"": 7.0}"", ""{\""id\"": \""bldg_d9a38006-afac-438b-951a-ecaa85d14f08\"", \""osm_m\"": 30.0, \""surveyed_m\"": 50.4}"", ""{\""id\"": \""bldg_d9b4a013-656e-4ab3-8112-26ab15f94cdb\"", \""osm_m\"": 15.0, \""surveyed_m\"": 19.1}"", ""{\""id\"": \""bldg_d9ecaa81-6187-4522-ade4-0f3ac32085a1\"", \""osm_m\"": 48.0, \""surveyed_m\"": 34.6}"", ""{\""id\"": \""bldg_da4b74d8-e75f-463a-80c9-835a31fbf859\"", \""osm_m\"": 82.0, \""surveyed_m\"": 106.3}"", ""{\""id\"": \""bldg_da581bae-a717-4c81-bf4f-c85067c03a66\"", \""osm_m\"": 6.0, \""surveyed_m\"": 9.9}"", ""{\""id\"": \""bldg_da5cca32-d53f-4cd4-887d-395f3378b773\"", \""osm_m\"": 30.0, \""surveyed_m\"": 40.6}"", ""{\""id\"": \""bldg_da750317-3fa6-4c86-a55a-046f6e9afda2\"", \""osm_m\"": 18.5, \""surveyed_m\"": 14.4}"", ""{\""id\"": \""bldg_da8d506a-7ba4-45a2-a188-d843d06ef09a\"", \""osm_m\"": 30.2, \""surveyed_m\"": 24.8}"", ""{\""id\"": \""bldg_dab30f05-afa1-48bf-be75-cf686501ca51\"", \""osm_m\"": 10.0, \""surveyed_m\"": 15.2}"", ""{\""id\"": \""bldg_db0884cd-e086-432a-b1eb-68386ea94063\"", \""osm_m\"": 26.0, \""surveyed_m\"": 34.0}"", ""{\""id\"": \""bldg_db0d161b-f54d-4a3b-82a0-a5205b0b7f37\"", \""osm_m\"": 105.1, \""surveyed_m\"": 150.7}"", ""{\""id\"": \""bldg_db1c7d09-c812-4b40-91cc-cedeff4d6f0e\"", \""osm_m\"": 35.0, \""surveyed_m\"": 39.9}"", ""{\""id\"": \""bldg_db2379d4-a0b5-48af-bf14-e20edfcf6ce8\"", \""osm_m\"": 132.3, \""surveyed_m\"": 126.1}"", ""{\""id\"": \""bldg_db27c80a-eda0-46f7-abd3-dc04abac178b\"", \""osm_m\"": 70.0, \""surveyed_m\"": 102.2}"", ""{\""id\"": \""bldg_db46b37c-5f67-489b-a4e1-b01fd3fc3ef3\"", \""osm_m\"": 2.97, \""surveyed_m\"": 7.4}"", ""{\""id\"": \""bldg_db831dd3-128c-4da4-a113-fdf674754efc\"", \""osm_m\"": 2.96, \""surveyed_m\"": 7.5}"", ""{\""id\"": \""bldg_dba2c98f-d6e0-4c0c-90b1-bcc31df9c13b\"", \""osm_m\"": 50.0, \""surveyed_m\"": 10.1}"", ""{\""id\"": \""bldg_dbc6b8b1-8d1c-40fa-9902-33a6becefc67\"", \""osm_m\"": 31.5, \""surveyed_m\"": 49.5}"", ""{\""id\"": \""bldg_dbc89122-baac-4285-981e-c90d79a0b7ca\"", \""osm_m\"": 2.98, \""surveyed_m\"": 7.4}"", ""{\""id\"": \""bldg_dbde7e4d-cfab-44ea-bcd6-c0b8ecfd99cb\"", \""osm_m\"": 3.03, \""surveyed_m\"": 8.2}"", ""{\""id\"": \""bldg_dbe948f1-90d2-46be-a93d-af1a59555d96\"", \""osm_m\"": 10.0, \""surveyed_m\"": 14.9}"", ""{\""id\"": \""bldg_dc04821b-3908-4017-b4b0-26ab417f053e\"", \""osm_m\"": 25.0, \""surveyed_m\"": 35.4}"", ""{\""id\"": \""bldg_dc0509d2-6e60-481c-9d32-8773360665fc\"", \""osm_m\"": 30.0, \""surveyed_m\"": 42.5}"", ""{\""id\"": \""bldg_dc25eaf0-872a-4816-aabe-0a8e81250032\"", \""osm_m\"": 3.03, \""surveyed_m\"": 9.4}"", ""{\""id\"": \""bldg_dc6bb5c9-aebf-48f7-b5ff-efdee9e9e64e\"", \""osm_m\"": 26.0, \""surveyed_m\"": 22.6}"", ""{\""id\"": \""bldg_dc9a2856-a179-4795-9ce5-f9169aa59cbd\"", \""osm_m\"": 12.0, \""surveyed_m\"": 43.1}"", ""{\""id\"": \""bldg_dca13d12-023e-4e75-9974-ea5baca90354\"", \""osm_m\"": 12.8, \""surveyed_m\"": 9.2}"", ""{\""id\"": \""bldg_dcb2627c-276a-4960-9e20-fa5121ee4015\"", \""osm_m\"": 45.5, \""surveyed_m\"": 50.0}"", ""{\""id\"": \""bldg_dd0bf83d-bf89-4647-99aa-b94530f15da2\"", \""osm_m\"": 40.0, \""surveyed_m\"": 32.8}"", ""{\""id\"": \""bldg_dd11f680-f460-41f8-8f02-4238aa749549\"", \""osm_m\"": 9.6, \""surveyed_m\"": 3.6}"", ""{\""id\"": \""bldg_dd627db7-cf4a-49ba-b83c-69c044658ccc\"", \""osm_m\"": 28.0, \""surveyed_m\"": 32.9}"", ""{\""id\"": \""bldg_dd977e6f-07af-45e6-9357-21ae8d220186\"", \""osm_m\"": 11.9, \""surveyed_m\"": 7.4}"", ""{\""id\"": \""bldg_de1ab6b3-dbdb-45a4-be20-ec63c80d7124\"", \""osm_m\"": 9.3, \""surveyed_m\"": 15.8}"", ""{\""id\"": \""bldg_de4dee2f-05d2-4c6c-8d45-ba8b3247af6e\"", \""osm_m\"": 5.0, \""surveyed_m\"": 14.1}"", ""{\""id\"": \""bldg_de9cbed8-4efa-4cac-bd06-3ca2d181e0db\"", \""osm_m\"": 17.9, \""surveyed_m\"": 2.5}"", ""{\""id\"": \""bldg_de9dea80-2ed8-4d84-8300-2bc82d66dc14\"", \""osm_m\"": 25.0, \""surveyed_m\"": 10.8}"", ""{\""id\"": \""bldg_deed0265-e209-4e43-9a88-1ccad3128d43\"", \""osm_m\"": 40.9, \""surveyed_m\"": 31.8}"", ""{\""id\"": \""bldg_df40b0c1-53fc-4541-80f5-638976540ee7\"", \""osm_m\"": 17.5, \""surveyed_m\"": 20.7}"", ""{\""id\"": \""bldg_df52fba3-9458-4702-bda6-9743ae599990\"", \""osm_m\"": 79.869, \""surveyed_m\"": 25.3}"", ""{\""id\"": \""bldg_df589138-4f90-4120-b501-9b4214254a9d\"", \""osm_m\"": 40.0, \""surveyed_m\"": 45.4}"", ""{\""id\"": \""bldg_df8321c4-9ace-487f-9610-841f61b3d2b0\"", \""osm_m\"": 31.0, \""surveyed_m\"": 166.8}"", ""{\""id\"": \""bldg_df844799-a308-49e8-bdd4-47642430c5db\"", \""osm_m\"": 70.0, \""surveyed_m\"": 58.2}"", ""{\""id\"": \""bldg_df84ad0a-21b8-44e0-b0aa-fe5316e1d145\"", \""osm_m\"": 57.5, \""surveyed_m\"": 48.2}"", ""{\""id\"": \""bldg_dfdbb908-9915-44c4-aaa9-a63a9341a15a\"", \""osm_m\"": 17.7, \""surveyed_m\"": 3.4}"", ""{\""id\"": \""bldg_dfe07ea2-f76f-4542-8006-38c38a9e2520\"", \""osm_m\"": 2.99, \""surveyed_m\"": 9.2}"", ""{\""id\"": \""bldg_e0310e9f-ad67-4865-bf0a-6696f9343321\"", \""osm_m\"": 2.96, \""surveyed_m\"": 7.6}"", ""{\""id\"": \""bldg_e04e181e-e1b8-4fd7-9fd2-eb14883d123d\"", \""osm_m\"": 6.8, \""surveyed_m\"": 10.1}"", ""{\""id\"": \""bldg_e0682371-1405-4297-9b68-7cc45b622f06\"", \""osm_m\"": 25.0, \""surveyed_m\"": 35.0}"", ""{\""id\"": \""bldg_e080122d-f97c-4149-b4da-066dd3c52d8e\"", \""osm_m\"": 50.0, \""surveyed_m\"": 45.0}"", ""{\""id\"": \""bldg_e082be79-8ebf-40fe-ab05-efaf1f8e3dff\"", \""osm_m\"": 123.0, \""surveyed_m\"": 15.4}"", ""{\""id\"": \""bldg_e082dd3b-b0a3-425a-98dc-a9bb0830fd7b\"", \""osm_m\"": 2.99, \""surveyed_m\"": 6.4}"", ""{\""id\"": \""bldg_e08d4ed1-1931-41d8-a1f7-bb2352905a58\"", \""osm_m\"": 10.0, \""surveyed_m\"": 14.4}"", ""{\""id\"": \""bldg_e0d78635-9d01-431d-a771-604ac6b2be5b\"", \""osm_m\"": 24.8, \""surveyed_m\"": 5.4}"", ""{\""id\"": \""bldg_e0dcec63-ec5b-4d20-b27e-573f3efb4fb1\"", \""osm_m\"": 43.0, \""surveyed_m\"": 35.5}"", ""{\""id\"": \""bldg_e1223d22-b639-472b-a98e-17980d7f8115\"", \""osm_m\"": 40.0, \""surveyed_m\"": 47.4}"", ""{\""id\"": \""bldg_e12b5f5e-116a-4011-9a9e-be4fa650b98a\"", \""osm_m\"": 15.0, \""surveyed_m\"": 19.0}"", ""{\""id\"": \""bldg_e14cde10-3e0b-4164-b74b-5ac6d5cea191\"", \""osm_m\"": 9.6, \""surveyed_m\"": 6.1}"", ""{\""id\"": \""bldg_e166dfde-96e3-456c-85d1-d55063156c34\"", \""osm_m\"": 80.0, \""surveyed_m\"": 121.1}"", ""{\""id\"": \""bldg_e199100f-cb89-4a81-8e38-0abee12cb1d4\"", \""osm_m\"": 99.9, \""surveyed_m\"": 80.4}"", ""{\""id\"": \""bldg_e1bac180-b3a8-4df4-9347-fa165822bb75\"", \""osm_m\"": 14.0, \""surveyed_m\"": 10.3}"", ""{\""id\"": \""bldg_e2185423-1789-4082-9095-567c1b313d9b\"", \""osm_m\"": 2.99, \""surveyed_m\"": 7.4}"", ""{\""id\"": \""bldg_e21acd46-2d47-4f0d-8367-36d34ce5fa6a\"", \""osm_m\"": 9.6, \""surveyed_m\"": 4.5}"", ""{\""id\"": \""bldg_e2203a79-c280-408c-a764-c2b3e28b8672\"", \""osm_m\"": 13.7, \""surveyed_m\"": 10.2}"", ""{\""id\"": \""bldg_e228029d-ebef-481d-951e-a75241146bb4\"", \""osm_m\"": 24.8, \""surveyed_m\"": 17.2}"", ""{\""id\"": \""bldg_e25973e4-a37f-44bb-a663-278fde9cd680\"", \""osm_m\"": 101.459, \""surveyed_m\"": 82.7}"", ""{\""id\"": \""bldg_e26fe19f-8c0f-45d8-81d5-40367c4f4a85\"", \""osm_m\"": 12.0, \""surveyed_m\"": 15.3}"", ""{\""id\"": \""bldg_e2777a99-de12-4113-949a-42199b18785d\"", \""osm_m\"": 8.0, \""surveyed_m\"": 11.3}"", ""{\""id\"": \""bldg_e2e779c5-7d78-437c-ae69-addfd3e58890\"", \""osm_m\"": 3.05, \""surveyed_m\"": 6.5}"", ""{\""id\"": \""bldg_e36f062b-93cc-4f51-90a2-7031edb504fe\"", \""osm_m\"": 16.8, \""surveyed_m\"": 13.5}"", ""{\""id\"": \""bldg_e37d4747-6cac-47b0-8b14-e98a2d8355be\"", \""osm_m\"": 2.98, \""surveyed_m\"": 6.2}"", ""{\""id\"": \""bldg_e38aedf0-d321-4924-bbc8-9e6cb267741a\"", \""osm_m\"": 6.1, \""surveyed_m\"": 9.6}"", ""{\""id\"": \""bldg_e3a902ca-b121-4e2f-920f-1d317a2fafec\"", \""osm_m\"": 35.0, \""surveyed_m\"": 42.3}"", ""{\""id\"": \""bldg_e41491cd-4371-452e-a839-c5bd6ca60ad2\"", \""osm_m\"": 7.3, \""surveyed_m\"": 3.4}"", ""{\""id\"": \""bldg_e43a5436-60ef-4147-a47c-89d2b51432c9\"", \""osm_m\"": 3.04, \""surveyed_m\"": 6.7}"", ""{\""id\"": \""bldg_e46f8a31-fbf5-4d0c-97df-701c18e7ad4d\"", \""osm_m\"": 106.9, \""surveyed_m\"": 97.1}"", ""{\""id\"": \""bldg_e48c05e1-962e-4448-8ce6-24e0a75ce00f\"", \""osm_m\"": 23.0, \""surveyed_m\"": 26.6}"", ""{\""id\"": \""bldg_e49e5cf9-3bfc-4f51-9cfe-9f13fe2d5928\"", \""osm_m\"": 15.2, \""surveyed_m\"": 3.9}"", ""{\""id\"": \""bldg_e4d518a9-7b83-49f1-8970-af38da31ecb8\"", \""osm_m\"": 33.0, \""surveyed_m\"": 37.2}"", ""{\""id\"": \""bldg_e509474d-df83-46cd-8196-e21a4ecab1fa\"", \""osm_m\"": 9.0, \""surveyed_m\"": 12.2}"", ""{\""id\"": \""bldg_e517b1ce-7023-4f25-9fdc-e7cf4340131c\"", \""osm_m\"": 8.1, \""surveyed_m\"": 12.1}"", ""{\""id\"": \""bldg_e5400d69-42dc-456a-8d2b-7cf68d64ebdf\"", \""osm_m\"": 25.0, \""surveyed_m\"": 36.9}"", ""{\""id\"": \""bldg_e566e046-6fe9-43ea-97a7-35fb1ab8a9f9\"", \""osm_m\"": 30.0, \""surveyed_m\"": 36.1}"", ""{\""id\"": \""bldg_e5c82bc4-932f-43a2-8b9c-56f047efa78b\"", \""osm_m\"": 2.96, \""surveyed_m\"": 9.6}"", ""{\""id\"": \""bldg_e5d55bad-f024-44ed-8e91-3450e4ca2450\"", \""osm_m\"": 52.0, \""surveyed_m\"": 41.5}"", ""{\""id\"": \""bldg_e5e47e70-37e2-4d5e-b9a5-14527fbc2911\"", \""osm_m\"": 40.0, \""surveyed_m\"": 36.5}"", ""{\""id\"": \""bldg_e5ffa6e1-11de-4f5d-8f64-c08fffec39e3\"", \""osm_m\"": 70.0, \""surveyed_m\"": 29.7}"", ""{\""id\"": \""bldg_e6252c24-69a6-45c1-82cd-dacd86a68c1c\"", \""osm_m\"": 32.5, \""surveyed_m\"": 40.0}"", ""{\""id\"": \""bldg_e635beb6-6e2b-407b-84f6-01d71ddfd715\"", \""osm_m\"": 10.9, \""surveyed_m\"": 7.2}"", ""{\""id\"": \""bldg_e6adc14c-1e7a-4a5b-933a-9f1966fb1531\"", \""osm_m\"": 30.0, \""surveyed_m\"": 42.0}"", ""{\""id\"": \""bldg_e7038bae-1f26-4f29-acc9-059345ebbbf4\"", \""osm_m\"": 70.0, \""surveyed_m\"": 12.1}"", ""{\""id\"": \""bldg_e72928c5-8c5d-41fb-b42d-3511244cd988\"", \""osm_m\"": 140.0, \""surveyed_m\"": 150.2}"", ""{\""id\"": \""bldg_e79797e4-9473-41b1-9f0b-efa6f9164c6f\"", \""osm_m\"": 8.8, \""surveyed_m\"": 3.3}"", ""{\""id\"": \""bldg_e798760b-4fa2-49de-aee4-b282cc242d99\"", \""osm_m\"": 27.6, \""surveyed_m\"": 19.1}"", ""{\""id\"": \""bldg_e7c36a50-2aa9-4663-b857-9f66cd00faff\"", \""osm_m\"": 43.6, \""surveyed_m\"": 39.2}"", ""{\""id\"": \""bldg_e7d83e56-a951-441e-aaab-813833478607\"", \""osm_m\"": 7.5, \""surveyed_m\"": 10.8}"", ""{\""id\"": \""bldg_e81dd5b9-ba46-4908-90a7-39ed50579c3b\"", \""osm_m\"": 34.7, \""surveyed_m\"": 18.2}"", ""{\""id\"": \""bldg_e849a497-265e-4639-b3fc-dda622fadc25\"", \""osm_m\"": 8.8, \""surveyed_m\"": 4.1}"", ""{\""id\"": \""bldg_e849cce8-a9e5-4e0d-88a4-bc25c1324dbf\"", \""osm_m\"": 18.5, \""surveyed_m\"": 65.4}"", ""{\""id\"": \""bldg_e855ae64-e51c-4fe8-b4cf-0e20bbdeca7c\"", \""osm_m\"": 3.9, \""surveyed_m\"": 9.9}"", ""{\""id\"": \""bldg_e8846512-9373-4589-b71d-9888e48faf53\"", \""osm_m\"": 28.0, \""surveyed_m\"": 45.3}"", ""{\""id\"": \""bldg_e887d8e6-468a-47e1-aa3e-de8eb09f9005\"", \""osm_m\"": 16.0, \""surveyed_m\"": 36.1}"", ""{\""id\"": \""bldg_e89012d1-f52a-4877-99f5-9d481eb103d2\"", \""osm_m\"": 6.3, \""surveyed_m\"": 9.6}"", ""{\""id\"": \""bldg_e8c4cf18-d59e-4d20-b6d8-e5a5a4a61e88\"", \""osm_m\"": 12.6, \""surveyed_m\"": 26.4}"", ""{\""id\"": \""bldg_e8ce4256-a12e-43f8-a4c3-0102087552fa\"", \""osm_m\"": 4.0, \""surveyed_m\"": 30.5}"", ""{\""id\"": \""bldg_e8ce5d97-9c79-4421-b6a0-577a79e3e848\"", \""osm_m\"": 35.0, \""surveyed_m\"": 43.4}"", ""{\""id\"": \""bldg_e8d75a8d-5611-447b-935f-84b7ef12cf7b\"", \""osm_m\"": 11.5, \""surveyed_m\"": 7.6}"", ""{\""id\"": \""bldg_e8fbf339-e0b8-4f23-85d4-bb19cfb8155d\"", \""osm_m\"": 20.0, \""surveyed_m\"": 24.0}"", ""{\""id\"": \""bldg_e910fbe9-acc8-4f69-8366-bee646e919e4\"", \""osm_m\"": 12.0, \""surveyed_m\"": 116.2}"", ""{\""id\"": \""bldg_e973fba1-8fbd-490f-a3ed-63523eb24378\"", \""osm_m\"": 12.4, \""surveyed_m\"": 8.5}"", ""{\""id\"": \""bldg_e9bfb0f0-1d62-4bbc-ae4a-c9db2a561123\"", \""osm_m\"": 10.5, \""surveyed_m\"": 5.9}"", ""{\""id\"": \""bldg_e9e286bb-8a9c-401f-bf79-fb4cf7065bc6\"", \""osm_m\"": 9.4, \""surveyed_m\"": 18.1}"", ""{\""id\"": \""bldg_e9feaa14-60da-4202-9635-1b26e2f155e5\"", \""osm_m\"": 40.0, \""surveyed_m\"": 43.47}"", ""{\""id\"": \""bldg_ea23209f-a741-4fbb-8cbc-e8f13e871a80\"", \""osm_m\"": 37.2, \""surveyed_m\"": 31.9}"", ""{\""id\"": \""bldg_ea2afc06-e6a3-4b50-a677-7b896883b6ee\"", \""osm_m\"": 8.0, \""surveyed_m\"": 2.8}"", ""{\""id\"": \""bldg_ea447c57-d7b3-483e-bc7f-fc175a25445a\"", \""osm_m\"": 123.0, \""surveyed_m\"": 116.0}"", ""{\""id\"": \""bldg_ea986acd-43c3-4249-a18c-e69cc86748df\"", \""osm_m\"": 18.0, \""surveyed_m\"": 22.2}"", ""{\""id\"": \""bldg_eb52922a-b0ff-4f3d-9985-f803dcc0a9d1\"", \""osm_m\"": 12.0, \""surveyed_m\"": 28.2}"", ""{\""id\"": \""bldg_eba158d8-e3b8-436e-ab8d-191b2e971f0d\"", \""osm_m\"": 37.3, \""surveyed_m\"": 32.2}"", ""{\""id\"": \""bldg_ebafc602-b9dd-4f5e-9994-e8393360f11f\"", \""osm_m\"": 10.0, \""surveyed_m\"": 33.6}"", ""{\""id\"": \""bldg_ec2d944d-c53f-46c4-ab6b-173b5c2d1f74\"", \""osm_m\"": 3.0, \""surveyed_m\"": 6.7}"", ""{\""id\"": \""bldg_ec3e56da-0149-4c47-9e68-70e7e4e82d5f\"", \""osm_m\"": 2.99, \""surveyed_m\"": 10.0}"", ""{\""id\"": \""bldg_ec3f98bf-bcbb-45f4-a950-e222018098be\"", \""osm_m\"": 8.8, \""surveyed_m\"": 4.7}"", ""{\""id\"": \""bldg_ec8188a4-9314-447e-af54-db7c3d66b26e\"", \""osm_m\"": 59.52, \""surveyed_m\"": 66.4}"", ""{\""id\"": \""bldg_ec8404da-2e2f-444d-8ddb-583dfe5500a7\"", \""osm_m\"": 212.0, \""surveyed_m\"": 208.8}"", ""{\""id\"": \""bldg_eceeb557-2e8d-48a4-8bae-3a45e0dfa558\"", \""osm_m\"": 30.0, \""surveyed_m\"": 36.0}"", ""{\""id\"": \""bldg_ecf2b1d8-ba22-4f3b-a40b-eae6481ea380\"", \""osm_m\"": 10.4, \""surveyed_m\"": 4.9}"", ""{\""id\"": \""bldg_ecf9f0f9-7a40-4c45-8b82-9fb7b1e57724\"", \""osm_m\"": 7.2, \""surveyed_m\"": 15.1}"", ""{\""id\"": \""bldg_ed2c5648-ea35-460f-b3b3-9805f0cd272a\"", \""osm_m\"": 9.5, \""surveyed_m\"": 17.4}"", ""{\""id\"": \""bldg_ed542e77-fa33-43ee-ba4b-f4f7877fee8a\"", \""osm_m\"": 17.3, \""surveyed_m\"": 11.9}"", ""{\""id\"": \""bldg_ed693105-06c8-48ea-b7be-f1605f1b702a\"", \""osm_m\"": 7.2, \""surveyed_m\"": 11.4}"", ""{\""id\"": \""bldg_ed8adf55-5dad-4abc-b73e-6ab87ba71d58\"", \""osm_m\"": 3.9, \""surveyed_m\"": 20.0}"", ""{\""id\"": \""bldg_ed95132f-f452-4878-8899-6461de9c08e3\"", \""osm_m\"": 120.0, \""surveyed_m\"": 140.1}"", ""{\""id\"": \""bldg_edc5df1d-41c7-4242-9860-5246cd853a44\"", \""osm_m\"": 68.0, \""surveyed_m\"": 62.7}"", ""{\""id\"": \""bldg_edc83d14-d9c3-4019-a002-cbb1a7ee6ebb\"", \""osm_m\"": 142.69, \""surveyed_m\"": 112.8}"", ""{\""id\"": \""bldg_edeb809b-d9ed-4b38-b84c-ded1f20756ef\"", \""osm_m\"": 177.5, \""surveyed_m\"": 173.1}"", ""{\""id\"": \""bldg_ee2d0288-ec3f-401e-868d-3477cddaff9c\"", \""osm_m\"": 12.7, \""surveyed_m\"": 9.6}"", ""{\""id\"": \""bldg_eeb89f02-b531-47b9-be72-835bea11847d\"", \""osm_m\"": 2.97, \""surveyed_m\"": 8.8}"", ""{\""id\"": \""bldg_eeca0e71-a7bf-4645-9621-0d10aaf9f603\"", \""osm_m\"": 50.1, \""surveyed_m\"": 31.4}"", ""{\""id\"": \""bldg_eefaabaa-75ba-4555-a31c-ae2628793e0e\"", \""osm_m\"": 15.0, \""surveyed_m\"": 19.6}"", ""{\""id\"": \""bldg_ef0c7386-1aa7-44e7-a91e-07099a812bb2\"", \""osm_m\"": 33.1, \""surveyed_m\"": 27.7}"", ""{\""id\"": \""bldg_ef2bd8b1-3ed9-4fc6-8d05-28d1e6e67e94\"", \""osm_m\"": 21.5, \""surveyed_m\"": 10.6}"", ""{\""id\"": \""bldg_ef5c6e8a-feff-44f5-89bb-1780e3b1b45b\"", \""osm_m\"": 3.6, \""surveyed_m\"": 9.6}"", ""{\""id\"": \""bldg_ef883f98-6946-4392-886c-99e40de58ba0\"", \""osm_m\"": 35.0, \""surveyed_m\"": 27.9}"", ""{\""id\"": \""bldg_ef8c8e7f-d5b4-45ce-9aa8-b0fbef51394e\"", \""osm_m\"": 6.0, \""surveyed_m\"": 10.9}"", ""{\""id\"": \""bldg_efa2e867-f060-4c4f-8094-96213c924fd5\"", \""osm_m\"": 25.0, \""surveyed_m\"": 32.3}"", ""{\""id\"": \""bldg_efa586ce-8618-49c5-9609-3501ecc4f25f\"", \""osm_m\"": 7.6, \""surveyed_m\"": 4.1}"", ""{\""id\"": \""bldg_efaab7cf-9a60-4c9e-8ce6-69de3789ae20\"", \""osm_m\"": 8.5, \""surveyed_m\"": 12.58}"", ""{\""id\"": \""bldg_efde4bda-ee47-4585-b5fd-693d73d0e900\"", \""osm_m\"": 17.0, \""surveyed_m\"": 23.9}"", ""{\""id\"": \""bldg_efe9dbbc-0dda-44c3-9944-4bc86e59082a\"", \""osm_m\"": 19.1, \""surveyed_m\"": 11.2}"", ""{\""id\"": \""bldg_efec4b79-3ae3-43fd-b68a-9ef4c97498f6\"", \""osm_m\"": 3.01, \""surveyed_m\"": 8.2}"", ""{\""id\"": \""bldg_f0028aa3-e666-4608-8b70-4e981a45d6b5\"", \""osm_m\"": 200.0, \""surveyed_m\"": 205.2}"", ""{\""id\"": \""bldg_f0150084-807e-49a8-9e4a-e03af19c3300\"", \""osm_m\"": 11.5, \""surveyed_m\"": 8.2}"", ""{\""id\"": \""bldg_f04f045b-ba97-4341-8f4c-03f2f077866f\"", \""osm_m\"": 36.5, \""surveyed_m\"": 41.2}"", ""{\""id\"": \""bldg_f05ec54d-b7ce-4d88-8325-fdbaba8b8dd6\"", \""osm_m\"": 31.0, \""surveyed_m\"": 34.6}"", ""{\""id\"": \""bldg_f0668175-2948-4059-8303-b4508027d609\"", \""osm_m\"": 14.6, \""surveyed_m\"": 11.3}"", ""{\""id\"": \""bldg_f092c9e1-6de9-4968-974e-fb20c616647b\"", \""osm_m\"": 0.0, \""surveyed_m\"": 33.3}"", ""{\""id\"": \""bldg_f0a483a4-8dfe-4d7d-bdff-fb1751b7c0ee\"", \""osm_m\"": 70.46, \""surveyed_m\"": 62.4}"", ""{\""id\"": \""bldg_f0bf4d44-4138-4099-b324-2413b40386f5\"", \""osm_m\"": 10.8, \""surveyed_m\"": 26.0}"", ""{\""id\"": \""bldg_f0fa623e-4042-4b85-8c20-78c8bb12140e\"", \""osm_m\"": 17.5, \""surveyed_m\"": 20.8}"", ""{\""id\"": \""bldg_f109420e-700f-491a-b173-33ce35ffa1f7\"", \""osm_m\"": 6.66, \""surveyed_m\"": 20.0}"", ""{\""id\"": \""bldg_f11774ed-3d09-4a69-8459-c7f8797e87ec\"", \""osm_m\"": 13.6, \""surveyed_m\"": 7.6}"", ""{\""id\"": \""bldg_f1968455-5b45-4bd1-9d83-3f6f99e55ffb\"", \""osm_m\"": 70.0, \""surveyed_m\"": 2.2}"", ""{\""id\"": \""bldg_f1e5c12f-6377-42cc-8ef0-f2bc4af33c28\"", \""osm_m\"": 2.97, \""surveyed_m\"": 7.1}"", ""{\""id\"": \""bldg_f2009486-aa53-4959-b769-7290a7bc5a8a\"", \""osm_m\"": 46.4, \""surveyed_m\"": 39.4}"", ""{\""id\"": \""bldg_f2127440-2d3c-4d65-95ff-9db5a6aab818\"", \""osm_m\"": 40.0, \""surveyed_m\"": 54.5}"", ""{\""id\"": \""bldg_f2134b94-a35e-4e4f-abe8-a7086ce51b10\"", \""osm_m\"": 19.5, \""surveyed_m\"": 10.0}"", ""{\""id\"": \""bldg_f221d2d3-44e9-4e0e-8f8a-11bd0fa95c90\"", \""osm_m\"": 33.9, \""surveyed_m\"": 27.9}"", ""{\""id\"": \""bldg_f231bfcb-1d19-473a-a827-1bd57312bd1a\"", \""osm_m\"": 19.8, \""surveyed_m\"": 12.1}"", ""{\""id\"": \""bldg_f265554d-0f57-43ae-b670-258758d67096\"", \""osm_m\"": 3.03, \""surveyed_m\"": 6.1}"", ""{\""id\"": \""bldg_f26a49ee-4992-4d8c-a30f-a05e6e39916c\"", \""osm_m\"": 35.0, \""surveyed_m\"": 5.2}"", ""{\""id\"": \""bldg_f26efc00-51cc-4194-8a56-ffd0450f9230\"", \""osm_m\"": 63.0, \""surveyed_m\"": 56.9}"", ""{\""id\"": \""bldg_f271a179-82f1-4745-8fec-e332cfc16a8e\"", \""osm_m\"": 141.0, \""surveyed_m\"": 40.1}"", ""{\""id\"": \""bldg_f28eef82-2fed-4fbc-a170-59c30cfa2486\"", \""osm_m\"": 106.2, \""surveyed_m\"": 99.3}"", ""{\""id\"": \""bldg_f2c29162-4f73-438c-8357-50caddeece71\"", \""osm_m\"": 12.3, \""surveyed_m\"": 7.4}"", ""{\""id\"": \""bldg_f2eb7c54-2f0c-4316-b1a6-1f87be539b78\"", \""osm_m\"": 14.26, \""surveyed_m\"": 18.0}"", ""{\""id\"": \""bldg_f30383f8-0850-4e29-8aad-87e45bcfe6a1\"", \""osm_m\"": 36.0, \""surveyed_m\"": 54.8}"", ""{\""id\"": \""bldg_f369465c-4cb5-43e5-bc5d-2b642077a409\"", \""osm_m\"": 38.0, \""surveyed_m\"": 51.0}"", ""{\""id\"": \""bldg_f37a7a0a-5688-48d0-b759-868be4d9823e\"", \""osm_m\"": 17.7, \""surveyed_m\"": 4.9}"", ""{\""id\"": \""bldg_f38fa8dc-9658-4b92-9918-6f8391b796fc\"", \""osm_m\"": 11.2, \""surveyed_m\"": 16.8}"", ""{\""id\"": \""bldg_f3aeec04-0e48-41fa-a01e-ff6613d29879\"", \""osm_m\"": 26.0, \""surveyed_m\"": 153.6}"", ""{\""id\"": \""bldg_f4460f5e-2e48-4539-a7bd-5ee025f494d1\"", \""osm_m\"": 1.1, \""surveyed_m\"": 6.4}"", ""{\""id\"": \""bldg_f466038c-026a-4c25-8584-9aa446905fa3\"", \""osm_m\"": 7.2, \""surveyed_m\"": 12.2}"", ""{\""id\"": \""bldg_f4cfebe1-39e1-4cc3-8aff-1b751c3a876e\"", \""osm_m\"": 55.7, \""surveyed_m\"": 52.6}"", ""{\""id\"": \""bldg_f4ed78ac-774e-4a5c-98de-d53b8d1771fb\"", \""osm_m\"": 2.97, \""surveyed_m\"": 6.4}"", ""{\""id\"": \""bldg_f51af11c-031f-4da4-a608-25b3f58d4284\"", \""osm_m\"": 39.2, \""surveyed_m\"": 30.5}"", ""{\""id\"": \""bldg_f53f5561-cc2d-46c5-8cac-4dd5762ee628\"", \""osm_m\"": 40.2, \""surveyed_m\"": 30.8}"", ""{\""id\"": \""bldg_f582b30f-f1c8-46f7-af1b-a6158c4dc4ee\"", \""osm_m\"": 45.0, \""surveyed_m\"": 41.5}"", ""{\""id\"": \""bldg_f595519b-d0d2-45aa-8fbf-7c9a73d1e40e\"", \""osm_m\"": 9.0, \""surveyed_m\"": 14.8}"", ""{\""id\"": \""bldg_f5ed2741-8f30-4d06-8112-1257432ce54d\"", \""osm_m\"": 24.9, \""surveyed_m\"": 20.7}"", ""{\""id\"": \""bldg_f6645e2a-d599-4a38-bac4-bb2f8e9b3151\"", \""osm_m\"": 18.0, \""surveyed_m\"": 14.0}"", ""{\""id\"": \""bldg_f6cc3bc8-1552-4cfa-bd73-4ddc8431aa1a\"", \""osm_m\"": 6.8, \""surveyed_m\"": 10.0}"", ""{\""id\"": \""bldg_f6cd307c-6290-4620-a828-fb3b31a3d5d5\"", \""osm_m\"": 8.0, \""surveyed_m\"": 33.2}"", ""{\""id\"": \""bldg_f6f290b3-cefd-4463-b672-23175aff94e8\"", \""osm_m\"": 35.0, \""surveyed_m\"": 30.6}"", ""{\""id\"": \""bldg_f6f97df9-c94c-4ff2-a1a1-af1ec828a905\"", \""osm_m\"": 70.0, \""surveyed_m\"": 24.8}"", ""{\""id\"": \""bldg_f74476eb-ec3d-4852-bc4e-1a87897e4aac\"", \""osm_m\"": 4.5, \""surveyed_m\"": 8.9}"", ""{\""id\"": \""bldg_f757064d-b51e-4ea6-8cbc-7972d3f0b948\"", \""osm_m\"": 8.4, \""surveyed_m\"": 2.3}"", ""{\""id\"": \""bldg_f77c521c-4f6a-461e-8aec-8474ccf38f1a\"", \""osm_m\"": 3.03, \""surveyed_m\"": 7.8}"", ""{\""id\"": \""bldg_f78da84d-1825-46d9-9bd1-bfcaededc28a\"", \""osm_m\"": 9.6, \""surveyed_m\"": 13.5}"", ""{\""id\"": \""bldg_f7a5001e-fe1a-4319-8ede-4303e833560c\"", \""osm_m\"": 37.6, \""surveyed_m\"": 30.8}"", ""{\""id\"": \""bldg_f7a93b6b-0bc8-4a74-897d-ed2954e1d65a\"", \""osm_m\"": 46.4, \""surveyed_m\"": 32.0}"", ""{\""id\"": \""bldg_f7b11003-ed48-43ce-871e-d1192faa65ad\"", \""osm_m\"": 36.0, \""surveyed_m\"": 21.4}"", ""{\""id\"": \""bldg_f7b1d2d8-2943-4e7f-95a3-9a2a4c7f5ff7\"", \""osm_m\"": 64.4, \""surveyed_m\"": 53.5}"", ""{\""id\"": \""bldg_f7d8cb31-a1ac-487d-99c3-011b33c79910\"", \""osm_m\"": 22.3, \""surveyed_m\"": 19.1}"", ""{\""id\"": \""bldg_f7e145ce-dddd-4249-9673-d9627f4f794f\"", \""osm_m\"": 102.0, \""surveyed_m\"": 139.9}"", ""{\""id\"": \""bldg_f7fcb974-42d3-4080-bf4a-abc6c5185df7\"", \""osm_m\"": 50.0, \""surveyed_m\"": 59.9}"", ""{\""id\"": \""bldg_f7fdf0a1-2569-465d-9940-35458679a137\"", \""osm_m\"": 85.0, \""surveyed_m\"": 72.2}"", ""{\""id\"": \""bldg_f81dc063-624d-41dd-aa4e-99c6a3d430ce\"", \""osm_m\"": 14.5, \""surveyed_m\"": 9.0}"", ""{\""id\"": \""bldg_f81f340b-9eca-499b-8752-891464131da0\"", \""osm_m\"": 6.8, \""surveyed_m\"": 10.8}"", ""{\""id\"": \""bldg_f84c095b-f16e-4d09-803c-466edb633701\"", \""osm_m\"": 2.96, \""surveyed_m\"": 7.4}"", ""{\""id\"": \""bldg_f859d0a6-8fdf-449c-9407-1ec5f40e8859\"", \""osm_m\"": 29.1, \""surveyed_m\"": 32.6}"", ""{\""id\"": \""bldg_f86e6294-323b-4e30-a2a4-794f399213b2\"", \""osm_m\"": 2.95, \""surveyed_m\"": 6.7}"", ""{\""id\"": \""bldg_f88f9648-9ccc-4110-b815-91fd4fdd2a12\"", \""osm_m\"": 120.0, \""surveyed_m\"": 82.8}"", ""{\""id\"": \""bldg_f89a7192-04c7-4ad5-8025-3f3a5a7691ea\"", \""osm_m\"": 32.0, \""surveyed_m\"": 15.6}"", ""{\""id\"": \""bldg_f8b3b36d-0b5a-4866-bf73-2b1542d4dcda\"", \""osm_m\"": 9.8, \""surveyed_m\"": 6.8}"", ""{\""id\"": \""bldg_f8dc4b67-fd87-45e5-9d1f-45d0e8e4df14\"", \""osm_m\"": 74.69, \""surveyed_m\"": 28.4}"", ""{\""id\"": \""bldg_f8e63fee-16d8-4b41-8a3d-c70739cb1f23\"", \""osm_m\"": 187.0, \""surveyed_m\"": 167.7}"", ""{\""id\"": \""bldg_f9042486-5f7e-4679-b2bf-c375ed456edb\"", \""osm_m\"": 16.2, \""surveyed_m\"": 11.8}"", ""{\""id\"": \""bldg_f9056669-8dea-4efa-81b1-ad79e99130b0\"", \""osm_m\"": 60.0, \""surveyed_m\"": 65.2}"", ""{\""id\"": \""bldg_f90ae2b9-0dc4-41ce-a6d9-cc5b4b5abc78\"", \""osm_m\"": 2.96, \""surveyed_m\"": 6.7}"", ""{\""id\"": \""bldg_f92be41e-e514-4c6c-9a25-d3876d0b30a7\"", \""osm_m\"": 3.5, \""surveyed_m\"": 9.5}"", ""{\""id\"": \""bldg_f95f165e-3412-4ab8-afcd-960d29f68227\"", \""osm_m\"": 9.1, \""surveyed_m\"": 6.0}"", ""{\""id\"": \""bldg_f9793478-c291-4f69-a399-16a7bdbe7787\"", \""osm_m\"": 36.0, \""surveyed_m\"": 10.9}"", ""{\""id\"": \""bldg_f9d2b276-2f98-43e2-99bc-01823a654ee2\"", \""osm_m\"": 30.0, \""surveyed_m\"": 9.4}"", ""{\""id\"": \""bldg_f9d4341f-cb94-462a-bc8e-89501ab9efdc\"", \""osm_m\"": 87.0, \""surveyed_m\"": 82.6}"", ""{\""id\"": \""bldg_f9fe22a2-65a8-4a3f-a250-6e85f4b30739\"", \""osm_m\"": 2.95, \""surveyed_m\"": 7.4}"", ""{\""id\"": \""bldg_fa0608fb-2bd9-4c08-8d14-e8d27e3f75c0\"", \""osm_m\"": 52.0, \""surveyed_m\"": 48.3}"", ""{\""id\"": \""bldg_fa176bc2-933f-4c2c-8357-c45a5e72bdba\"", \""osm_m\"": 9.4, \""surveyed_m\"": 16.8}"", ""{\""id\"": \""bldg_fa6d00a7-a2c7-4da4-acbb-0fc0bf16d4f8\"", \""osm_m\"": 9.8, \""surveyed_m\"": 3.0}"", ""{\""id\"": \""bldg_fac8668a-eab1-40fb-adb4-94775d980bbd\"", \""osm_m\"": 6.6, \""surveyed_m\"": 9.8}"", ""{\""id\"": \""bldg_fadc471d-b508-4cc4-a0fe-526c81812ae2\"", \""osm_m\"": 14.3, \""surveyed_m\"": 10.4}"", ""{\""id\"": \""bldg_fb457a89-648c-4663-b889-1fd1e293ec53\"", \""osm_m\"": 24.0, \""surveyed_m\"": 48.8}"", ""{\""id\"": \""bldg_fb51ba20-84a9-4167-b3e0-712242f8c76b\"", \""osm_m\"": 20.0, \""surveyed_m\"": 25.0}"", ""{\""id\"": \""bldg_fb5c1f56-eda8-4d1f-85e2-900323a40152\"", \""osm_m\"": 138.61, \""surveyed_m\"": 105.9}"", ""{\""id\"": \""bldg_fb5f1ceb-4891-4bff-87dd-97c46786edbc\"", \""osm_m\"": 7.6, \""surveyed_m\"": 1.6}"", ""{\""id\"": \""bldg_fb76f14e-1686-4679-8d33-69e06bd82f28\"", \""osm_m\"": 30.0, \""surveyed_m\"": 41.8}"", ""{\""id\"": \""bldg_fbdeebd1-54ae-4732-be5a-f49535434622\"", \""osm_m\"": 7.1, \""surveyed_m\"": 14.1}"", ""{\""id\"": \""bldg_fc1a2770-b237-40bf-9b2a-e0e8e02c032e\"", \""osm_m\"": 156.07, \""surveyed_m\"": 161.2}"", ""{\""id\"": \""bldg_fc41c435-8946-43b1-8067-19a95dde212f\"", \""osm_m\"": 10.1, \""surveyed_m\"": 6.6}"", ""{\""id\"": \""bldg_fc63aec0-d56a-4e7c-86ff-28e6ba6b2e21\"", \""osm_m\"": 21.4, \""surveyed_m\"": 17.2}"", ""{\""id\"": \""bldg_fcee2bf0-2430-4142-bfaa-ad694bca4763\"", \""osm_m\"": 3.0, \""surveyed_m\"": 6.6}"", ""{\""id\"": \""bldg_fcf139f8-f736-4f36-8987-3fcdfa56e7ea\"", \""osm_m\"": 19.5, \""surveyed_m\"": 9.4}"", ""{\""id\"": \""bldg_fd5f344b-4cc7-463b-96cb-3898eeca4517\"", \""osm_m\"": 10.4, \""surveyed_m\"": 13.6}"", ""{\""id\"": \""bldg_fd71af76-1d1e-4e06-b0ac-f478f1ca4609\"", \""osm_m\"": 2.99, \""surveyed_m\"": 7.4}"", ""{\""id\"": \""bldg_fd7617e0-bc53-4902-a132-52572966856a\"", \""osm_m\"": 37.0, \""surveyed_m\"": 42.8}"", ""{\""id\"": \""bldg_fd9e7881-c3bd-4d61-9fdb-95ee5da147d1\"", \""osm_m\"": 118.97, \""surveyed_m\"": 114.7}"", ""{\""id\"": \""bldg_fdc8a96e-9c41-4e92-96c8-c75c2b881327\"", \""osm_m\"": 3.04, \""surveyed_m\"": 6.8}"", ""{\""id\"": \""bldg_fe0ea6d6-70d5-4b78-b676-6f01387a98ff\"", \""osm_m\"": 170.37, \""surveyed_m\"": 166.8}"", ""{\""id\"": \""bldg_fe24ee60-8bf6-4c4f-8747-9fce840b76f3\"", \""osm_m\"": 33.9, \""surveyed_m\"": 9.2}"", ""{\""id\"": \""bldg_fe358503-61ca-4b67-b7f1-f9ca15732e37\"", \""osm_m\"": 35.0, \""surveyed_m\"": 42.7}"", ""{\""id\"": \""bldg_fe3ecbcc-9acf-4325-ad50-874bab21f125\"", \""osm_m\"": 9.4, \""surveyed_m\"": 35.4}"", ""{\""id\"": \""bldg_fe3f56ae-c1a1-42b8-9f34-555b723a88fe\"", \""osm_m\"": 7.0, \""surveyed_m\"": 10.3}"", ""{\""id\"": \""bldg_fe45e63c-47fc-4e86-9bdd-3a6544942a8f\"", \""osm_m\"": 2.97, \""surveyed_m\"": 21.2}"", ""{\""id\"": \""bldg_fe60cc4d-19f9-411f-9299-b0c6aa8fb9f4\"", \""osm_m\"": 9.0, \""surveyed_m\"": 12.7}"", ""{\""id\"": \""bldg_fe813d8f-1cd3-45a0-b776-f16d216b6048\"", \""osm_m\"": 40.0, \""surveyed_m\"": 47.0}"", ""{\""id\"": \""bldg_fe9276e3-2fae-452d-bd47-57f55b5f44ff\"", \""osm_m\"": 19.4, \""surveyed_m\"": 25.5}"", ""{\""id\"": \""bldg_feadf6da-1b67-4c1f-a1e1-694988f5f938\"", \""osm_m\"": 22.0, \""surveyed_m\"": 27.4}"", ""{\""id\"": \""bldg_fef32fac-5b29-4881-a167-909de3562a54\"", \""osm_m\"": 46.0, \""surveyed_m\"": 49.5}"", ""{\""id\"": \""bldg_fefcd3ed-aa02-4108-aa06-7c316cf2c40e\"", \""osm_m\"": 60.0, \""surveyed_m\"": 50.6}"", ""{\""id\"": \""bldg_ff10ebd7-690a-4005-9731-28795b5c784c\"", \""osm_m\"": 6.2, \""surveyed_m\"": 9.5}"", ""{\""id\"": \""bldg_ff17854f-a78b-4d5e-98be-e3d3598c0163\"", \""osm_m\"": 9.0, \""surveyed_m\"": 12.5}"", ""{\""id\"": \""bldg_ff31268c-3911-4df7-b37d-c45815e6e813\"", \""osm_m\"": 60.0, \""surveyed_m\"": 64.7}"", ""{\""id\"": \""bldg_ff3a362c-c0e2-4d52-837a-344c385fa35c\"", \""osm_m\"": 13.5, \""surveyed_m\"": 7.6}"", ""{\""id\"": \""bldg_ff490146-b8c9-4c4a-99a2-f0b77661ea6e\"", \""osm_m\"": 75.89, \""surveyed_m\"": 69.3}"", ""{\""id\"": \""bldg_ff592eb9-ce49-4e5c-aba8-eaa36ee7a816\"", \""osm_m\"": 2.97, \""surveyed_m\"": 9.6}"", ""{\""id\"": \""bldg_ff8da03a-9a63-449a-8beb-ff040bcb96e9\"", \""osm_m\"": 40.0, \""surveyed_m\"": 116.0}"", ""{\""id\"": \""bldg_ff994d64-7593-4d3f-a555-4357aa38dc68\"", \""osm_m\"": 35.0, \""surveyed_m\"": 44.2}"", ""{\""id\"": \""bldg_ffd4afff-5cad-42b8-8d4f-9a2e68d46369\"", \""osm_m\"": 3.0, \""surveyed_m\"": 10.0}"", ""{\""id\"": \""bldg_ffd8e293-34c6-4e8a-8446-e345bdd828c2\"", \""osm_m\"": 17.1, \""surveyed_m\"": 12.2}""]",,
xsrc_name_lookup__bldg_6f20f1ec-5cf1-447c-__de,xsrc_name_lookup,cross_source,tokyo,de,2,True,Wie lautet der OSM-Name des Gebäudes bldg_6f20f1ec-5cf1-447c-a766-cef948417eda?,MATCH (:Building {id: 'bldg_6f20f1ec-5cf1-447c-a766-cef948417eda'})-[:ENRICHED_BY {is_primary: true}]->(o:OsmFeature) RETURN o.name AS osm_name,,"[""{\""osm_name\"": \""\\u8db3\\u7acb\\u5e02\\u5834\""}""]",,
xsrc_name_lookup__DEHHALKAP0000ptF__p0,xsrc_name_lookup,cross_source,hamburg,en,2,True,What is the OSM name of building DEHHALKAP0000ptF?,MATCH (:Building {id: 'DEHHALKAP0000ptF'})-[:ENRICHED_BY {is_primary: true}]->(o:OsmFeature) RETURN o.name AS osm_name,,"[""{\""osm_name\"": \""Halle 7\""}""]",,
xsrc_name_lookup__BID_29d5c8c9-a6e1-439b-a__p2,xsrc_name_lookup,cross_source,helsinki,en,2,True,What name does OSM record for building BID_29d5c8c9-a6e1-439b-ad4e-cceab20d9f9e?,MATCH (:Building {id: 'BID_29d5c8c9-a6e1-439b-ad4e-cceab20d9f9e'})-[:ENRICHED_BY {is_primary: true}]->(o:OsmFeature) RETURN o.name AS osm_name,,"[""{\""osm_name\"": \""Helsingin kaupungintalo\""}""]",,
xsrc_net_new_by_kind__p1,xsrc_net_new_by_kind,cross_source,hamburg,en,3,True,Break down the unmatched OpenStreetMap features by kind.,"MATCH (o:OsmFeature) WHERE o.matched = false RETURN o.osm_kind AS kind, count(o) AS n ORDER BY n DESC, kind ASC",,"[""{\""kind\"": \""building\"", \""n\"": 22093}"", ""{\""kind\"": \""furniture\"", \""n\"": 299406}"", ""{\""kind\"": \""landuse\"", \""n\"": 20810}"", ""{\""kind\"": \""other\"", \""n\"": 140660}"", ""{\""kind\"": \""poi\"", \""n\"": 56715}"", ""{\""kind\"": \""road\"", \""n\"": 281056}"", ""{\""kind\"": \""vegetation\"", \""n\"": 7753}"", ""{\""kind\"": \""water\"", \""n\"": 2939}""]",,
xsrc_net_new_by_kind__p1,xsrc_net_new_by_kind,cross_source,helsinki,en,3,True,Break down the unmatched OpenStreetMap features by kind.,"MATCH (o:OsmFeature) WHERE o.matched = false RETURN o.osm_kind AS kind, count(o) AS n ORDER BY n DESC, kind ASC",,"[""{\""kind\"": \""building\"", \""n\"": 763}"", ""{\""kind\"": \""furniture\"", \""n\"": 10533}"", ""{\""kind\"": \""landuse\"", \""n\"": 1958}"", ""{\""kind\"": \""other\"", \""n\"": 13365}"", ""{\""kind\"": \""poi\"", \""n\"": 3055}"", ""{\""kind\"": \""road\"", \""n\"": 20666}"", ""{\""kind\"": \""vegetation\"", \""n\"": 1264}"", ""{\""kind\"": \""water\"", \""n\"": 45}""]",,
xsrc_net_new_by_kind__p1,xsrc_net_new_by_kind,cross_source,zurich,en,3,True,Break down the unmatched OpenStreetMap features by kind.,"MATCH (o:OsmFeature) WHERE o.matched = false RETURN o.osm_kind AS kind, count(o) AS n ORDER BY n DESC, kind ASC",,"[""{\""kind\"": \""building\"", \""n\"": 372279}"", ""{\""kind\"": \""furniture\"", \""n\"": 424171}"", ""{\""kind\"": \""landuse\"", \""n\"": 43710}"", ""{\""kind\"": \""other\"", \""n\"": 253342}"", ""{\""kind\"": \""poi\"", \""n\"": 143683}"", ""{\""kind\"": \""road\"", \""n\"": 502180}"", ""{\""kind\"": \""vegetation\"", \""n\"": 13480}"", ""{\""kind\"": \""water\"", \""n\"": 4762}""]",,
xsrc_net_new_by_kind__p1,xsrc_net_new_by_kind,cross_source,nyc,en,3,True,Break down the unmatched OpenStreetMap features by kind.,"MATCH (o:OsmFeature) WHERE o.matched = false RETURN o.osm_kind AS kind, count(o) AS n ORDER BY n DESC, kind ASC",,"[""{\""kind\"": \""building\"", \""n\"": 99706}"", ""{\""kind\"": \""furniture\"", \""n\"": 209666}"", ""{\""kind\"": \""landuse\"", \""n\"": 23488}"", ""{\""kind\"": \""other\"", \""n\"": 284892}"", ""{\""kind\"": \""poi\"", \""n\"": 147181}"", ""{\""kind\"": \""road\"", \""n\"": 659851}"", ""{\""kind\"": \""vegetation\"", \""n\"": 7312}"", ""{\""kind\"": \""water\"", \""n\"": 1471}""]",,
xsrc_net_new_by_kind__p1,xsrc_net_new_by_kind,cross_source,tokyo,en,3,True,Break down the unmatched OpenStreetMap features by kind.,"MATCH (o:OsmFeature) WHERE o.matched = false RETURN o.osm_kind AS kind, count(o) AS n ORDER BY n DESC, kind ASC",,"[""{\""kind\"": \""building\"", \""n\"": 1351032}"", ""{\""kind\"": \""furniture\"", \""n\"": 65740}"", ""{\""kind\"": \""landuse\"", \""n\"": 49378}"", ""{\""kind\"": \""other\"", \""n\"": 100936}"", ""{\""kind\"": \""poi\"", \""n\"": 161587}"", ""{\""kind\"": \""road\"", \""n\"": 836785}"", ""{\""kind\"": \""vegetation\"", \""n\"": 26127}"", ""{\""kind\"": \""water\"", \""n\"": 3470}""]",,
filter_compound__8.0_Gable_Roof__p1,filter_compound,filter_topk,hamburg,en,3,True,Count the buildings with roof type 'Gable Roof' that are taller than 8.0 m.,MATCH (b:Building)-[:HAS_ROOF_TYPE]->(r:RoofType {name: 'Gable Roof'}) WHERE b.measured_height > 8.0 RETURN count(b) AS n,,"[""{\""n\"": 98914}""]",,
topk_tallest__5__de,topk_tallest,filter_topk,hamburg,de,2,True,Nennen Sie die 5 höchsten Gebäude mit ihren Höhen.,"MATCH (b:Building) WHERE b.measured_height IS NOT NULL RETURN b.id AS id, b.measured_height AS height_m ORDER BY b.measured_height DESC, b.id ASC LIMIT 5",,"[""{\""height_m\"": 121.641, \""id\"": \""DEHHALKAJ0000ovW\""}"", ""{\""height_m\"": 128.966, \""id\"": \""DEHHALKA1FW000LN\""}"", ""{\""height_m\"": 139.754, \""id\"": \""DEHHALKAP0007WG0\""}"", ""{\""height_m\"": 158.256, \""id\"": \""DEHHALKAJ0004qT4\""}"", ""{\""height_m\"": 158.47, \""id\"": \""DEHHALKAJ0000yvD\""}""]",,
topk_tallest__5__de,topk_tallest,filter_topk,helsinki,de,2,True,Nennen Sie die 5 höchsten Gebäude mit ihren Höhen.,"MATCH (b:Building) WHERE b.measured_height IS NOT NULL RETURN b.id AS id, b.measured_height AS height_m ORDER BY b.measured_height DESC, b.id ASC LIMIT 5",,"[""{\""height_m\"": 118.1, \""id\"": \""BID_82f80d92-7993-4faf-b01f-d9fb45cea613\""}"", ""{\""height_m\"": 120.9, \""id\"": \""BID_8ca5150a-fd1c-4047-a038-4d39e8a81fe1\""}"", ""{\""height_m\"": 129.1, \""id\"": \""BID_cc9e190f-eb2a-4d7b-8f4d-e46176111183__helsinki_citygml2_lod2_2019_gml__1\""}"", ""{\""height_m\"": 131.8, \""id\"": \""BID_4f77b0c3-812f-470b-b305-7c4807e2934f\""}"", ""{\""height_m\"": 135.0, \""id\"": \""BID_79b8c33e-7d7a-42cd-a651-198ae918df88\""}""]",,
topk_tallest__5__de,topk_tallest,filter_topk,zurich,de,2,True,Nennen Sie die 5 höchsten Gebäude mit ihren Höhen.,"MATCH (b:Building) WHERE b.measured_height IS NOT NULL RETURN b.id AS id, b.measured_height AS height_m ORDER BY b.measured_height DESC, b.id ASC LIMIT 5",,"[""{\""height_m\"": 125.86, \""id\"": \""ID_85D5F868-817F-4596-B09E-1BF7FE23728B\""}"", ""{\""height_m\"": 189.68, \""id\"": \""ID_8CC56DFA-F6B5-40BB-8EA8-82CC1447EC89\""}"", ""{\""height_m\"": 88.05, \""id\"": \""ID_8C4B592C-86CA-472D-9498-96EF87818880\""}"", ""{\""height_m\"": 89.13, \""id\"": \""ID_FFB7FC78-E5F2-4D37-A5D2-6F156DE86392\""}"", ""{\""height_m\"": 93.99, \""id\"": \""ID_26259A5A-1D58-4F79-A2A5-54856EEC183C\""}""]",,
topk_tallest__5__de,topk_tallest,filter_topk,tokyo,de,2,True,Nennen Sie die 5 höchsten Gebäude mit ihren Höhen.,"MATCH (b:Building) WHERE b.measured_height IS NOT NULL RETURN b.id AS id, b.measured_height AS height_m ORDER BY b.measured_height DESC, b.id ASC LIMIT 5",,"[""{\""height_m\"": 256.7, \""id\"": \""bldg_96c9d242-0fc6-4364-aeae-c21102718c35\""}"", ""{\""height_m\"": 264.6, \""id\"": \""bldg_fbf728df-a130-4f36-88e4-7267715cbf34\""}"", ""{\""height_m\"": 312.1, \""id\"": \""bldg_433bc5b3-db73-4644-ac24-a28d51b7ecd5\""}"", ""{\""height_m\"": 332.1, \""id\"": \""bldg_7aff4a51-be8b-405b-abe4-ac489697cbc8\""}"", ""{\""height_m\"": 355.5, \""id\"": \""bldg_58ab8c46-8369-49c4-86cf-6912bbc4efe1\""}""]",,
topk_most_storeys__5__p2,topk_most_storeys,filter_topk,hamburg,en,2,True,What are the 5 buildings with the greatest storeys-above-ground count?,<withheld: held-out test split>,,<withheld: held-out test split>,,
topk_most_storeys__5__p2,topk_most_storeys,filter_topk,helsinki,en,2,True,What are the 5 buildings with the greatest storeys-above-ground count?,<withheld: held-out test split>,,<withheld: held-out test split>,,
topk_most_storeys__5__p2,topk_most_storeys,filter_topk,tokyo,en,2,True,What are the 5 buildings with the greatest storeys-above-ground count?,<withheld: held-out test split>,,<withheld: held-out test split>,,
filter_taller_than__7.0__de,filter_taller_than,filter_topk,zurich,de,2,True,Wie viele Gebäude sind höher als 7.0 Meter?,MATCH (b:Building) WHERE b.measured_height > 7.0 RETURN count(b) AS n,,"[""{\""n\"": 69363}""]",,
filter_taller_than__7.0__de,filter_taller_than,filter_topk,tokyo,de,2,True,Wie viele Gebäude sind höher als 7.0 Meter?,MATCH (b:Building) WHERE b.measured_height > 7.0 RETURN count(b) AS n,,"[""{\""n\"": 1421227}""]",,
filter_compound__3.0_Flat_Roof__p1,filter_compound,filter_topk,hamburg,en,3,True,Count the buildings with roof type 'Flat Roof' that are taller than 3.0 m.,MATCH (b:Building)-[:HAS_ROOF_TYPE]->(r:RoofType {name: 'Flat Roof'}) WHERE b.measured_height > 3.0 RETURN count(b) AS n,,"[""{\""n\"": 99612}""]",,
filter_compound__8.0_Flat_Roof__p0,filter_compound,filter_topk,hamburg,en,3,True,How many buildings taller than 8.0 m have roof type 'Flat Roof'?,MATCH (b:Building)-[:HAS_ROOF_TYPE]->(r:RoofType {name: 'Flat Roof'}) WHERE b.measured_height > 8.0 RETURN count(b) AS n,,"[""{\""n\"": 47815}""]",,
topk_most_storeys__5__p1,topk_most_storeys,filter_topk,hamburg,en,2,True,Which 5 buildings have the highest number of storeys above ground?,<withheld: held-out test split>,,<withheld: held-out test split>,,
topk_most_storeys__5__p1,topk_most_storeys,filter_topk,helsinki,en,2,True,Which 5 buildings have the highest number of storeys above ground?,<withheld: held-out test split>,,<withheld: held-out test split>,,
topk_most_storeys__5__p1,topk_most_storeys,filter_topk,tokyo,en,2,True,Which 5 buildings have the highest number of storeys above ground?,<withheld: held-out test split>,,<withheld: held-out test split>,,
filter_taller_than__8.0__ja,filter_taller_than,filter_topk,tokyo,ja,2,True,高さが8.0メートルを超える建物は何棟ありますか。,MATCH (b:Building) WHERE b.measured_height > 8.0 RETURN count(b) AS n,,"[""{\""n\"": 922507}""]",,
filter_by_function__31001_1130__p0,filter_by_function,filter_topk,hamburg,en,2,True,How many buildings have the function '31001_1130'?,MATCH (b:Building)-[:HAS_FUNCTION]->(f:BuildingFunction {name: '31001_1130'}) RETURN count(b) AS n,,"[""{\""n\"": 844}""]",,
filter_compound__3.0_Gable_Roof__p1,filter_compound,filter_topk,hamburg,en,3,True,Count the buildings with roof type 'Gable Roof' that are taller than 3.0 m.,MATCH (b:Building)-[:HAS_ROOF_TYPE]->(r:RoofType {name: 'Gable Roof'}) WHERE b.measured_height > 3.0 RETURN count(b) AS n,,"[""{\""n\"": 157448}""]",,
filter_taller_than__10.0__p2,filter_taller_than,filter_topk,helsinki,en,2,True,How many buildings have a measured height above 10.0 meters?,MATCH (b:Building) WHERE b.measured_height > 10.0 RETURN count(b) AS n,,"[""{\""n\"": 1493}""]",,
filter_by_function__012__p1,filter_by_function,filter_topk,helsinki,en,2,True,How many buildings are classified with the function '012'?,MATCH (b:Building)-[:HAS_FUNCTION]->(f:BuildingFunction {name: '012'}) RETURN count(b) AS n,,"[""{\""n\"": 4}""]",,
filter_taller_than__4.0__de,filter_taller_than,filter_topk,helsinki,de,2,True,Wie viele Gebäude sind höher als 4.0 Meter?,MATCH (b:Building) WHERE b.measured_height > 4.0 RETURN count(b) AS n,,"[""{\""n\"": 2219}""]",,
filter_compound__8.0_Flat_Roof__p1,filter_compound,filter_topk,hamburg,en,3,True,Count the buildings with roof type 'Flat Roof' that are taller than 8.0 m.,MATCH (b:Building)-[:HAS_ROOF_TYPE]->(r:RoofType {name: 'Flat Roof'}) WHERE b.measured_height > 8.0 RETURN count(b) AS n,,"[""{\""n\"": 47815}""]",,
filter_taller_than__7.0__p2,filter_taller_than,filter_topk,zurich,en,2,True,How many buildings have a measured height above 7.0 meters?,MATCH (b:Building) WHERE b.measured_height > 7.0 RETURN count(b) AS n,,"[""{\""n\"": 69363}""]",,
filter_taller_than__7.0__p2,filter_taller_than,filter_topk,tokyo,en,2,True,How many buildings have a measured height above 7.0 meters?,MATCH (b:Building) WHERE b.measured_height > 7.0 RETURN count(b) AS n,,"[""{\""n\"": 1421227}""]",,
filter_compound__10.0_1000;2100__p1,filter_compound,filter_topk,helsinki,en,3,True,Count the buildings with roof type '1000;2100' that are taller than 10.0 m.,MATCH (b:Building)-[:HAS_ROOF_TYPE]->(r:RoofType {name: '1000;2100'}) WHERE b.measured_height > 10.0 RETURN count(b) AS n,,"[""{\""n\"": 4}""]",,
topk_most_storeys__5__p0,topk_most_storeys,filter_topk,hamburg,en,2,True,List the 5 buildings with the most storeys above ground.,<withheld: held-out test split>,,<withheld: held-out test split>,,
topk_most_storeys__5__p0,topk_most_storeys,filter_topk,helsinki,en,2,True,List the 5 buildings with the most storeys above ground.,<withheld: held-out test split>,,<withheld: held-out test split>,,
topk_most_storeys__5__p0,topk_most_storeys,filter_topk,tokyo,en,2,True,List the 5 buildings with the most storeys above ground.,<withheld: held-out test split>,,<withheld: held-out test split>,,
inf_layer_absent_city__ID___p0,inf_layer_absent_city,infeasible,zurich,en,4,False,What roof material is predicted for building ID_?,,<withheld: held-out test split>,<withheld: held-out test split>,,
inf_interior_lod__BID_0019d516-d07e-4315-9__p0,inf_interior_lod,infeasible,helsinki,en,4,False,How many rooms does building BID_0019d516-d07e-4315-957c-e4c0335d95e2 have?,,<withheld: held-out test split>,<withheld: held-out test split>,,
inf_owner__DEHHALKA100002O7__p1,inf_owner,infeasible,hamburg,en,3,False,Who is the owner of building DEHHALKA100002O7?,,MATCH (b:Building) WHERE b.owner IS NOT NULL RETURN count(b) AS n,REFUSE,,
inf_interior_lod__DEHHALKA100002O7__p2,inf_interior_lod,infeasible,hamburg,en,4,False,How many interior rooms are recorded for building DEHHALKA100002O7?,,<withheld: held-out test split>,<withheld: held-out test split>,,
inf_owner__BID_001328a4-3279-492c-9__p2,inf_owner,infeasible,helsinki,en,3,False,Which person or entity owns building BID_001328a4-3279-492c-99da-8e51f8e9a587?,,MATCH (b:Building) WHERE b.owner IS NOT NULL RETURN count(b) AS n,REFUSE,,
inf_interior_lod__gml_0004F7HL773S7RHQKNZZ__p1,inf_interior_lod,infeasible,nyc,en,4,False,Count the rooms in building gml_0004F7HL773S7RHQKNZZBQHZE6XZCCY12H7I.,,<withheld: held-out test split>,<withheld: held-out test split>,,
inf_temporal__p2,inf_temporal,infeasible,hamburg,en,3,False,What was the change in mean building height from 2020 to 2024?,,MATCH (ds:Dataset) WHERE ds.snapshot_year IS NOT NULL OR ds.version_year IS NOT NULL RETURN count(ds) AS n,REFUSE,,
inf_temporal__p2,inf_temporal,infeasible,helsinki,en,3,False,What was the change in mean building height from 2020 to 2024?,,MATCH (ds:Dataset) WHERE ds.snapshot_year IS NOT NULL OR ds.version_year IS NOT NULL RETURN count(ds) AS n,REFUSE,,
inf_temporal__p2,inf_temporal,infeasible,zurich,en,3,False,What was the change in mean building height from 2020 to 2024?,,MATCH (ds:Dataset) WHERE ds.snapshot_year IS NOT NULL OR ds.version_year IS NOT NULL RETURN count(ds) AS n,REFUSE,,
inf_temporal__p2,inf_temporal,infeasible,nyc,en,3,False,What was the change in mean building height from 2020 to 2024?,,MATCH (ds:Dataset) WHERE ds.snapshot_year IS NOT NULL OR ds.version_year IS NOT NULL RETURN count(ds) AS n,REFUSE,,
inf_temporal__p2,inf_temporal,infeasible,tokyo,en,3,False,What was the change in mean building height from 2020 to 2024?,,MATCH (ds:Dataset) WHERE ds.snapshot_year IS NOT NULL OR ds.version_year IS NOT NULL RETURN count(ds) AS n,REFUSE,,
inf_interior_lod__ID___p1,inf_interior_lod,infeasible,zurich,en,4,False,Count the rooms in building ID_.,,<withheld: held-out test split>,<withheld: held-out test split>,,
inf_layer_absent_city__bldg_0000e4e9-a69f-4e4a-__p1,inf_layer_absent_city,infeasible,tokyo,en,4,False,"According to the ML prediction, what roof material does building bldg_0000e4e9-a69f-4e4a-873e-d01928f965d2 have?",,<withheld: held-out test split>,<withheld: held-out test split>,,
inf_interior_lod__ID___p0,inf_interior_lod,infeasible,zurich,en,4,False,How many rooms does building ID_ have?,,<withheld: held-out test split>,<withheld: held-out test split>,,
inf_layer_absent_city__ID_00001DB9-565B-4C0A-B2__p1,inf_layer_absent_city,infeasible,zurich,en,4,False,"According to the ML prediction, what roof material does building ID_00001DB9-565B-4C0A-B2A4-6F856FEAEBA5 have?",,<withheld: held-out test split>,<withheld: held-out test split>,,
inf_residents__p0,inf_residents,infeasible,hamburg,en,3,False,How many people live in each building?,,MATCH (b:Building) WHERE b.resident_count IS NOT NULL RETURN count(b) AS n,REFUSE,,
inf_residents__p0,inf_residents,infeasible,helsinki,en,3,False,How many people live in each building?,,MATCH (b:Building) WHERE b.resident_count IS NOT NULL RETURN count(b) AS n,REFUSE,,
inf_residents__p0,inf_residents,infeasible,zurich,en,3,False,How many people live in each building?,,MATCH (b:Building) WHERE b.resident_count IS NOT NULL RETURN count(b) AS n,REFUSE,,
inf_residents__p0,inf_residents,infeasible,nyc,en,3,False,How many people live in each building?,,MATCH (b:Building) WHERE b.resident_count IS NOT NULL RETURN count(b) AS n,REFUSE,,
inf_residents__p0,inf_residents,infeasible,tokyo,en,3,False,How many people live in each building?,,MATCH (b:Building) WHERE b.resident_count IS NOT NULL RETURN count(b) AS n,REFUSE,,
inf_owner__ID___p1,inf_owner,infeasible,zurich,en,3,False,Who is the owner of building ID_?,,MATCH (b:Building) WHERE b.owner IS NOT NULL RETURN count(b) AS n,REFUSE,,
inf_energy_class__p2,inf_energy_class,infeasible,hamburg,en,3,False,What energy efficiency class is recorded for each building?,,MATCH (b:Building) WHERE b.energy_class IS NOT NULL RETURN count(b) AS n,REFUSE,,
inf_energy_class__p2,inf_energy_class,infeasible,helsinki,en,3,False,What energy efficiency class is recorded for each building?,,MATCH (b:Building) WHERE b.energy_class IS NOT NULL RETURN count(b) AS n,REFUSE,,
inf_energy_class__p2,inf_energy_class,infeasible,zurich,en,3,False,What energy efficiency class is recorded for each building?,,MATCH (b:Building) WHERE b.energy_class IS NOT NULL RETURN count(b) AS n,REFUSE,,
inf_energy_class__p2,inf_energy_class,infeasible,nyc,en,3,False,What energy efficiency class is recorded for each building?,,MATCH (b:Building) WHERE b.energy_class IS NOT NULL RETURN count(b) AS n,REFUSE,,
inf_energy_class__p2,inf_energy_class,infeasible,tokyo,en,3,False,What energy efficiency class is recorded for each building?,,MATCH (b:Building) WHERE b.energy_class IS NOT NULL RETURN count(b) AS n,REFUSE,,
inf_layer_absent_city__bldg_000094ef-deb4-4a1f-__p1,inf_layer_absent_city,infeasible,tokyo,en,4,False,"According to the ML prediction, what roof material does building bldg_000094ef-deb4-4a1f-86d8-7a77e262b9ed have?",,<withheld: held-out test split>,<withheld: held-out test split>,,
inf_layer_absent_city__bldg_0000e4e9-a69f-4e4a-__p0,inf_layer_absent_city,infeasible,tokyo,en,4,False,What roof material is predicted for building bldg_0000e4e9-a69f-4e4a-873e-d01928f965d2?,,<withheld: held-out test split>,<withheld: held-out test split>,,
inf_layer_absent_city__ID___p1,inf_layer_absent_city,infeasible,zurich,en,4,False,"According to the ML prediction, what roof material does building ID_ have?",,<withheld: held-out test split>,<withheld: held-out test split>,,
inf_layer_absent_city__BID_0019d516-d07e-4315-9__p0,inf_layer_absent_city,infeasible,helsinki,en,4,False,What roof material is predicted for building BID_0019d516-d07e-4315-957c-e4c0335d95e2?,,<withheld: held-out test split>,<withheld: held-out test split>,,
inf_residents__p2,inf_residents,infeasible,hamburg,en,3,False,How many residents live in each building?,,MATCH (b:Building) WHERE b.resident_count IS NOT NULL RETURN count(b) AS n,REFUSE,,
lod3_door_count__DEHHALKAJ0000opO__p0,lod3_door_count,lod3,hamburg,en,3,True,How many doors does building DEHHALKAJ0000opO have?,MATCH (:Building {id: 'DEHHALKAJ0000opO'})-[:HAS_LOD3_FACADE]->(:BoundarySurface)-[:HAS_OPENING]->(o:Opening {opening_type: 'Door'}) RETURN count(o) AS n,,"[""{\""n\"": 6}""]",,
lod3_openings_per_wall__DEHHALKAJ0000opO__p0,lod3_openings_per_wall,lod3,hamburg,en,5,True,Which wall of building DEHHALKAJ0000opO has the most openings?,<withheld: held-out test split>,,<withheld: held-out test split>,,
lod3_openings_per_wall__DEHHALKA4Ti000DB__p2,lod3_openings_per_wall,lod3,hamburg,en,5,True,What is the wall of building DEHHALKA4Ti000DB with the highest opening count?,<withheld: held-out test split>,,<withheld: held-out test split>,,
lod3_door_count__DEHHALKA4Ti000DB__p2,lod3_door_count,lod3,hamburg,en,3,True,How many door openings does building DEHHALKA4Ti000DB's LoD3 facade have?,MATCH (:Building {id: 'DEHHALKA4Ti000DB'})-[:HAS_LOD3_FACADE]->(:BoundarySurface)-[:HAS_OPENING]->(o:Opening {opening_type: 'Door'}) RETURN count(o) AS n,,"[""{\""n\"": 7}""]",,
lod3_room_count__bldg_3da20b05-8926-4d75-__p0,lod3_room_count,lod3,tokyo,en,3,True,How many rooms does building bldg_3da20b05-8926-4d75-a1a7-b247da4f9f03__53394653_bldg_6697_op_gml__1 contain?,MATCH (:Building {id: 'bldg_3da20b05-8926-4d75-a1a7-b247da4f9f03__53394653_bldg_6697_op_gml__1'})-[:HAS_INTERIOR_ROOM]->(r:Room) RETURN count(r) AS n,,"[""{\""n\"": 1}""]",,
multihop_boundary_census__ID_00001DB9-565B-4C0A-B2__p1,multihop_boundary_census,multihop,zurich,en,3,True,"For building ID_00001DB9-565B-4C0A-B2A4-6F856FEAEBA5, how many boundary surfaces of each type are there?","MATCH (:Building {id: 'ID_00001DB9-565B-4C0A-B2A4-6F856FEAEBA5'})-[:HAS_BOUNDARY]->(s:BoundarySurface) RETURN s.surface_type AS surface_type, count(s) AS n ORDER BY n DESC, surface_type ASC",,"[""{\""n\"": 1, \""surface_type\"": \""GroundSurface\""}"", ""{\""n\"": 1, \""surface_type\"": \""WallSurface\""}"", ""{\""n\"": 3, \""surface_type\"": \""RoofSurface\""}""]",,
multihop_boundary_census__DEHHALKA100002O7__p2,multihop_boundary_census,multihop,hamburg,en,3,True,Break down building DEHHALKA100002O7's boundary surfaces by surface type.,"MATCH (:Building {id: 'DEHHALKA100002O7'})-[:HAS_BOUNDARY]->(s:BoundarySurface) RETURN s.surface_type AS surface_type, count(s) AS n ORDER BY n DESC, surface_type ASC",,"[""{\""n\"": 1, \""surface_type\"": \""GroundSurface\""}"", ""{\""n\"": 12, \""surface_type\"": \""WallSurface\""}"", ""{\""n\"": 4, \""surface_type\"": \""RoofSurface\""}""]",,
multihop_boundary_census__DEHHALKA100002LW__p2,multihop_boundary_census,multihop,hamburg,en,3,True,Break down building DEHHALKA100002LW's boundary surfaces by surface type.,"MATCH (:Building {id: 'DEHHALKA100002LW'})-[:HAS_BOUNDARY]->(s:BoundarySurface) RETURN s.surface_type AS surface_type, count(s) AS n ORDER BY n DESC, surface_type ASC",,"[""{\""n\"": 1, \""surface_type\"": \""GroundSurface\""}"", ""{\""n\"": 38, \""surface_type\"": \""WallSurface\""}"", ""{\""n\"": 8, \""surface_type\"": \""RoofSurface\""}""]",,
multihop_district_counts__p0,multihop_district_counts,multihop,hamburg,en,2,True,How many buildings are located in each district?,<withheld: held-out test split>,,<withheld: held-out test split>,,
multihop_district_counts__p0,multihop_district_counts,multihop,helsinki,en,2,True,How many buildings are located in each district?,<withheld: held-out test split>,,<withheld: held-out test split>,,
multihop_district_counts__p0,multihop_district_counts,multihop,zurich,en,2,True,How many buildings are located in each district?,<withheld: held-out test split>,,<withheld: held-out test split>,,
multihop_district_counts__p0,multihop_district_counts,multihop,nyc,en,2,True,How many buildings are located in each district?,<withheld: held-out test split>,,<withheld: held-out test split>,,
multihop_district_counts__p0,multihop_district_counts,multihop,tokyo,en,2,True,How many buildings are located in each district?,<withheld: held-out test split>,,<withheld: held-out test split>,,
multihop_boundary_census__DEHHALKA100002LW__p1,multihop_boundary_census,multihop,hamburg,en,3,True,"For building DEHHALKA100002LW, how many boundary surfaces of each type are there?","MATCH (:Building {id: 'DEHHALKA100002LW'})-[:HAS_BOUNDARY]->(s:BoundarySurface) RETURN s.surface_type AS surface_type, count(s) AS n ORDER BY n DESC, surface_type ASC",,"[""{\""n\"": 1, \""surface_type\"": \""GroundSurface\""}"", ""{\""n\"": 38, \""surface_type\"": \""WallSurface\""}"", ""{\""n\"": 8, \""surface_type\"": \""RoofSurface\""}""]",,
multihop_boundary_census__BID_001328a4-3279-492c-9__de,multihop_boundary_census,multihop,helsinki,de,3,True,Wie viele Grenzflächen jedes Typs hat Gebäude BID_001328a4-3279-492c-99da-8e51f8e9a587?,"MATCH (:Building {id: 'BID_001328a4-3279-492c-99da-8e51f8e9a587'})-[:HAS_BOUNDARY]->(s:BoundarySurface) RETURN s.surface_type AS surface_type, count(s) AS n ORDER BY n DESC, surface_type ASC",,"[""{\""n\"": 1, \""surface_type\"": \""GroundSurface\""}"", ""{\""n\"": 16, \""surface_type\"": \""RoofSurface\""}"", ""{\""n\"": 23, \""surface_type\"": \""WallSurface\""}""]",,
multihop_boundary_census__DEHHALKA100002LW__de,multihop_boundary_census,multihop,hamburg,de,3,True,Wie viele Grenzflächen jedes Typs hat Gebäude DEHHALKA100002LW?,"MATCH (:Building {id: 'DEHHALKA100002LW'})-[:HAS_BOUNDARY]->(s:BoundarySurface) RETURN s.surface_type AS surface_type, count(s) AS n ORDER BY n DESC, surface_type ASC",,"[""{\""n\"": 1, \""surface_type\"": \""GroundSurface\""}"", ""{\""n\"": 38, \""surface_type\"": \""WallSurface\""}"", ""{\""n\"": 8, \""surface_type\"": \""RoofSurface\""}""]",,
multihop_boundary_census__ID___p2,multihop_boundary_census,multihop,zurich,en,3,True,Break down building ID_'s boundary surfaces by surface type.,"MATCH (:Building {id: 'ID_'})-[:HAS_BOUNDARY]->(s:BoundarySurface) RETURN s.surface_type AS surface_type, count(s) AS n ORDER BY n DESC, surface_type ASC",,"[""{\""n\"": 1, \""surface_type\"": \""GroundSurface\""}"", ""{\""n\"": 1, \""surface_type\"": \""WallSurface\""}""]",,
multihop_helsinki_building_status__p0,multihop_helsinki_building_status,multihop,helsinki,en,2,True,"What is the distribution of building lifecycle status (rakennuksen_tila) across buildings, e.g. active, planned, under construction, or demolished?",<withheld: held-out test split>,,<withheld: held-out test split>,,
multihop_boundary_census__gml_0004F7HL773S7RHQKNZZ__p1,multihop_boundary_census,multihop,nyc,en,3,True,"For building gml_0004F7HL773S7RHQKNZZBQHZE6XZCCY12H7I, how many boundary surfaces of each type are there?","MATCH (:Building {id: 'gml_0004F7HL773S7RHQKNZZBQHZE6XZCCY12H7I'})-[:HAS_BOUNDARY]->(s:BoundarySurface) RETURN s.surface_type AS surface_type, count(s) AS n ORDER BY n DESC, surface_type ASC",,"[""{\""n\"": 1, \""surface_type\"": \""GroundSurface\""}"", ""{\""n\"": 1, \""surface_type\"": \""RoofSurface\""}"", ""{\""n\"": 6, \""surface_type\"": \""WallSurface\""}""]",,
multihop_boundary_census__gml_0004F7HL773S7RHQKNZZ__de,multihop_boundary_census,multihop,nyc,de,3,True,Wie viele Grenzflächen jedes Typs hat Gebäude gml_0004F7HL773S7RHQKNZZBQHZE6XZCCY12H7I?,"MATCH (:Building {id: 'gml_0004F7HL773S7RHQKNZZBQHZE6XZCCY12H7I'})-[:HAS_BOUNDARY]->(s:BoundarySurface) RETURN s.surface_type AS surface_type, count(s) AS n ORDER BY n DESC, surface_type ASC",,"[""{\""n\"": 1, \""surface_type\"": \""GroundSurface\""}"", ""{\""n\"": 1, \""surface_type\"": \""RoofSurface\""}"", ""{\""n\"": 6, \""surface_type\"": \""WallSurface\""}""]",,
multihop_boundary_census__ID___de,multihop_boundary_census,multihop,zurich,de,3,True,Wie viele Grenzflächen jedes Typs hat Gebäude ID_?,"MATCH (:Building {id: 'ID_'})-[:HAS_BOUNDARY]->(s:BoundarySurface) RETURN s.surface_type AS surface_type, count(s) AS n ORDER BY n DESC, surface_type ASC",,"[""{\""n\"": 1, \""surface_type\"": \""GroundSurface\""}"", ""{\""n\"": 1, \""surface_type\"": \""WallSurface\""}""]",,
tokyo_jp_key_lookup__JR小岩駅周辺地区__p2,tokyo_jp_key_lookup,multihop,tokyo,en,4,True,What buildings fall under the district plan 'JR小岩駅周辺地区'?,MATCH (b:Building) WHERE b.`地区計画` = 'JR小岩駅周辺地区' RETURN b.id AS id ORDER BY b.id,,"[""{\""id\"": \""bldg_001744de-5bfb-48f3-b59e-ad83b2929588\""}"", ""{\""id\"": \""bldg_00494773-19d7-48f4-8be3-a933baaf9f66\""}"", ""{\""id\"": \""bldg_005a58ff-58ca-44c8-bc42-ffea6a29a732\""}"", ""{\""id\"": \""bldg_0097fecc-3acd-423e-816a-e1449f3d7b60\""}"", ""{\""id\"": \""bldg_01213177-0797-430e-8b05-50c1f2783566\""}"", ""{\""id\"": \""bldg_015b96a2-8188-4284-8f16-332b65a0ccfd\""}"", ""{\""id\"": \""bldg_0161a4d6-8887-4ff0-bb64-15bc1f72052a\""}"", ""{\""id\"": \""bldg_0167bbe9-fd10-4364-acaa-1797762c5732\""}"", ""{\""id\"": \""bldg_016e629c-5495-49d0-82b6-73fa0ec2b8c2\""}"", ""{\""id\"": \""bldg_0199f08e-0efa-4851-91be-332edff49598\""}"", ""{\""id\"": \""bldg_01acc2a3-b0d0-4a8d-b5be-8e5e7f1034bc\""}"", ""{\""id\"": \""bldg_01baf7b3-d188-42cf-bef4-8dc21607bf12\""}"", ""{\""id\"": \""bldg_01c35a7d-f599-41a8-968f-46138f025656\""}"", ""{\""id\"": \""bldg_022237cd-c467-4544-a2fd-cc179820caf9\""}"", ""{\""id\"": \""bldg_022a75ce-978d-4cf6-89e6-67f5d5a08976\""}"", ""{\""id\"": \""bldg_022d666f-0574-486a-b194-a26c5d245c41\""}"", ""{\""id\"": \""bldg_0235c949-7c4a-4297-96be-6b33c70c41b4\""}"", ""{\""id\"": \""bldg_025103de-162c-49f2-9f40-ab2fb6046c43\""}"", ""{\""id\"": \""bldg_025df05f-4503-48bd-85e8-e8bb979efa57\""}"", ""{\""id\"": \""bldg_02856dbc-bfa6-489e-a9cc-95e60f5be2e8\""}"", ""{\""id\"": \""bldg_02f06c79-8808-4c90-adf1-df86273274bd\""}"", ""{\""id\"": \""bldg_02f84e73-1052-4167-970a-4b51b50aa244\""}"", ""{\""id\"": \""bldg_0312ce64-7ff7-4cce-bf4b-a99a6cac28ea\""}"", ""{\""id\"": \""bldg_03392f32-4b16-4d46-8811-dadaf8996286\""}"", ""{\""id\"": \""bldg_03500acb-5431-4a44-acf2-4aec161b9f35\""}"", ""{\""id\"": \""bldg_0356505e-c70e-4edd-b78f-849232515902\""}"", ""{\""id\"": \""bldg_036e902b-37e8-48df-8ab8-0a2910f2c3e8\""}"", ""{\""id\"": \""bldg_037c123b-8939-4a43-8e53-eeebf277e3de\""}"", ""{\""id\"": \""bldg_03a14d53-71f1-4e27-a1b1-75356133d302\""}"", ""{\""id\"": \""bldg_03a7e065-92de-4f35-9701-c9cf51cb27cd\""}"", ""{\""id\"": \""bldg_03dbb996-0782-4e57-a46f-65380b349ee9\""}"", ""{\""id\"": \""bldg_03f1e755-b6ea-4359-97af-457e32fed8c3\""}"", ""{\""id\"": \""bldg_03ff3055-f51f-4e4c-8fc2-17fff211a5da\""}"", ""{\""id\"": \""bldg_040ee76a-d6e8-4548-9c0a-4935f9268db9\""}"", ""{\""id\"": \""bldg_042e1e26-29d0-45a2-9a62-15dc25190150\""}"", ""{\""id\"": \""bldg_043121e8-a41c-4518-87d5-6a9f92addb63\""}"", ""{\""id\"": \""bldg_0431c399-82ed-4aad-95e3-51e3f8809269\""}"", ""{\""id\"": \""bldg_043a38a2-ceb8-48df-9a5d-013257da5753\""}"", ""{\""id\"": \""bldg_0456e54a-53e1-4969-8ecf-5ba94c97ae6c\""}"", ""{\""id\"": \""bldg_04654c0c-275a-41a2-aa29-5417eaf24352\""}"", ""{\""id\"": \""bldg_0472d1ba-b84c-4f5b-973d-5e04f26205ce\""}"", ""{\""id\"": \""bldg_04810534-6e16-4784-9647-fc04162c3bff\""}"", ""{\""id\"": \""bldg_0483d60c-b93a-4f00-ad61-c7b335320969\""}"", ""{\""id\"": \""bldg_0492a137-95fd-4f06-8a53-34d42cc44547\""}"", ""{\""id\"": \""bldg_049e7dc2-a7b9-470a-8435-094ce6a5e5c1\""}"", ""{\""id\"": \""bldg_04e891ed-a1f5-4da7-948c-48f62cf89bc0\""}"", ""{\""id\"": \""bldg_04e8d717-c9c3-48a7-bdad-d50b1d738975\""}"", ""{\""id\"": \""bldg_05078624-31a2-4ff8-8d3e-06158cafd2b1\""}"", ""{\""id\"": \""bldg_0509a8d8-98df-4895-a371-a64a60e9fe81\""}"", ""{\""id\"": \""bldg_050ba88e-a05b-43d3-b36e-d434948eac16\""}"", ""{\""id\"": \""bldg_05615f2b-5f12-48cf-a6ac-f0251aca8401\""}"", ""{\""id\"": \""bldg_056a547e-a03b-40a0-a60c-e9ddb30b4bfa\""}"", ""{\""id\"": \""bldg_056cb9c2-3ae8-4bd6-afe6-e10d40dd0ca0\""}"", ""{\""id\"": \""bldg_058e7874-9b07-4a01-adf7-a03e01efe90b\""}"", ""{\""id\"": \""bldg_05b8d237-98fc-414b-85ff-0990ee7f422f\""}"", ""{\""id\"": \""bldg_05bedc18-c5fa-48a5-8bc8-392a3d963ae3\""}"", ""{\""id\"": \""bldg_05e7e84a-8957-48bd-8b9e-5907bb052918\""}"", ""{\""id\"": \""bldg_05f17ea3-25ba-409c-a627-f76e0079fb46\""}"", ""{\""id\"": \""bldg_060041e6-e7f2-40b8-b5bd-7d77d179b2f2\""}"", ""{\""id\"": \""bldg_06204ffb-46cd-4ecd-a355-3925f3211e19\""}"", ""{\""id\"": \""bldg_062fea75-242c-4aa4-987d-b452ffb944f6\""}"", ""{\""id\"": \""bldg_063d0162-82f0-49f8-8d3c-ef144eedde6a\""}"", ""{\""id\"": \""bldg_064ed4ab-014f-4864-8c17-27ec4a728659\""}"", ""{\""id\"": \""bldg_06537044-87a8-4b35-8da0-7ce9fce2e70f\""}"", ""{\""id\"": \""bldg_069ec95c-80e7-496e-8ac8-a9acad2b7210\""}"", ""{\""id\"": \""bldg_06c6d42a-d5b7-4f6e-bd3d-bc21341cac43\""}"", ""{\""id\"": \""bldg_06cf71f7-9f34-4280-8dbd-1b9a4a79d680\""}"", ""{\""id\"": \""bldg_06d0ac58-bd1b-46fa-94e0-50ca4a0e8ffb\""}"", ""{\""id\"": \""bldg_0706d11e-1008-431f-9cc0-aa92b0cb0f98\""}"", ""{\""id\"": \""bldg_077b191b-e6e7-4332-8cae-f947b73ad655\""}"", ""{\""id\"": \""bldg_0787135e-ba86-4f28-9408-4a953753295f\""}"", ""{\""id\"": \""bldg_07925385-80bc-43c6-8d12-6216700790fd\""}"", ""{\""id\"": \""bldg_07b787b8-3cdc-4e9c-93a4-59676f236b36\""}"", ""{\""id\"": \""bldg_07be7f04-1bf4-4d33-ab11-b2a37ff21c20\""}"", ""{\""id\"": \""bldg_07d6ee45-3e54-4650-b5cc-d37d29de15c3\""}"", ""{\""id\"": \""bldg_080c2068-cfa3-4b0f-bc07-0972c59a284f\""}"", ""{\""id\"": \""bldg_0829219e-230d-48c7-8d62-0f8067f02dbf\""}"", ""{\""id\"": \""bldg_0838a680-6969-457e-885e-cc679eb02be1\""}"", ""{\""id\"": \""bldg_085da477-7fbc-4359-aa31-2a634e565596\""}"", ""{\""id\"": \""bldg_087af3cb-2b67-4026-8e3f-405db7f0336e\""}"", ""{\""id\"": \""bldg_08b35992-a530-442a-ad2e-af4cfaf71559\""}"", ""{\""id\"": \""bldg_08c42e1f-ee4c-40e2-9466-47453aad8b7e\""}"", ""{\""id\"": \""bldg_08d7777f-ea23-4249-8049-a887f03c1a34\""}"", ""{\""id\"": \""bldg_08da133d-fba4-403b-aeb4-5b4b289c388c\""}"", ""{\""id\"": \""bldg_08fd05b1-1658-4a7b-a260-fb0ff52ca881\""}"", ""{\""id\"": \""bldg_090980f6-0016-4ae2-bce1-cbe39df79c89\""}"", ""{\""id\"": \""bldg_092e5398-6433-4f06-963d-31caad8c9a38\""}"", ""{\""id\"": \""bldg_0934e2a0-959a-45c5-8a8b-0df61bc24a8c\""}"", ""{\""id\"": \""bldg_09755c9a-fdd5-4dae-990e-46adedf08fd5\""}"", ""{\""id\"": \""bldg_099470c1-6429-4e2c-8772-61124d01b812\""}"", ""{\""id\"": \""bldg_099b9690-ed6b-4b97-b76c-030ae473524d\""}"", ""{\""id\"": \""bldg_09b02711-a0cb-434c-b9da-4ea88671cad3\""}"", ""{\""id\"": \""bldg_09c00385-de1d-42cb-b660-a0d16b38edd1\""}"", ""{\""id\"": \""bldg_09e7e273-7c32-4904-ac34-b949705e80aa\""}"", ""{\""id\"": \""bldg_09ea0113-640b-4047-94db-5d9fa4a18c64\""}"", ""{\""id\"": \""bldg_09f24154-d0b4-4c3e-91b7-d7f6b6c2670d\""}"", ""{\""id\"": \""bldg_0a0fd5b4-29eb-43c1-9cfa-f2c4366044c7\""}"", ""{\""id\"": \""bldg_0a131c31-d69d-4633-9c09-5215fdede1a0\""}"", ""{\""id\"": \""bldg_0a1e7cde-e641-427e-b7aa-8288d32c2dc4\""}"", ""{\""id\"": \""bldg_0a2197d2-8525-4665-a54b-50f35730060e\""}"", ""{\""id\"": \""bldg_0a4fd4f9-07fa-4e0a-a0be-408528904bd0\""}"", ""{\""id\"": \""bldg_0a69e3db-8c61-4522-a7dd-bf222521309e\""}"", ""{\""id\"": \""bldg_0a9d1205-440a-49d7-95d6-56c8b1bcdb8e\""}"", ""{\""id\"": \""bldg_0ac56cff-e8dc-4ea3-8fc0-3f8c19f3719f\""}"", ""{\""id\"": \""bldg_0ac5b401-e99b-4058-b56a-3d52f96689a8\""}"", ""{\""id\"": \""bldg_0ae97440-3a60-4fbf-a8f0-b1f89d46401c\""}"", ""{\""id\"": \""bldg_0b14a22d-bd89-4f18-b1b2-42455006f4fc\""}"", ""{\""id\"": \""bldg_0b4e346a-26f4-4ad6-a949-400fdf9401f5\""}"", ""{\""id\"": \""bldg_0b544a4f-12eb-46d9-ad63-fb7620d7ce76\""}"", ""{\""id\"": \""bldg_0b7389cf-a48e-45fe-963f-1e235bb8ef5f\""}"", ""{\""id\"": \""bldg_0b7958ac-d220-40b6-a48b-07bf496e2704\""}"", ""{\""id\"": \""bldg_0b98f8d5-ce50-4bff-a4ef-71dc2ee817ff\""}"", ""{\""id\"": \""bldg_0b9cabe3-8270-488d-9742-d74f72fc003e\""}"", ""{\""id\"": \""bldg_0bab3ee3-95f6-4e85-9303-3f485e5eb22b\""}"", ""{\""id\"": \""bldg_0bcdec3c-6ed5-4dac-8d98-44fa8ee50af1\""}"", ""{\""id\"": \""bldg_0bd03858-81dd-426c-8172-ec5f9d204ff0\""}"", ""{\""id\"": \""bldg_0bdf97c0-6ee8-4069-afcf-52896f7eddf0\""}"", ""{\""id\"": \""bldg_0bffdaa9-49b9-48c5-ba96-35e9ce7998bf\""}"", ""{\""id\"": \""bldg_0c02af2c-55ab-4d0b-a2a7-ba19d13d49ad\""}"", ""{\""id\"": \""bldg_0c155a8d-acb0-4f0d-a3d7-2f783da3c27c\""}"", ""{\""id\"": \""bldg_0c252483-22d6-44eb-a57e-a4227d0bff2d\""}"", ""{\""id\"": \""bldg_0c412f79-e441-404b-80a9-19daf1d1d0b0\""}"", ""{\""id\"": \""bldg_0c430d4b-5cb6-4601-8741-1ec02ebb1135\""}"", ""{\""id\"": \""bldg_0c4f9131-18b3-4db3-abb6-5c569ed1fe71\""}"", ""{\""id\"": \""bldg_0c515399-cc18-4d5b-9a1d-dd5191b4c898\""}"", ""{\""id\"": \""bldg_0c574d2e-f6e8-4286-8b37-c403e2c10b12\""}"", ""{\""id\"": \""bldg_0c7f954e-abff-41e2-baa6-c79a02ccd3f9\""}"", ""{\""id\"": \""bldg_0c849906-8d5f-4c59-966e-375db06a49a3\""}"", ""{\""id\"": \""bldg_0c8b1496-ff42-4d31-a5bb-48c18ce3e068\""}"", ""{\""id\"": \""bldg_0ca30fa1-e18b-4e01-bd0e-705a63789d85\""}"", ""{\""id\"": \""bldg_0cb202bd-f72e-4c19-a44a-1c39e7c0c0f6\""}"", ""{\""id\"": \""bldg_0cd49a2c-ab90-4f23-a940-04a963a0b6b7\""}"", ""{\""id\"": \""bldg_0cfbdfad-53d3-441f-b7cb-6e9e5ab982f0\""}"", ""{\""id\"": \""bldg_0d3975ee-e149-489b-bb14-888124435cb1\""}"", ""{\""id\"": \""bldg_0d4c303c-b277-4b6f-8596-6eab62ae9ba9\""}"", ""{\""id\"": \""bldg_0d588d65-ad57-4b96-ac45-c8746ed6f9bd\""}"", ""{\""id\"": \""bldg_0d68701a-2a78-4e2d-8df4-19d3291b93cb\""}"", ""{\""id\"": \""bldg_0d738adc-8c4d-4853-a783-3495cd5e4c3f\""}"", ""{\""id\"": \""bldg_0d861d9b-e4e8-4d67-830b-21f952e85387\""}"", ""{\""id\"": \""bldg_0d9025be-d1d6-4170-b3d6-52747ef53eea\""}"", ""{\""id\"": \""bldg_0da396d8-8379-402c-9bbb-4000a03d40eb\""}"", ""{\""id\"": \""bldg_0dc3d56a-dad0-479b-ba69-ef5336517bbc\""}"", ""{\""id\"": \""bldg_0dc5b759-230c-433a-96df-c6547846540f\""}"", ""{\""id\"": \""bldg_0de6d0f5-d648-4175-a096-ca5da7d64427\""}"", ""{\""id\"": \""bldg_0e2ac47f-8bfa-4dcb-a445-ea21ad7afaec\""}"", ""{\""id\"": \""bldg_0e5ae2cb-8637-4e4c-885c-656e2c0050e6\""}"", ""{\""id\"": \""bldg_0e7a4c55-c8b8-4618-8c00-ca7cc7c52688\""}"", ""{\""id\"": \""bldg_0e7c2bcd-5a74-47f6-ac1d-9dbe4bd77e57\""}"", ""{\""id\"": \""bldg_0e7d8bd1-4a3a-4bc3-8241-0fb62f1fb890\""}"", ""{\""id\"": \""bldg_0e8fc1f6-fe4e-4f13-8677-84a73e9dd519\""}"", ""{\""id\"": \""bldg_0e93bd3c-94db-494b-9703-f67722a7e6d3\""}"", ""{\""id\"": \""bldg_0e9505fb-ebaf-4a2b-8c7c-b602887def72\""}"", ""{\""id\"": \""bldg_0ebc3c7d-b6f2-4d72-8541-77670fc00364\""}"", ""{\""id\"": \""bldg_0ec979bc-b27b-4c75-be20-57a7570192bb\""}"", ""{\""id\"": \""bldg_0ef557fd-a95c-45b1-99c0-66758e618082\""}"", ""{\""id\"": \""bldg_0f4f6765-b121-4242-bdeb-286f0265c7c0\""}"", ""{\""id\"": \""bldg_0f5c90b5-df8b-4e13-b6af-74faace23bb0\""}"", ""{\""id\"": \""bldg_0f606d9b-062f-47e3-b406-fe47a52b8bc3\""}"", ""{\""id\"": \""bldg_0f623d9b-9a8d-405b-8a6d-a0543a82a2ef\""}"", ""{\""id\"": \""bldg_0fa5b25f-f412-4a17-811f-a6c6f10f856e\""}"", ""{\""id\"": \""bldg_1021f642-d505-4ebc-9a38-17fee1408b5e\""}"", ""{\""id\"": \""bldg_103e166e-e3a4-4045-a380-a15be49f405b\""}"", ""{\""id\"": \""bldg_103ff710-5008-4726-b2a6-6a1c87abc0c2\""}"", ""{\""id\"": \""bldg_10805c6b-37ec-4ac2-a3cf-59eca7f6c547\""}"", ""{\""id\"": \""bldg_10806a77-167e-429c-b33d-0c78d8c42cc6\""}"", ""{\""id\"": \""bldg_108dc983-c782-4771-8b2a-efd8cd798509\""}"", ""{\""id\"": \""bldg_109bf256-9898-4038-8df7-5b3afdacea9c\""}"", ""{\""id\"": \""bldg_10c2f445-5d2b-4b18-90ad-af28958d5b54\""}"", ""{\""id\"": \""bldg_10da7c8f-d1e6-42b5-b273-32e283aad4ef\""}"", ""{\""id\"": \""bldg_10e60e45-41b3-413a-bd15-0f151ab10777\""}"", ""{\""id\"": \""bldg_10f9de09-0f12-42ff-9d6f-a7d746636cba\""}"", ""{\""id\"": \""bldg_10ff53df-e735-4e43-b5f7-d7aa005054e1\""}"", ""{\""id\"": \""bldg_111ca55d-e38b-4a75-8027-242e69309321\""}"", ""{\""id\"": \""bldg_11518508-10e3-40df-8129-9f000b5d1360\""}"", ""{\""id\"": \""bldg_11b19d52-010e-4a12-a57f-b94e13213ab5\""}"", ""{\""id\"": \""bldg_11e7299c-b325-4e77-a1ee-61774ae2f13b\""}"", ""{\""id\"": \""bldg_1215365a-6f4d-4e8c-8f75-d6bb54b8ad58\""}"", ""{\""id\"": \""bldg_12393728-b954-4255-b771-857a758af70a\""}"", ""{\""id\"": \""bldg_123db77c-ecbd-452a-beaa-7df8a9562efc\""}"", ""{\""id\"": \""bldg_12671ee6-d940-4f0f-94fd-bb654ed49872\""}"", ""{\""id\"": \""bldg_127c2dd0-34f3-4d60-8846-1ef01319bf8e\""}"", ""{\""id\"": \""bldg_12a01e21-513d-48d0-a1d4-f4f967b7acae\""}"", ""{\""id\"": \""bldg_12bfc866-4f0a-4d62-af79-7d4ac43d0a36\""}"", ""{\""id\"": \""bldg_12e4d346-ef91-4d55-b34f-e5605494fda8\""}"", ""{\""id\"": \""bldg_12effb89-804c-4bbb-87ba-dbde035fa6f2\""}"", ""{\""id\"": \""bldg_12f80b5b-f0a4-4e92-b761-e1d1381e00e1\""}"", ""{\""id\"": \""bldg_132aef4a-a023-4c5e-8de3-3cf7c61dadd2\""}"", ""{\""id\"": \""bldg_132f1894-5d1a-4bec-986d-3a225b9198f2\""}"", ""{\""id\"": \""bldg_1345a6f2-0bc5-4ba5-97e4-3481d2f064cb\""}"", ""{\""id\"": \""bldg_13550f86-2637-4662-b2cf-012aaa56ecad\""}"", ""{\""id\"": \""bldg_136ac0f2-66a3-4415-84e4-97face3d6994\""}"", ""{\""id\"": \""bldg_137b4559-f575-4c3f-add8-2837d49a6027\""}"", ""{\""id\"": \""bldg_137e1be2-6909-476b-a89f-b42b2c45fc24\""}"", ""{\""id\"": \""bldg_138ce2c8-daa3-4972-8418-1bd4c12f0f64\""}"", ""{\""id\"": \""bldg_1392bd78-6bcd-45bd-98be-ecb69fda9354\""}"", ""{\""id\"": \""bldg_1396a350-3991-479e-aa18-affb60eb8dc2\""}"", ""{\""id\"": \""bldg_13be4490-1c07-4055-a80a-0271a9c178c3\""}"", ""{\""id\"": \""bldg_13c14dad-c6ae-4698-82d8-2aaee5f9268f\""}"", ""{\""id\"": \""bldg_13f650ab-73a9-44d8-9ac4-705b81b00731\""}"", ""{\""id\"": \""bldg_13f6f1c1-21eb-4f6d-9e65-efbeeb511ccf\""}"", ""{\""id\"": \""bldg_14164367-106d-4fb4-802c-3169002f0c9c\""}"", ""{\""id\"": \""bldg_141a26a2-b8c1-4ab7-a9d3-8592f7f151b9\""}"", ""{\""id\"": \""bldg_1429f3c4-b4a6-4086-9e25-9a54130a6ec5\""}"", ""{\""id\"": \""bldg_14324568-737e-46d1-add2-dc25fcbc2961\""}"", ""{\""id\"": \""bldg_1445b0aa-501b-4d11-aa4c-0ba34dd18349\""}"", ""{\""id\"": \""bldg_144cc075-1951-42d0-a088-5b6dc5d1a8eb\""}"", ""{\""id\"": \""bldg_144fb67c-8314-4968-917a-c97931c8bdbb\""}"", ""{\""id\"": \""bldg_1466d1f8-6464-4bfd-9828-eaaff789139a\""}"", ""{\""id\"": \""bldg_146b8929-9423-400f-ad18-0e743a853183\""}"", ""{\""id\"": \""bldg_147e01fd-5231-41ce-8b54-8360cb41c39f\""}"", ""{\""id\"": \""bldg_148f65af-4ff6-45e1-961f-6f642b1566a8\""}"", ""{\""id\"": \""bldg_149dc8c6-faf6-4ac4-a691-d3ac465aeebe\""}"", ""{\""id\"": \""bldg_14e6d982-0ed2-493d-8347-89fb1a67f11f\""}"", ""{\""id\"": \""bldg_15940205-63d2-4beb-8d8b-67e4b7b86262\""}"", ""{\""id\"": \""bldg_15a9e475-2490-47b6-8967-9d47ad62a288\""}"", ""{\""id\"": \""bldg_15df916a-fe51-4325-a58f-86fc96c79b47\""}"", ""{\""id\"": \""bldg_15e10fb5-292e-4758-958f-4ac0d3560dda\""}"", ""{\""id\"": \""bldg_1610b79c-0e3f-4461-b80f-1fbde43967e0\""}"", ""{\""id\"": \""bldg_16305b11-68fe-4e29-970e-d3ff5930f0da\""}"", ""{\""id\"": \""bldg_16442b78-a378-4b20-8423-617790fa0cd3\""}"", ""{\""id\"": \""bldg_165cf1c8-7608-4cb6-a247-f0578e996412\""}"", ""{\""id\"": \""bldg_167e705a-0001-4500-939b-e247f11ddb98\""}"", ""{\""id\"": \""bldg_16eaedb2-4bef-4bef-9c7f-be0d962bdae8\""}"", ""{\""id\"": \""bldg_16f7b863-aa24-441c-868f-0cb6503d36a1\""}"", ""{\""id\"": \""bldg_170646e9-331f-41ac-a330-954d99647ee5\""}"", ""{\""id\"": \""bldg_171721c2-6a42-4790-a5e3-3e9cc9508307\""}"", ""{\""id\"": \""bldg_1718c264-455a-4426-a9dd-d876d4dc216d\""}"", ""{\""id\"": \""bldg_172870a1-dc9f-4b3a-bfc4-a66391bc8e2d\""}"", ""{\""id\"": \""bldg_1736917c-d795-4011-a21e-ab5534a05dec\""}"", ""{\""id\"": \""bldg_173df911-0dd2-4201-929d-a7f99df6102f\""}"", ""{\""id\"": \""bldg_173e6637-e9c4-40de-9be0-08caf65bd08d\""}"", ""{\""id\"": \""bldg_174d25f8-ec6e-4fe9-9935-b61ccc08bec2\""}"", ""{\""id\"": \""bldg_175a20c9-84f7-463c-b739-5f31aca8bc86\""}"", ""{\""id\"": \""bldg_1769c96d-79b8-445d-b490-295ba363acd3\""}"", ""{\""id\"": \""bldg_177fb02e-cd54-4bf0-a731-6856a01d46fd\""}"", ""{\""id\"": \""bldg_17854564-8b2c-49a4-b8ce-54a58458a8c2\""}"", ""{\""id\"": \""bldg_1793586a-a756-402f-b06d-b7c43b8fae53\""}"", ""{\""id\"": \""bldg_17ab3836-03de-416a-b986-b879f0a592ee\""}"", ""{\""id\"": \""bldg_17b67072-5403-463a-b7e1-b22bf55ec56b\""}"", ""{\""id\"": \""bldg_17bf52f0-6998-4fdb-9dff-5b3c2494290e\""}"", ""{\""id\"": \""bldg_17c2d52f-6951-490b-9a56-b92314ba7d9d\""}"", ""{\""id\"": \""bldg_17c2f69c-da9e-4120-b2c9-f532f227c2ee\""}"", ""{\""id\"": \""bldg_17f16c63-225c-4e03-b8bd-b0492bd5e225\""}"", ""{\""id\"": \""bldg_1810064d-3868-4edb-a73a-fa1b95e499a7\""}"", ""{\""id\"": \""bldg_1810884f-4ed5-4d31-af79-a4ede26a432f\""}"", ""{\""id\"": \""bldg_182e590f-fb25-4727-8b5f-2fff430e4332\""}"", ""{\""id\"": \""bldg_1860e521-1116-41bc-8165-8de76000f36f\""}"", ""{\""id\"": \""bldg_187798d1-3546-428c-96bf-cadb6de19bfc\""}"", ""{\""id\"": \""bldg_18869289-4295-4a61-b989-c1f32bf19242\""}"", ""{\""id\"": \""bldg_189a5c30-86e5-41d3-b6f0-7e5ecc809e76\""}"", ""{\""id\"": \""bldg_189bd07c-b61b-4343-9f2f-dffd3405086a\""}"", ""{\""id\"": \""bldg_18e58c50-12a2-4ca4-8b37-c405836d7103\""}"", ""{\""id\"": \""bldg_18f20ea5-76a1-4037-b31e-bb895c3a18f2\""}"", ""{\""id\"": \""bldg_190d2409-a5ae-444c-b08a-6aefdd8e988c\""}"", ""{\""id\"": \""bldg_190e05f3-2962-4e2b-bebf-5b2d3226bf47\""}"", ""{\""id\"": \""bldg_1915ceec-b9d3-4df9-8b7b-063acfd61833\""}"", ""{\""id\"": \""bldg_1920c4aa-959d-4256-b081-c05f029b4fb0\""}"", ""{\""id\"": \""bldg_1946948b-a6d2-46c0-95cf-dfbe0ad97824\""}"", ""{\""id\"": \""bldg_196d13d7-b89c-4441-811d-dc27acdab132\""}"", ""{\""id\"": \""bldg_197d3b3d-94eb-4881-b871-df354b59d98a\""}"", ""{\""id\"": \""bldg_19adbe9f-036e-4808-a15a-dbd0bc8de8c8\""}"", ""{\""id\"": \""bldg_19d176bd-4140-4764-b195-8bf86e72d564\""}"", ""{\""id\"": \""bldg_19d1ccfa-fd93-4f27-82c4-40edbe2164a7\""}"", ""{\""id\"": \""bldg_1a0378cc-7662-499e-9a0c-0b3a63458731\""}"", ""{\""id\"": \""bldg_1a11890d-6281-4f67-a8ed-ecd0a6038398\""}"", ""{\""id\"": \""bldg_1a214a57-0cdf-44ef-9857-90d55296df2b\""}"", ""{\""id\"": \""bldg_1a4677f4-8b64-48d1-8490-1b053f5adfe1\""}"", ""{\""id\"": \""bldg_1a47f6a7-ef82-4252-9681-170eaf529f8f\""}"", ""{\""id\"": \""bldg_1a624fdf-4c68-4ec9-bab6-a470c74ffc81\""}"", ""{\""id\"": \""bldg_1a795c88-e6ad-4cb4-9bff-4fa962a25a41\""}"", ""{\""id\"": \""bldg_1a98c4df-2fd6-4972-bab0-78861c24c065\""}"", ""{\""id\"": \""bldg_1aa02775-3d86-4033-9d53-46d5eb165314\""}"", ""{\""id\"": \""bldg_1aa1904f-5d32-4669-bc7e-0f49daeda244\""}"", ""{\""id\"": \""bldg_1aa28b22-f0ed-4ca2-b2e3-3721fcd11057\""}"", ""{\""id\"": \""bldg_1aa3136a-1975-4f46-a979-7f553f9d0094\""}"", ""{\""id\"": \""bldg_1ab3c0ba-9a08-4605-9f3a-5d86bc65a2d7\""}"", ""{\""id\"": \""bldg_1ae1aa45-5b44-4e52-9dcd-0dd81f91820b\""}"", ""{\""id\"": \""bldg_1aee7201-750d-4872-94a5-813b2f324a9c\""}"", ""{\""id\"": \""bldg_1b140e82-37aa-4445-89a4-431ad453739d\""}"", ""{\""id\"": \""bldg_1b5988c5-fc07-4405-91e4-c11f3782778d\""}"", ""{\""id\"": \""bldg_1b803726-4d31-4d25-ac26-63a492c95554\""}"", ""{\""id\"": \""bldg_1bd7d2d6-bec9-4a63-8a56-85615371d03a\""}"", ""{\""id\"": \""bldg_1bdb2770-73a0-4a1c-b490-165cc6304faf\""}"", ""{\""id\"": \""bldg_1be486ae-aa32-4cfe-ae7a-34f8d220ef66\""}"", ""{\""id\"": \""bldg_1c0bab0e-d7fa-4982-ac09-9598d3fa7505\""}"", ""{\""id\"": \""bldg_1c175ceb-fd62-463f-9e3d-8f697742ec7b\""}"", ""{\""id\"": \""bldg_1c331281-f0c1-4802-adb0-1e1048084bd0\""}"", ""{\""id\"": \""bldg_1c6551d1-ce4f-4bce-822f-4eb5f30ad4d4\""}"", ""{\""id\"": \""bldg_1c6908f6-fbbd-4df5-b306-52cd838dc285\""}"", ""{\""id\"": \""bldg_1c7ce377-1f10-4302-b390-f7af9fc35c9e\""}"", ""{\""id\"": \""bldg_1c8505b8-d73d-4609-9834-92a414662283\""}"", ""{\""id\"": \""bldg_1cb428bf-cc43-4dd3-9c99-cfbcb7649ac9\""}"", ""{\""id\"": \""bldg_1cc1edcd-21e1-43ff-9121-eeb1e9178e67\""}"", ""{\""id\"": \""bldg_1ccb307a-030d-4baf-8ea9-d3bc2c7321fb\""}"", ""{\""id\"": \""bldg_1d0d87e0-fa45-4f20-bc2e-11c0275fd4ae\""}"", ""{\""id\"": \""bldg_1d1b3381-1bec-4635-abe4-3bab1a443e1f\""}"", ""{\""id\"": \""bldg_1d37bf42-39fe-487e-9919-895a5c7f7d8b\""}"", ""{\""id\"": \""bldg_1d4829c4-3081-4232-a1b3-d3738d849001\""}"", ""{\""id\"": \""bldg_1d523d9c-5a15-4197-91ef-0d12d0949489\""}"", ""{\""id\"": \""bldg_1d6d1889-f72b-4334-976b-dd284ad8bf26\""}"", ""{\""id\"": \""bldg_1daae9d0-3768-4ee9-9e1f-287b66fdce1a\""}"", ""{\""id\"": \""bldg_1dc88a86-f660-4bcc-ba82-45b000d3feaa\""}"", ""{\""id\"": \""bldg_1dd0d26e-c164-4e24-883c-061c7ad1202d\""}"", ""{\""id\"": \""bldg_1dd34ce9-fde9-4302-af41-577da5a30114\""}"", ""{\""id\"": \""bldg_1e07e1a3-777e-471f-a39d-a03ec372f23f\""}"", ""{\""id\"": \""bldg_1e7d40c6-3d77-4cb9-8333-573f3713cc3e\""}"", ""{\""id\"": \""bldg_1e8389c7-212c-44c2-87fc-c0c15a2dc69a\""}"", ""{\""id\"": \""bldg_1e8f6f0f-a9c2-485d-b41f-79a42f1ac3de\""}"", ""{\""id\"": \""bldg_1ea41531-bb7c-4e21-806e-e0abe2fe9d77\""}"", ""{\""id\"": \""bldg_1ec934cb-8bd0-43d8-8d33-5b0a1078ec42\""}"", ""{\""id\"": \""bldg_1eeaafa6-fb0e-4971-9ba3-e8ea280ae398\""}"", ""{\""id\"": \""bldg_1eed294b-d7d6-4129-8a3e-2cfc9ce5ca1c\""}"", ""{\""id\"": \""bldg_1f0a2cb1-1573-43e4-b206-7b943f0b149d\""}"", ""{\""id\"": \""bldg_1f171e90-6127-4cc7-9617-4f1cdc20c421\""}"", ""{\""id\"": \""bldg_1f20ab65-9d0a-4332-a40f-fb41a2eeaf14\""}"", ""{\""id\"": \""bldg_1f56a6cf-70af-4589-8114-493c1cf2b287\""}"", ""{\""id\"": \""bldg_1f5fc98b-9278-4419-b8a0-decaef01b31d\""}"", ""{\""id\"": \""bldg_1f6df803-1cb0-4f68-ac27-edae43fa7e16\""}"", ""{\""id\"": \""bldg_1f8cf6bc-43e7-4f68-9b76-aff20f5f6449\""}"", ""{\""id\"": \""bldg_1f95987a-b0e6-46f5-8eaf-a395e2074672\""}"", ""{\""id\"": \""bldg_1fbe4289-c085-45b7-a67b-9ea8497f3ae0\""}"", ""{\""id\"": \""bldg_1fcf306e-2a0e-44da-8fde-4dde14009b58\""}"", ""{\""id\"": \""bldg_1fd16b7a-df16-4167-bb5e-866b9ca0b1f3\""}"", ""{\""id\"": \""bldg_1fe095ca-186e-41c1-a978-e9a22b322dd3\""}"", ""{\""id\"": \""bldg_1ff1888f-d54d-47bc-ab7b-31d837e3b978\""}"", ""{\""id\"": \""bldg_2003f953-d600-4ca9-839e-a6e09b9ae21e\""}"", ""{\""id\"": \""bldg_200dd475-ca05-4f5b-bc55-f953f038d261\""}"", ""{\""id\"": \""bldg_20385c21-f8a9-4248-8739-7972d518a0a2\""}"", ""{\""id\"": \""bldg_204777f7-be74-4c46-aa1f-0cd5543604b9\""}"", ""{\""id\"": \""bldg_205e2a6c-348d-4f8e-998e-f37e0d12f398\""}"", ""{\""id\"": \""bldg_206b0fcb-6ae9-46f0-a092-0c27fc10fe8b\""}"", ""{\""id\"": \""bldg_208967f6-80fc-4cd3-935d-76d5eee2fc68\""}"", ""{\""id\"": \""bldg_20a6348c-a7d4-4d9e-acff-1e6f8e9993be\""}"", ""{\""id\"": \""bldg_20b48bf1-e255-4c93-8a11-a471ca0e6dbf\""}"", ""{\""id\"": \""bldg_20eedf9d-a7fa-48b0-b68e-6f3c35af01b4\""}"", ""{\""id\"": \""bldg_212f4a8a-0831-4c76-b440-fd47760eebde\""}"", ""{\""id\"": \""bldg_21584176-2e04-47d8-816a-ad877747611c\""}"", ""{\""id\"": \""bldg_21b1f578-5f55-45b0-b836-5482558c2efd\""}"", ""{\""id\"": \""bldg_21c7f896-a284-4f0e-b4ff-6312fac6742d\""}"", ""{\""id\"": \""bldg_21cb8e52-8e73-4520-bb01-b5ec88ca6c54\""}"", ""{\""id\"": \""bldg_21cc20eb-e1ac-4bb9-89de-f67a8108f15f\""}"", ""{\""id\"": \""bldg_21d3dc96-4d25-4a4e-a8ca-a67716bd5ac0\""}"", ""{\""id\"": \""bldg_21d6c549-5d21-4d23-8cdd-aa32bfc884e4\""}"", ""{\""id\"": \""bldg_221b985a-ca78-403a-b602-63c88fa27610\""}"", ""{\""id\"": \""bldg_221efe0e-4375-48b4-adec-2235354595ab\""}"", ""{\""id\"": \""bldg_2232f9f6-0725-4086-97dd-ecadbdad3a2e\""}"", ""{\""id\"": \""bldg_228a3177-6b86-4a11-9ded-9c0173a974ce\""}"", ""{\""id\"": \""bldg_22a482d6-fa56-44a4-a111-50e90ad1147e\""}"", ""{\""id\"": \""bldg_22c322b1-b56e-43c2-b5e4-641f234e9d72\""}"", ""{\""id\"": \""bldg_22c4b5f2-9597-4816-ad7e-8984ee8f9cd4\""}"", ""{\""id\"": \""bldg_22c8f3bd-9f56-43ee-81ed-6a237b970aad\""}"", ""{\""id\"": \""bldg_22d12026-4995-4707-8d48-aa0a3482abf5\""}"", ""{\""id\"": \""bldg_2307633f-60cc-4315-8543-5df8995b37cf\""}"", ""{\""id\"": \""bldg_233670c4-93ec-4209-ac18-74f950525294\""}"", ""{\""id\"": \""bldg_235dfa21-d18c-4cce-9c56-e3014c95a0a1\""}"", ""{\""id\"": \""bldg_23663b78-1732-4800-a395-49c5bc708b10\""}"", ""{\""id\"": \""bldg_2366e880-bded-4666-a669-3082fd1c1246\""}"", ""{\""id\"": \""bldg_2398865b-2d53-4063-9530-a7a5a9c5f2b3\""}"", ""{\""id\"": \""bldg_23a38420-604c-40c6-aab3-6fdedf0017c3\""}"", ""{\""id\"": \""bldg_23af7783-4b72-42e1-85cc-29fa9f9ec333\""}"", ""{\""id\"": \""bldg_23b68c1f-2736-4bf8-934a-3f0b29c0963c\""}"", ""{\""id\"": \""bldg_23ecc0c5-6b35-4f7e-85c9-fcf496e3764e\""}"", ""{\""id\"": \""bldg_23f14d23-1d3a-40ad-bd55-9a377b8ccb4c\""}"", ""{\""id\"": \""bldg_23f1a051-a67a-4951-9e0c-079267978a46\""}"", ""{\""id\"": \""bldg_23fc4344-4701-43e2-9f6f-f0e90ec05a11\""}"", ""{\""id\"": \""bldg_2404872c-1077-4a39-8572-e12129c1772a\""}"", ""{\""id\"": \""bldg_241bc5a2-e461-484d-bbdf-12b277c79d67\""}"", ""{\""id\"": \""bldg_241da241-3c02-4a3e-9d78-953dc42b37a3\""}"", ""{\""id\"": \""bldg_24212294-cecd-4a22-b5ad-ccd360ec8766\""}"", ""{\""id\"": \""bldg_2441a6f3-4fcb-4d7a-91e2-8ee09019ae9d\""}"", ""{\""id\"": \""bldg_246296e6-3956-4214-867f-df15c90b9b42\""}"", ""{\""id\"": \""bldg_24661eca-751b-4ec6-a5fd-d61497c3cd3f\""}"", ""{\""id\"": \""bldg_2492f135-7379-4d28-8272-ec1130c63991\""}"", ""{\""id\"": \""bldg_24c4f4fc-e79e-4413-9aae-4348c5828051\""}"", ""{\""id\"": \""bldg_24ec53f2-cc1e-4124-a15b-649ffe8fa087\""}"", ""{\""id\"": \""bldg_252acd85-e5c9-48c4-ac8e-2e6896dc4d27\""}"", ""{\""id\"": \""bldg_254f792c-6244-401f-8ddc-f56c3621e831\""}"", ""{\""id\"": \""bldg_2557ea3f-d201-4298-98a7-ccc8c4db2b61\""}"", ""{\""id\"": \""bldg_25626a2d-8031-4d80-8f60-7c2131f389f0\""}"", ""{\""id\"": \""bldg_2584b846-a58e-48d1-924d-f3f7f5de2a58\""}"", ""{\""id\"": \""bldg_25859705-7cdd-4b60-8a84-e2795dd22742\""}"", ""{\""id\"": \""bldg_2594cd31-e07f-4641-8821-767e7f61ecb0\""}"", ""{\""id\"": \""bldg_25e4c9a8-419f-4710-b001-1ed5c5b48e51\""}"", ""{\""id\"": \""bldg_260134de-7c67-42f3-955d-fb02265431c0\""}"", ""{\""id\"": \""bldg_2603c91d-1f5b-4569-b36e-8337154dc070\""}"", ""{\""id\"": \""bldg_263b5861-a2ae-44a1-90c3-6d55815c9c35\""}"", ""{\""id\"": \""bldg_269d610d-dbe0-4020-94fa-f3681aec9e9b\""}"", ""{\""id\"": \""bldg_26a2384b-ff20-438f-b8e7-cea701ef6750\""}"", ""{\""id\"": \""bldg_26dea08e-5bca-40dd-a626-b690da12632c\""}"", ""{\""id\"": \""bldg_270c4fa0-574e-4780-a6d6-01624326ff9d\""}"", ""{\""id\"": \""bldg_2710c64a-cea1-4ef0-827e-fb253a19a76b\""}"", ""{\""id\"": \""bldg_271678e1-f2c0-44b5-b32e-37439e3fe096\""}"", ""{\""id\"": \""bldg_27343c35-2fc3-43d3-a813-79d595c39413\""}"", ""{\""id\"": \""bldg_27619d62-24f1-4b88-9bce-fc681760bdb7\""}"", ""{\""id\"": \""bldg_2764d977-07f9-46e7-8294-bf064b1fce7c\""}"", ""{\""id\"": \""bldg_276c6a7e-727b-492a-b83b-48b5cb2a1a3c\""}"", ""{\""id\"": \""bldg_2796a41c-0838-40fd-b454-5cc642006c47\""}"", ""{\""id\"": \""bldg_27bfc669-2ad9-4706-a44d-e11fd97ee7df\""}"", ""{\""id\"": \""bldg_27eeb872-c3c1-45da-a26f-dc2ccb86f3fe\""}"", ""{\""id\"": \""bldg_27f630ca-789b-426d-b4b5-3cd29e4db912\""}"", ""{\""id\"": \""bldg_281fc850-ea88-43e4-a152-786fb16219d4\""}"", ""{\""id\"": \""bldg_282814ae-8834-4b77-a097-5f1b03bb87f4\""}"", ""{\""id\"": \""bldg_2834a9fa-202c-415f-9f80-7c51e57218da\""}"", ""{\""id\"": \""bldg_2840b143-751f-4a81-beb6-992b462a7c04\""}"", ""{\""id\"": \""bldg_28561e43-91a7-450c-907b-f0f4efabc253\""}"", ""{\""id\"": \""bldg_28731c24-3910-49bc-99fa-295e6d302d1e\""}"", ""{\""id\"": \""bldg_28947be0-0716-4be5-b3a9-c5bad220f520\""}"", ""{\""id\"": \""bldg_28d3af27-227e-49c7-ac97-c66c95a3371c\""}"", ""{\""id\"": \""bldg_28db2cef-1286-4336-b7a5-1ccc43cba386\""}"", ""{\""id\"": \""bldg_28dc205f-4784-4bae-8c41-ad70699c061c\""}"", ""{\""id\"": \""bldg_28eb5953-0960-4426-a818-78df87bbbd12\""}"", ""{\""id\"": \""bldg_29080b6b-ec72-4ffd-8b67-254013976f36\""}"", ""{\""id\"": \""bldg_29350d7f-1c82-4c87-af6e-52a8feac8224\""}"", ""{\""id\"": \""bldg_2961daee-888d-41da-abee-3adf0402cea5\""}"", ""{\""id\"": \""bldg_29675bd4-a0c8-4a39-83a1-7c7f608aa217\""}"", ""{\""id\"": \""bldg_2969b088-a024-4cae-a421-a894b15d7a80\""}"", ""{\""id\"": \""bldg_296ac806-b48a-4853-8a07-eae02c99ed10\""}"", ""{\""id\"": \""bldg_296b631a-be45-40db-b1e7-07912f782cfb\""}"", ""{\""id\"": \""bldg_296c4f7d-a744-4d27-a995-df30120f6567\""}"", ""{\""id\"": \""bldg_29b3d3dc-e6d5-49ad-909e-54314471b152\""}"", ""{\""id\"": \""bldg_29d04464-3776-4753-a0c5-331e8322a262\""}"", ""{\""id\"": \""bldg_29f5a254-ec55-4bfc-958e-ff083f15d726\""}"", ""{\""id\"": \""bldg_2a43d807-c5e5-4c26-9eea-fe780f3d0c5b\""}"", ""{\""id\"": \""bldg_2a6e2da3-2e2c-42d0-883f-03b8bfc955cd\""}"", ""{\""id\"": \""bldg_2a854341-19cb-4069-8be6-5a88ea7e6680\""}"", ""{\""id\"": \""bldg_2a8f3733-5a19-4b8e-9035-7ec0c3488e03\""}"", ""{\""id\"": \""bldg_2a976753-0032-4a01-8082-c4135ab2bf7a\""}"", ""{\""id\"": \""bldg_2ac21789-1a58-413e-be31-ecfe75f86092\""}"", ""{\""id\"": \""bldg_2ad57e5f-e071-461f-97c8-f1fc1bbb7eca\""}"", ""{\""id\"": \""bldg_2b03ea11-f120-48c7-87fd-ff8e9dcfc4b3\""}"", ""{\""id\"": \""bldg_2b0f5fe5-969c-41c8-836a-ebf71588f181\""}"", ""{\""id\"": \""bldg_2b6ed720-2590-4afe-8415-2967023f4526\""}"", ""{\""id\"": \""bldg_2b746b6f-4adc-4676-9ce9-cccb40849b7c\""}"", ""{\""id\"": \""bldg_2ba7938f-c76b-450e-ab60-4123edfc8a0a\""}"", ""{\""id\"": \""bldg_2c19b09d-f97a-4b06-a915-2d15efbe37a1\""}"", ""{\""id\"": \""bldg_2c1aef91-e285-41fe-9663-42b8e757d33a\""}"", ""{\""id\"": \""bldg_2c5597d1-050d-4b3c-8011-7842d7b0ffb0\""}"", ""{\""id\"": \""bldg_2c5970a3-2350-43c8-8c24-b9a0db7c1945\""}"", ""{\""id\"": \""bldg_2c6007a0-9daa-4c01-b3df-86029db811ac\""}"", ""{\""id\"": \""bldg_2c6b3da4-3273-422c-be9f-0564f0648d3b\""}"", ""{\""id\"": \""bldg_2c7194ef-820e-41b3-ac44-19f9536af94f\""}"", ""{\""id\"": \""bldg_2c7c2818-1d5b-4543-85e2-339abd2d8151\""}"", ""{\""id\"": \""bldg_2c9f142d-a495-41ee-898d-ada2a0d1a945\""}"", ""{\""id\"": \""bldg_2ca922d9-f49d-48eb-b535-8b43b9c588d5\""}"", ""{\""id\"": \""bldg_2cd1322d-34f3-42e9-aac2-c2291438b8b4\""}"", ""{\""id\"": \""bldg_2cf97923-1f4d-495d-95c7-acad16f5d1b6\""}"", ""{\""id\"": \""bldg_2d47a3a4-fa5e-44e1-859a-072a034a426a\""}"", ""{\""id\"": \""bldg_2d4c5995-01f7-4b39-8278-1a790313bde9\""}"", ""{\""id\"": \""bldg_2d545260-34a2-4cfa-98c8-8bd69c2823eb\""}"", ""{\""id\"": \""bldg_2d627c37-2e98-4817-8bbf-47a0310a4279\""}"", ""{\""id\"": \""bldg_2d9723d3-2e00-4afa-93fe-c6e360ca692b\""}"", ""{\""id\"": \""bldg_2d9e545d-5a98-4e5c-9371-05c92a1a9055\""}"", ""{\""id\"": \""bldg_2da0f33b-2f35-4e4c-943c-827d5890f305\""}"", ""{\""id\"": \""bldg_2dd3e4d9-90b2-4d5d-b3b8-6bf7e0bc1ebc\""}"", ""{\""id\"": \""bldg_2df4d925-0db8-4b18-b0f6-7f0125fd881a\""}"", ""{\""id\"": \""bldg_2df70da8-0486-4db2-ba00-17fa1fca863d\""}"", ""{\""id\"": \""bldg_2e02ec1f-edf2-4c4f-8d37-5a0c63c91a53\""}"", ""{\""id\"": \""bldg_2e3c7077-b682-488a-b8dc-3fed9d626ce6\""}"", ""{\""id\"": \""bldg_2e45f3e4-55b8-419a-a039-416b341e7827\""}"", ""{\""id\"": \""bldg_2e64f30e-ec78-4f38-844c-cecd3a12fcfb\""}"", ""{\""id\"": \""bldg_2e752b4a-799b-4d24-8691-172f346e25f8\""}"", ""{\""id\"": \""bldg_2e8695b3-1e20-4054-8a98-e2bef701c163\""}"", ""{\""id\"": \""bldg_2e8985f9-59c1-4611-af05-d44629a5156d\""}"", ""{\""id\"": \""bldg_2e9a6db5-8cbd-4593-a66a-3c951b949329\""}"", ""{\""id\"": \""bldg_2ee3fe83-ff78-41b2-9c4b-09cc928301c3\""}"", ""{\""id\"": \""bldg_2f0f55ab-7001-47f0-b28c-6a2a6f0cf47e\""}"", ""{\""id\"": \""bldg_2f22d3bf-49ae-49c4-b2df-ce6159bc7042\""}"", ""{\""id\"": \""bldg_2f521d2c-556a-4d95-b6f7-d8db8891f451\""}"", ""{\""id\"": \""bldg_2f8cfaf8-b1a8-4c15-b93a-79334c6ad622\""}"", ""{\""id\"": \""bldg_2f977602-9785-4bf8-9d03-5e2c996c5080\""}"", ""{\""id\"": \""bldg_2fb62782-0040-4e2d-a05d-bb694d3dd7bb\""}"", ""{\""id\"": \""bldg_2fbb13b9-fbc0-4ec6-8a14-5f5f222c6caa\""}"", ""{\""id\"": \""bldg_2fce872b-4175-4232-ada4-13ae19635d3e\""}"", ""{\""id\"": \""bldg_2ff46259-8bd4-44ea-85af-de6ff7e2d2aa\""}"", ""{\""id\"": \""bldg_2ffea6cb-d9c7-4620-ba69-294fb7ffdddc\""}"", ""{\""id\"": \""bldg_3048a99c-595f-40c6-8115-edb79ca6a9dc\""}"", ""{\""id\"": \""bldg_3060885d-4cfe-42d4-ab5b-a4b55392beb4\""}"", ""{\""id\"": \""bldg_30678d00-11b9-42f3-ac88-877ae4fc603e\""}"", ""{\""id\"": \""bldg_306a9061-c2c0-4063-91d4-8aa12725e0b1\""}"", ""{\""id\"": \""bldg_3075d7bd-9a27-4c03-b002-d67ede1eefda\""}"", ""{\""id\"": \""bldg_3085aa3d-7a39-4a97-8804-b018e5841c79\""}"", ""{\""id\"": \""bldg_3095a7ee-35e8-4a43-9a62-42ff5dd271d2\""}"", ""{\""id\"": \""bldg_30973619-a639-4c9f-93ec-20e7baf68a81\""}"", ""{\""id\"": \""bldg_309ffcdd-beb2-4512-b393-6ca5a1090256\""}"", ""{\""id\"": \""bldg_30a4b95a-6e6e-41aa-b14f-3c542b2d6816\""}"", ""{\""id\"": \""bldg_31029c43-227a-4ec2-a3de-b958be5c44bf\""}"", ""{\""id\"": \""bldg_31050fac-8c96-4fc9-8749-195b904e12ea\""}"", ""{\""id\"": \""bldg_310e595e-27fa-44ea-a081-c6d3b2b34b2e\""}"", ""{\""id\"": \""bldg_311b1004-3392-4e26-9298-22a617ccbbad\""}"", ""{\""id\"": \""bldg_31201146-5f8c-4d94-b346-47317322869e\""}"", ""{\""id\"": \""bldg_3146e57d-edb7-48fc-83e4-f870876904dd\""}"", ""{\""id\"": \""bldg_31488be6-2afc-4d22-83c4-9cd4b44d1704\""}"", ""{\""id\"": \""bldg_3154487e-58e6-4f72-83d6-53f71023379c\""}"", ""{\""id\"": \""bldg_31812654-d52a-4bf3-bac5-207009caa101\""}"", ""{\""id\"": \""bldg_31959598-888b-4c27-83fd-a882fda5a655\""}"", ""{\""id\"": \""bldg_319a8b07-2274-4c5f-b587-ddcb02912555\""}"", ""{\""id\"": \""bldg_31b05e89-96d0-4189-9403-24173ff1dc2d\""}"", ""{\""id\"": \""bldg_31cdd50a-dfce-4b0e-954b-c385ae4d7071\""}"", ""{\""id\"": \""bldg_31e39718-9014-4573-bd1c-0372c9e677ea\""}"", ""{\""id\"": \""bldg_31f6c1c0-71fa-4da2-8840-8933c3b84dc5\""}"", ""{\""id\"": \""bldg_31fbdf07-b584-4a77-8d5b-8378255774df\""}"", ""{\""id\"": \""bldg_32220727-749a-40fa-8ecc-e768a3d710fd\""}"", ""{\""id\"": \""bldg_322ad781-f6b1-4f31-b0ad-ed40193484af\""}"", ""{\""id\"": \""bldg_3238bc80-b306-4b94-bae4-dcf81e6f8a19\""}"", ""{\""id\"": \""bldg_3264e093-1191-45ec-9684-99c8fc0ce4c3\""}"", ""{\""id\"": \""bldg_326a58ef-a038-4875-98a5-6fffa5e11082\""}"", ""{\""id\"": \""bldg_32759aa3-6724-4e84-8f0c-2ae1f828048e\""}"", ""{\""id\"": \""bldg_328f61b8-fb3e-4b4e-b5d6-ba1f6b695b56\""}"", ""{\""id\"": \""bldg_32af52bc-abe6-43d7-b049-1bf5e277a9e4\""}"", ""{\""id\"": \""bldg_32c954c4-94c5-4728-ae22-2afa56869596\""}"", ""{\""id\"": \""bldg_32d84879-b967-4485-a91f-09337eb64d38\""}"", ""{\""id\"": \""bldg_32f25986-bf23-4e6f-a4b6-99308a8dd695\""}"", ""{\""id\"": \""bldg_334153a0-78d7-4bcc-9861-30282dab2353\""}"", ""{\""id\"": \""bldg_334cf02f-2f89-47ee-874a-c85ba0058c2c\""}"", ""{\""id\"": \""bldg_3368ed19-7710-4184-b14c-d76beb7f19af\""}"", ""{\""id\"": \""bldg_339b3cc9-762a-4479-8a81-f5fbf45e27ec\""}"", ""{\""id\"": \""bldg_33be12e9-3508-4745-b1ef-97e0917a68c4\""}"", ""{\""id\"": \""bldg_33ce5412-e8b3-4a77-862d-b0f1ca2d40c1\""}"", ""{\""id\"": \""bldg_33d86860-2544-4e6f-a6c5-5422d26c476c\""}"", ""{\""id\"": \""bldg_33df7c17-a938-4181-be16-37559a348eaf\""}"", ""{\""id\"": \""bldg_33ec8205-ce22-4177-afe1-0b83d472b85e\""}"", ""{\""id\"": \""bldg_33f4ab18-bb8b-4780-8e5a-fb80af2b91a6\""}"", ""{\""id\"": \""bldg_3411c4c9-87ff-4131-b7af-13ef40178ddc\""}"", ""{\""id\"": \""bldg_3423f7fd-f833-4db0-9f40-b267330eaf30\""}"", ""{\""id\"": \""bldg_342c79aa-f94e-4897-a624-a3fadb12d742\""}"", ""{\""id\"": \""bldg_3436dcea-372f-48b5-a669-d9dde2b429df\""}"", ""{\""id\"": \""bldg_343d2b97-2bd2-492a-a1ef-58c5d0eed822\""}"", ""{\""id\"": \""bldg_34672d63-52c4-4a7c-b788-ff261f4df9c2\""}"", ""{\""id\"": \""bldg_346b2b69-d64e-4586-b4f8-9ec83631b872\""}"", ""{\""id\"": \""bldg_34b41aa5-5075-4044-a6ad-8cbd7bbedca7\""}"", ""{\""id\"": \""bldg_34e29c04-ed34-4d8d-b2e3-8a749f033254\""}"", ""{\""id\"": \""bldg_3508ee93-3401-46b7-80a5-f2b3a0a88e43\""}"", ""{\""id\"": \""bldg_35124468-2cae-42e1-b00a-efa2d893f8e3\""}"", ""{\""id\"": \""bldg_35338a34-1d26-4e38-b241-2ff1ec59ce3e\""}"", ""{\""id\"": \""bldg_3557d6b7-9f3b-482b-8196-f40e09129077\""}"", ""{\""id\"": \""bldg_355c2a7f-a4d1-4b2e-a219-1429c0072b92\""}"", ""{\""id\"": \""bldg_356e0e5c-4b9e-4733-ac4f-662f36282441\""}"", ""{\""id\"": \""bldg_35711ad9-77af-4894-9432-b26a88bc5ad7\""}"", ""{\""id\"": \""bldg_35846deb-545c-4e08-8071-c17d111cca37\""}"", ""{\""id\"": \""bldg_358773d3-6ecc-4274-88a3-91d45153ecd9\""}"", ""{\""id\"": \""bldg_359cb6af-3b01-4cba-8c2d-4fb0c5d400e3\""}"", ""{\""id\"": \""bldg_35ab7e74-4130-45a3-9c28-aee202fd82f4\""}"", ""{\""id\"": \""bldg_35bb1f3e-90d0-4b72-a192-bc1e81025fba\""}"", ""{\""id\"": \""bldg_35cd35a9-8ad8-4a3e-b395-f68e3ab69bec\""}"", ""{\""id\"": \""bldg_35d808ad-f64f-4da4-9ba3-c0f48333e9fd\""}"", ""{\""id\"": \""bldg_3621757e-d466-43e0-b452-806a647ee937\""}"", ""{\""id\"": \""bldg_36899fb6-231a-4556-8716-2123bc38cdd3\""}"", ""{\""id\"": \""bldg_36afec59-e257-4adf-b016-f9a9c9cfe090\""}"", ""{\""id\"": \""bldg_36c60d72-35c8-4f29-af30-54110e7dacf3\""}"", ""{\""id\"": \""bldg_36cdfcd6-0ae3-406c-86e8-243a5f192418\""}"", ""{\""id\"": \""bldg_36d2f65d-57ef-4af0-a183-e120328cdadc\""}"", ""{\""id\"": \""bldg_36d63e7a-d21d-4fe9-8403-38bf8e4c1500\""}"", ""{\""id\"": \""bldg_36eeee67-5115-4272-b966-7587876c3e4c\""}"", ""{\""id\"": \""bldg_36f9df4f-8294-4171-9bf4-a6c033dfdd48\""}"", ""{\""id\"": \""bldg_36f9f19a-804c-4940-aac9-42079a55809c\""}"", ""{\""id\"": \""bldg_36fb697f-ac3a-4b99-ad8b-ddf00fc21a67\""}"", ""{\""id\"": \""bldg_3744387d-e0c1-46d9-b970-284e3c8f72b6\""}"", ""{\""id\"": \""bldg_37c50c49-c36b-4de7-a404-306158543eb6\""}"", ""{\""id\"": \""bldg_3801d7b6-b6d1-410e-aae9-c833aa65cd3f\""}"", ""{\""id\"": \""bldg_380b4ce1-99eb-433e-b9a8-248f79b7b237\""}"", ""{\""id\"": \""bldg_381881c2-492e-4b0e-8c81-3371feb25b47\""}"", ""{\""id\"": \""bldg_386a50e0-e156-4358-8aab-499cc044425e\""}"", ""{\""id\"": \""bldg_38955771-7c64-4916-8cd0-b17808246a1c\""}"", ""{\""id\"": \""bldg_38e19161-6010-447c-b639-19cf6721d193\""}"", ""{\""id\"": \""bldg_39223331-7f3e-45e7-887d-843a52ca49b6\""}"", ""{\""id\"": \""bldg_393739dc-00dc-413f-a65e-37a4d64d4657\""}"", ""{\""id\"": \""bldg_39c475a4-d2c4-4e14-a16f-4eb1d19f1ee2\""}"", ""{\""id\"": \""bldg_39c9fc93-34e6-468b-acab-1a9acfd46a67\""}"", ""{\""id\"": \""bldg_39cd96bf-fad2-4ad6-8021-bfe9958b2176\""}"", ""{\""id\"": \""bldg_39dc47fa-6183-4945-b474-86cb9b679301\""}"", ""{\""id\"": \""bldg_39e378f5-7548-4bd8-85ff-3eef7d302867\""}"", ""{\""id\"": \""bldg_39fb0376-522f-4a29-a145-b217e8f8bad0\""}"", ""{\""id\"": \""bldg_3a336119-f19f-4f63-9061-b5147d2e34da\""}"", ""{\""id\"": \""bldg_3a5ab0d1-cba3-4051-bae0-931ba2cefe72\""}"", ""{\""id\"": \""bldg_3a5b8824-ed1b-44c9-8410-c3f539d9acd2\""}"", ""{\""id\"": \""bldg_3a5e7a7e-7071-4c05-8006-c8ab15a64a45\""}"", ""{\""id\"": \""bldg_3aaad5be-ccab-4534-b02b-699b6c032a0b\""}"", ""{\""id\"": \""bldg_3abc6305-e48f-4c40-8ff5-96dac9459ec1\""}"", ""{\""id\"": \""bldg_3aebe8b7-0e6a-4893-83a7-2b7d9b7c1851\""}"", ""{\""id\"": \""bldg_3b0869fe-856c-49a4-8b0b-b41cfd36c510\""}"", ""{\""id\"": \""bldg_3b0a90a3-34cd-46fb-b1d6-98e330950b66\""}"", ""{\""id\"": \""bldg_3b0b751b-9fbe-4576-9be2-a6cf7d3efaa0\""}"", ""{\""id\"": \""bldg_3b3f23e6-2d5e-4458-b7fb-e3ea7f48d91c\""}"", ""{\""id\"": \""bldg_3b3fd124-c9b5-4567-b9c6-2360ce49e991\""}"", ""{\""id\"": \""bldg_3b817098-839e-40c0-a4b4-b5ca9815499d\""}"", ""{\""id\"": \""bldg_3b8cf431-7c08-4dc4-b07f-7689a660c0bc\""}"", ""{\""id\"": \""bldg_3bd92d5f-e482-4001-a6a9-781c0005d7fd\""}"", ""{\""id\"": \""bldg_3bf05e42-3e16-4c13-aa5f-e0bd0d60a905\""}"", ""{\""id\"": \""bldg_3c1a9525-fe8d-4a43-8a7c-2e27aaa83f97\""}"", ""{\""id\"": \""bldg_3c34af19-5b5e-4edc-be24-e0484ad54968\""}"", ""{\""id\"": \""bldg_3c3f99ce-69d5-440b-8664-68d27bc1ea8d\""}"", ""{\""id\"": \""bldg_3c7de28d-9897-4d36-800d-dc5a0849c634\""}"", ""{\""id\"": \""bldg_3c9b25ce-a9e5-4aa9-9c78-92a7f7f8938d\""}"", ""{\""id\"": \""bldg_3ca69993-f50c-46c9-9c70-b4b7a0963b2d\""}"", ""{\""id\"": \""bldg_3ca8c2db-7be2-4940-824a-698ff83c1687\""}"", ""{\""id\"": \""bldg_3cb87c0d-6d69-45d7-ac4d-626c2884662a\""}"", ""{\""id\"": \""bldg_3cbb29cd-f2ce-45cd-9477-c4da0402072d\""}"", ""{\""id\"": \""bldg_3ce65d37-622e-4cb1-ad2b-d54a8ecc38ea\""}"", ""{\""id\"": \""bldg_3cfbac07-c846-4d59-a1e4-9277d87f3ef8\""}"", ""{\""id\"": \""bldg_3d01e1ab-c491-4c29-846e-40a56c0bdce3\""}"", ""{\""id\"": \""bldg_3d047188-7517-472b-8942-a6d800cd2a16\""}"", ""{\""id\"": \""bldg_3d2a6bc0-65c0-44b6-a612-78e32f0d0d97\""}"", ""{\""id\"": \""bldg_3d2cafde-17fb-4200-96e0-cc6a546e3ad9\""}"", ""{\""id\"": \""bldg_3d8379f9-025a-44de-9a58-cc42bb7a2565\""}"", ""{\""id\"": \""bldg_3db3d7c6-1261-4c8c-9538-d3f7dd500d21\""}"", ""{\""id\"": \""bldg_3dd28f07-89c5-41d4-991f-beb8add5bcec\""}"", ""{\""id\"": \""bldg_3ddffdfb-c68c-4c76-92c4-4d7e95bc5a66\""}"", ""{\""id\"": \""bldg_3e63ca83-67fd-4291-9d4d-742543785af5\""}"", ""{\""id\"": \""bldg_3e81637d-21e3-48ef-bb4f-3d17edcac91e\""}"", ""{\""id\"": \""bldg_3e9fb1c0-d67f-4dad-96de-25c746467b94\""}"", ""{\""id\"": \""bldg_3ead5036-a977-4f31-b570-13f181201abd\""}"", ""{\""id\"": \""bldg_3ec3d4a3-4416-43ee-929f-94d88000ba13\""}"", ""{\""id\"": \""bldg_3ed1a341-9057-49bd-8837-cf6f27666c2a\""}"", ""{\""id\"": \""bldg_3ee10252-13ce-4a0e-83ae-4fd2db8f823b\""}"", ""{\""id\"": \""bldg_3f17c2ed-8b5c-417a-b89b-fe9091e6d054\""}"", ""{\""id\"": \""bldg_3f2e275e-fb1e-429c-b42e-c66b835a16d7\""}"", ""{\""id\"": \""bldg_3f5e8a2c-d4be-467f-b97f-19c13a8bd556\""}"", ""{\""id\"": \""bldg_3f63a51b-e593-421a-aac5-84ddf2c7b364\""}"", ""{\""id\"": \""bldg_3f793fc7-d966-4757-adc1-fbd1fd33d253\""}"", ""{\""id\"": \""bldg_3fa1e454-4aa1-468f-88bc-11ebc96ff164\""}"", ""{\""id\"": \""bldg_3fc6ace3-e1ec-4cf6-af97-94291bd1fa33\""}"", ""{\""id\"": \""bldg_3fe109a1-935b-4ef7-bed2-d68df275f258\""}"", ""{\""id\"": \""bldg_3fede0cb-f328-46fd-92d4-8d7ffb2f21fa\""}"", ""{\""id\"": \""bldg_400a3fcf-6fd0-4bcd-b8c8-45b148e9a6a3\""}"", ""{\""id\"": \""bldg_401d558d-d3e0-4cac-a2c9-5b7318f79e6f\""}"", ""{\""id\"": \""bldg_403154cf-fe11-4514-8ea5-8e9f1d25cce5\""}"", ""{\""id\"": \""bldg_4064d68a-6fd3-467f-b362-3a285db26b2c\""}"", ""{\""id\"": \""bldg_4083498b-0a4c-48a8-98c1-95f562a11424\""}"", ""{\""id\"": \""bldg_40963097-0d59-454e-895c-e48489826f63\""}"", ""{\""id\"": \""bldg_40baf755-f2ac-4e57-b6d5-2a93911fede5\""}"", ""{\""id\"": \""bldg_40c15370-d9e4-48c1-8f1f-48911c5902d6\""}"", ""{\""id\"": \""bldg_40dbf2c4-5cc7-4ded-8951-7640ff94448d\""}"", ""{\""id\"": \""bldg_4120b133-a8bb-4b7a-8c46-36e15dd04980\""}"", ""{\""id\"": \""bldg_41245d3f-9932-458d-b733-6e96d83a4354\""}"", ""{\""id\"": \""bldg_41330a71-f3fa-4be9-ac7d-007aa59cd0bf\""}"", ""{\""id\"": \""bldg_4137b276-98bb-43a8-b0b4-ea3db6d4eb69\""}"", ""{\""id\"": \""bldg_413b51a7-4edb-4cd2-9c91-9ca9a9075ef1\""}"", ""{\""id\"": \""bldg_41590e9b-7914-4452-94a4-c842b64baa30\""}"", ""{\""id\"": \""bldg_4165d2fe-09f1-441f-ae64-d5379857124b\""}"", ""{\""id\"": \""bldg_418aabed-8b6c-4b25-ac90-7f95d9f12df3\""}"", ""{\""id\"": \""bldg_4190cb7a-62d8-457c-8147-430ea5827000\""}"", ""{\""id\"": \""bldg_41e21474-6197-4599-9aab-0f61a5108b0f\""}"", ""{\""id\"": \""bldg_420d3261-d6a0-4a49-9898-5adf89522bc8\""}"", ""{\""id\"": \""bldg_420e6b15-f994-44ed-b901-9c8e500b1410\""}"", ""{\""id\"": \""bldg_4210517b-c088-49ef-b538-dd805566b53b\""}"", ""{\""id\"": \""bldg_421218cc-11bc-4364-b1eb-7755571a2a46\""}"", ""{\""id\"": \""bldg_4213ca85-eb5a-45ea-842a-4192d4f9c75b\""}"", ""{\""id\"": \""bldg_423703c2-88c9-4b09-9135-3d2ed73f47e1\""}"", ""{\""id\"": \""bldg_425617b6-246a-43b1-9676-1efa396ff55a\""}"", ""{\""id\"": \""bldg_42b80e87-89ed-4566-b80a-477948bb51f1\""}"", ""{\""id\"": \""bldg_42de4121-432a-456e-a684-eab2e98efe56\""}"", ""{\""id\"": \""bldg_42e47110-d62f-4607-9976-06f83856f3dc\""}"", ""{\""id\"": \""bldg_431b0a01-1ccd-46a6-8f64-fee0cdf77046\""}"", ""{\""id\"": \""bldg_433893f5-3307-4e11-b030-986d55fe7cf3\""}"", ""{\""id\"": \""bldg_4348a29e-73b8-4ffd-97e4-88af7a0bfcec\""}"", ""{\""id\"": \""bldg_435a2ce3-1e6c-4e37-ae89-2e7a8018b4b3\""}"", ""{\""id\"": \""bldg_4372dba8-41a8-45df-b4d8-568497f14b3f\""}"", ""{\""id\"": \""bldg_437fe096-61ef-46ac-a8f6-8d310ba45fa9\""}"", ""{\""id\"": \""bldg_4399cf97-f0a9-494d-944d-fc52ebfd7df2\""}"", ""{\""id\"": \""bldg_43b58119-f26b-443e-a767-b6c411ec32c0\""}"", ""{\""id\"": \""bldg_43c0d876-00b9-41e3-8f35-881be7b504a8\""}"", ""{\""id\"": \""bldg_43e28a59-c770-44b9-afad-f76bbc5027d9\""}"", ""{\""id\"": \""bldg_44141414-9e4e-4034-b5c8-9ee99fc41183\""}"", ""{\""id\"": \""bldg_4423797f-e3bb-4b99-b965-ad4986eb32ee\""}"", ""{\""id\"": \""bldg_4427aba2-b990-4e35-aa43-d01e9c8983fa\""}"", ""{\""id\"": \""bldg_445a31f9-eebd-4f62-9520-af8b6a815731\""}"", ""{\""id\"": \""bldg_445c57cc-b991-42c7-8e95-5210bad45200\""}"", ""{\""id\"": \""bldg_4481d8d0-ce49-4602-abec-0d669c66b56f\""}"", ""{\""id\"": \""bldg_44b3acd3-2e9d-4345-88a5-683e6199c8c5\""}"", ""{\""id\"": \""bldg_44bdf6fb-f570-4ab9-b80d-79472e39218b\""}"", ""{\""id\"": \""bldg_44c8691f-c563-4db9-9ede-aab38917b6d3\""}"", ""{\""id\"": \""bldg_44cdd152-3bde-43bc-92ed-b2b9a0e495af\""}"", ""{\""id\"": \""bldg_4501e402-0ec4-4475-9de6-e562567eab5e\""}"", ""{\""id\"": \""bldg_452271a9-6753-461a-9303-fe2ee02d17fb\""}"", ""{\""id\"": \""bldg_45367f3d-c668-47cb-bde9-8a28c1fe8a20\""}"", ""{\""id\"": \""bldg_4555ad1b-e296-4646-ae84-02d01c913c78\""}"", ""{\""id\"": \""bldg_456a2af0-1fd4-487c-9df9-61695cf5c278\""}"", ""{\""id\"": \""bldg_45723a13-7468-44e0-9822-45ab741c8a4e\""}"", ""{\""id\"": \""bldg_458cb7bb-4a26-46ba-885a-94b7fc50ddc3\""}"", ""{\""id\"": \""bldg_459291e4-4911-414e-8ec8-e0e969093465\""}"", ""{\""id\"": \""bldg_459342e5-fe6e-48cd-bb3f-20e8cac50bb3\""}"", ""{\""id\"": \""bldg_460f2b89-bbf1-4d29-8e31-240d92242229\""}"", ""{\""id\"": \""bldg_464592bd-69e8-4b91-a1eb-847713cf3768\""}"", ""{\""id\"": \""bldg_467ad126-7f8e-41ba-8a56-8ab85d74e32f\""}"", ""{\""id\"": \""bldg_467b3968-bb73-46f5-8b83-b13ec20797f0\""}"", ""{\""id\"": \""bldg_4680570d-479b-4170-9b60-252ab1fead8a\""}"", ""{\""id\"": \""bldg_46c95ad0-3756-436c-933f-605e99106595\""}"", ""{\""id\"": \""bldg_46d1f1fd-8cfa-4b3b-ade5-bf486ec04d9c\""}"", ""{\""id\"": \""bldg_470b2b63-fdda-43fb-9628-cde96a547ed6\""}"", ""{\""id\"": \""bldg_470b9801-483f-4911-9153-c48b4082d4b5\""}"", ""{\""id\"": \""bldg_471d89d1-9920-4849-be0a-a6e8d245cfee\""}"", ""{\""id\"": \""bldg_471e1c8d-9a49-4d73-8752-3d3a052ba784\""}"", ""{\""id\"": \""bldg_472a67a3-10da-4d38-be7c-e79d02e35f60\""}"", ""{\""id\"": \""bldg_475a0e3d-7aaf-4695-8001-1989f666e0a0\""}"", ""{\""id\"": \""bldg_476e76a1-01a8-48f0-8f49-62fb854d3e69\""}"", ""{\""id\"": \""bldg_478213e0-5350-4165-b961-cd6912b10d69\""}"", ""{\""id\"": \""bldg_478347aa-6e88-49e0-b523-f72b26ec548b\""}"", ""{\""id\"": \""bldg_47b40ddd-834e-4ddb-acd5-2154746bb514\""}"", ""{\""id\"": \""bldg_47bb7412-5e2c-437b-9d7b-f919c3c87d26\""}"", ""{\""id\"": \""bldg_47c4f628-6d0b-4e73-bee9-4d2af7064104\""}"", ""{\""id\"": \""bldg_47c5bc42-9325-4710-9c48-180f1b169860\""}"", ""{\""id\"": \""bldg_47cf4a2f-be8d-45e8-a8c9-f448d268a673\""}"", ""{\""id\"": \""bldg_47d205be-e68c-4950-9327-944b81f2dfca\""}"", ""{\""id\"": \""bldg_47d2f42f-7bf6-442e-9c30-290aeebf585b\""}"", ""{\""id\"": \""bldg_47eeaddf-02ab-43cf-bde5-67413bbf1ff7\""}"", ""{\""id\"": \""bldg_480511cf-951b-4a19-89a8-7104011f4ced\""}"", ""{\""id\"": \""bldg_480bf6ac-d793-4fbb-b895-9368bf484a41\""}"", ""{\""id\"": \""bldg_4813f670-4259-4be6-9593-49f74bab4b85\""}"", ""{\""id\"": \""bldg_481f7e6c-8e31-4336-a75a-57257ac0e023\""}"", ""{\""id\"": \""bldg_483ef467-aabe-404f-a9dc-d0a461f135a0\""}"", ""{\""id\"": \""bldg_484ba964-bfd1-4d9f-9849-052fb8b967e4\""}"", ""{\""id\"": \""bldg_48a9348c-1c78-4591-9ae8-60fb91696012\""}"", ""{\""id\"": \""bldg_48bf142d-f86d-49c5-9b57-2a408a093029\""}"", ""{\""id\"": \""bldg_48bf8a19-14be-48a0-ae55-c6e9a1e743d8\""}"", ""{\""id\"": \""bldg_48c6b47b-774a-4ef0-811f-b0f2655fc1e9\""}"", ""{\""id\"": \""bldg_49092f48-8aec-4717-9708-05ae0c89e6a6\""}"", ""{\""id\"": \""bldg_491149f5-b883-4628-8fea-035eff204e8d\""}"", ""{\""id\"": \""bldg_4918b8c7-13b5-4dd1-8da3-881a83876078\""}"", ""{\""id\"": \""bldg_492d78b6-b790-4bc7-a2f7-a77536eea3f5\""}"", ""{\""id\"": \""bldg_493030f6-86cf-4849-9eec-8b91bfba424f\""}"", ""{\""id\"": \""bldg_4963578a-27b5-4179-95a4-e99b7ae8056e\""}"", ""{\""id\"": \""bldg_4966536e-dfbd-41f3-9d1e-0745ef18f64d\""}"", ""{\""id\"": \""bldg_496812d7-9429-4a8e-9c67-8153a2e0d57a\""}"", ""{\""id\"": \""bldg_49b07fe2-b630-437b-ab72-71448f66fef6\""}"", ""{\""id\"": \""bldg_49dd06aa-4afc-4b5f-a8bd-0034d7b38e74\""}"", ""{\""id\"": \""bldg_49f03afe-c6b9-45c3-aaa8-17ae39f3023a\""}"", ""{\""id\"": \""bldg_4a32ac92-f1f1-4293-aa7d-66a14d54b3d3\""}"", ""{\""id\"": \""bldg_4a34091d-1236-4567-acdf-e17e73f23c04\""}"", ""{\""id\"": \""bldg_4a37dd94-c4cb-4063-bc4b-92ba44f8cc1d\""}"", ""{\""id\"": \""bldg_4a67ddd5-6a4f-442f-8b47-164586fc1fd9\""}"", ""{\""id\"": \""bldg_4a730b98-6eea-431c-9e97-e145233cfc61\""}"", ""{\""id\"": \""bldg_4aa0d533-bab3-42c2-adb6-5025bc988764\""}"", ""{\""id\"": \""bldg_4aa806f5-5a76-46ac-987a-1c492670ece8\""}"", ""{\""id\"": \""bldg_4afabd9e-3e8f-41f2-85c2-c0a3b0b0efe1\""}"", ""{\""id\"": \""bldg_4b088681-7ca0-48bb-90d6-6b7142324063\""}"", ""{\""id\"": \""bldg_4b1eef3d-a47f-4ccf-82aa-0c59fcf333b6\""}"", ""{\""id\"": \""bldg_4b2f254a-f45a-4f39-bc60-891d3af8b133\""}"", ""{\""id\"": \""bldg_4b3ee63f-e27c-48bf-ab49-167793f52478\""}"", ""{\""id\"": \""bldg_4b83a42d-7376-4264-994a-c15cc2f30fc0\""}"", ""{\""id\"": \""bldg_4b850cf8-123d-4025-a368-8be060ff28e2\""}"", ""{\""id\"": \""bldg_4b89825e-a50a-4b92-b1f3-24b827d6fb6c\""}"", ""{\""id\"": \""bldg_4b8fd4e2-d806-48e3-8acb-62d18bad5ef6\""}"", ""{\""id\"": \""bldg_4b991640-e256-4891-915b-54e26b3cd1b9\""}"", ""{\""id\"": \""bldg_4bb28317-7c20-4cb9-aa59-8528b0e34223\""}"", ""{\""id\"": \""bldg_4bbbf8f2-51f0-428f-85d8-89debc04748f\""}"", ""{\""id\"": \""bldg_4bc3a3a3-3c99-4df0-88ff-4780b86952cd\""}"", ""{\""id\"": \""bldg_4be3d629-bc6e-45be-900e-8a0efe3c930a\""}"", ""{\""id\"": \""bldg_4bfbe9d6-bd47-4a04-83aa-93c0b1d66cd7\""}"", ""{\""id\"": \""bldg_4c0a8ffc-4df9-4747-b3e0-e349dd23f4b3\""}"", ""{\""id\"": \""bldg_4c397381-6b9e-4d55-a49c-9640e716578c\""}"", ""{\""id\"": \""bldg_4c78bffd-1605-4c45-9b53-5d43640b9ee7\""}"", ""{\""id\"": \""bldg_4c7c02b7-11a9-44c9-9c6a-f4625b104ce4\""}"", ""{\""id\"": \""bldg_4c8aab30-5cfb-4573-bbe8-354848a32110\""}"", ""{\""id\"": \""bldg_4c9e9d71-0694-4374-a5d4-4aa1a69c820e\""}"", ""{\""id\"": \""bldg_4cde12f1-ed45-49f0-8c62-48427cd71c94\""}"", ""{\""id\"": \""bldg_4cececd7-8afa-402d-96f7-4f2bdcb17128\""}"", ""{\""id\"": \""bldg_4d1765ab-affd-4fb3-a510-09577d2b8e67\""}"", ""{\""id\"": \""bldg_4d2236c7-7642-4afc-a2db-cb67001e3bce\""}"", ""{\""id\"": \""bldg_4d286e16-932f-4cc6-a5d9-e36cf5e62418\""}"", ""{\""id\"": \""bldg_4d589387-3317-4beb-b930-7c9d06fb96a5\""}"", ""{\""id\"": \""bldg_4d693934-95c7-4897-bd33-c472f0ce6ad3\""}"", ""{\""id\"": \""bldg_4d8a4d12-388c-431a-bf92-8fa2438d0530\""}"", ""{\""id\"": \""bldg_4d9e41f1-6843-4ef6-91ac-87b2c333aabd\""}"", ""{\""id\"": \""bldg_4daf39e6-317f-4ce8-a0a3-1a0984c63f0c\""}"", ""{\""id\"": \""bldg_4db13291-90ff-4136-ad9b-11fde28078e1\""}"", ""{\""id\"": \""bldg_4def80f3-9070-44cc-ab32-1b57078e5102\""}"", ""{\""id\"": \""bldg_4dff5871-1daa-4c18-987d-0d1cb868965b\""}"", ""{\""id\"": \""bldg_4e4150f8-d3e3-4cea-a9d6-4f4b8dafa565\""}"", ""{\""id\"": \""bldg_4e646d11-f504-47ec-85ab-43aa576e150a\""}"", ""{\""id\"": \""bldg_4e6b8f68-fa0d-469e-8224-2a1f41683543\""}"", ""{\""id\"": \""bldg_4e8e1c40-6200-4c05-8a81-2671664d90b1\""}"", ""{\""id\"": \""bldg_4ea871d2-445e-48d1-9974-d1287e56f5e9\""}"", ""{\""id\"": \""bldg_4eaeb7c2-10d8-4db8-ac20-a2bb46d6b544\""}"", ""{\""id\"": \""bldg_4eb0bbb2-73a5-4b09-b9a4-5ae55a69db05\""}"", ""{\""id\"": \""bldg_4eede94f-2ac7-4486-913c-7ea587aabb89\""}"", ""{\""id\"": \""bldg_4efa49cf-0702-40e4-b36a-91fe9c020629\""}"", ""{\""id\"": \""bldg_4f00770b-e809-4a03-a2d2-efaf2f9d1cf6\""}"", ""{\""id\"": \""bldg_4f0d8db5-9003-4bc2-8246-9b423f5eb552\""}"", ""{\""id\"": \""bldg_4f1de20b-d4ec-4ab9-a7c0-2ccbeb629266\""}"", ""{\""id\"": \""bldg_4f1e6346-bf05-4b97-9154-4211db2a735c\""}"", ""{\""id\"": \""bldg_4f36bfea-3f79-4d96-b07d-f3af15badbd2\""}"", ""{\""id\"": \""bldg_4f3bc157-e8d6-4cb1-99d2-2155226ee230\""}"", ""{\""id\"": \""bldg_4f5dce70-86e5-4ff5-812f-c6a59ecc7453\""}"", ""{\""id\"": \""bldg_4f68f796-e013-413a-b1c0-68d8f22161da\""}"", ""{\""id\"": \""bldg_4f6ac1bd-fb3e-4a59-a943-cbfc01914c0a\""}"", ""{\""id\"": \""bldg_4f74947c-76c7-4e41-90a1-cd0427ca4f22\""}"", ""{\""id\"": \""bldg_500997b7-dfea-42da-8ed9-f9141d3a2568\""}"", ""{\""id\"": \""bldg_5010bf5a-a893-4d38-9ad6-6444b06b4f00\""}"", ""{\""id\"": \""bldg_501bbbc0-203b-4175-bdc9-ba0e50755ef6\""}"", ""{\""id\"": \""bldg_50297b7d-db67-464e-a0ba-7e44b5990863\""}"", ""{\""id\"": \""bldg_50395a50-639c-4196-8e87-4d2474b1f733\""}"", ""{\""id\"": \""bldg_50572125-1bcc-4ff0-8442-9eefda30510e\""}"", ""{\""id\"": \""bldg_50593f8e-7bae-4222-a477-3d9c34d5eba9\""}"", ""{\""id\"": \""bldg_506c0e1f-6ae2-4dbc-bb21-6093d1b45dde\""}"", ""{\""id\"": \""bldg_508da1bb-c0a6-4d68-a131-8273e4f244a5\""}"", ""{\""id\"": \""bldg_50d2426c-9e11-4f10-af69-5bffdbbbc71e\""}"", ""{\""id\"": \""bldg_50e985e8-95f2-4830-aa19-5d4c60feba2b\""}"", ""{\""id\"": \""bldg_51017b57-8a8f-49ad-b522-dcccb29824df\""}"", ""{\""id\"": \""bldg_510b4106-ce1c-4af5-b1cb-3da3be3e0a15\""}"", ""{\""id\"": \""bldg_511cae06-7e98-4332-a45d-9b349f84c60f\""}"", ""{\""id\"": \""bldg_512c8691-3e42-4d88-9c8f-1bc99342382f\""}"", ""{\""id\"": \""bldg_514035de-061a-4a67-98ad-d6ce5700cd34\""}"", ""{\""id\"": \""bldg_5147305e-e3fd-4b0a-9e31-ae99e3ad2c68\""}"", ""{\""id\"": \""bldg_514a676f-ee80-4aa9-84c4-0bbf96b184ea\""}"", ""{\""id\"": \""bldg_5173c336-1491-4d7f-b7db-e8816611e8d1\""}"", ""{\""id\"": \""bldg_51a0b905-54de-4a24-9087-3344482a2084\""}"", ""{\""id\"": \""bldg_51a81643-45ae-43c1-ba57-9a1398b1f2c5\""}"", ""{\""id\"": \""bldg_51dd7895-0e2f-4751-8af0-aec648592359\""}"", ""{\""id\"": \""bldg_51ed8aed-8bfc-4699-88d0-9e62cbe8a49c\""}"", ""{\""id\"": \""bldg_521dbd8d-b51e-4db2-bcda-28f108d5fdea\""}"", ""{\""id\"": \""bldg_521e1abf-f26d-47fa-93dc-e4afc3d7d8a4\""}"", ""{\""id\"": \""bldg_522e0669-9a5c-4596-85b2-9b961d083624\""}"", ""{\""id\"": \""bldg_525681cd-a10e-4142-a371-d7afd7e74220\""}"", ""{\""id\"": \""bldg_527017c9-7b6e-46f2-a568-4aeb64da4808\""}"", ""{\""id\"": \""bldg_52a296db-ca9e-4204-a47d-3ba6b6880072\""}"", ""{\""id\"": \""bldg_52a450f9-cfa3-4855-99a3-82f7cbac3fbf\""}"", ""{\""id\"": \""bldg_52a71790-a669-4f8f-b527-33b9bd338f00\""}"", ""{\""id\"": \""bldg_52b4f752-58f7-42b9-ae0d-339c1a9ac133\""}"", ""{\""id\"": \""bldg_52bbd5c2-d763-4bd8-99ff-23bfcccea740\""}"", ""{\""id\"": \""bldg_52e58df1-98f0-4d2e-a943-c936882cfe7e\""}"", ""{\""id\"": \""bldg_53359dbc-19ad-4786-8f4f-b6039066ceb9\""}"", ""{\""id\"": \""bldg_534c828c-82c5-4f6b-9533-e32654216b9a\""}"", ""{\""id\"": \""bldg_5352a869-d7b0-4e01-a165-eca85e02b996\""}"", ""{\""id\"": \""bldg_53655c61-98db-42eb-83b6-00ca5d25402b\""}"", ""{\""id\"": \""bldg_53c749fa-6a67-45f0-997b-fb303613338e\""}"", ""{\""id\"": \""bldg_53cd9ff8-1db6-4fd9-861f-4472c25200f0\""}"", ""{\""id\"": \""bldg_53e2987f-275c-495f-960d-c77a53cbcf67\""}"", ""{\""id\"": \""bldg_547afb65-a2bd-4c4f-b0f9-93feea1446fa\""}"", ""{\""id\"": \""bldg_54824fe7-2427-4c3c-9948-0cc1a24cfb6d\""}"", ""{\""id\"": \""bldg_5488b7d4-371b-4627-864a-649e2bf5fc86\""}"", ""{\""id\"": \""bldg_5491997f-7d90-43de-9bd9-568aef275728\""}"", ""{\""id\"": \""bldg_54b296d2-af2a-478f-9f2d-fdd6f895665a\""}"", ""{\""id\"": \""bldg_54b9313a-1835-4375-bd17-5ccd2b97d707\""}"", ""{\""id\"": \""bldg_54c25e72-7dcc-4919-9442-a6e7e606b6bf\""}"", ""{\""id\"": \""bldg_54c2cbeb-9a09-440b-a2ac-435f48935cff\""}"", ""{\""id\"": \""bldg_550d60d6-955a-4121-9ee0-5e113b78a04a\""}"", ""{\""id\"": \""bldg_5512ea1a-eeb3-469f-b64b-aa245e17347c\""}"", ""{\""id\"": \""bldg_55317417-c37c-400b-9351-a05772a39c77\""}"", ""{\""id\"": \""bldg_558eb487-4c01-4da4-ba0a-015d941bb277\""}"", ""{\""id\"": \""bldg_55a67678-a816-458f-8880-24e0d1c19f5e\""}"", ""{\""id\"": \""bldg_55af4794-7383-41d0-a923-56f729f32966\""}"", ""{\""id\"": \""bldg_55d64323-d4af-409a-909b-234d4b5db395\""}"", ""{\""id\"": \""bldg_55f9bf2a-c553-4b57-93f0-3a7908821ebd\""}"", ""{\""id\"": \""bldg_56128dcb-67ff-4786-afd4-7019de8fed14\""}"", ""{\""id\"": \""bldg_561c708a-dc18-4365-923a-46df9378144d\""}"", ""{\""id\"": \""bldg_565b0ba6-27e0-4f55-9618-e2606e4cecae\""}"", ""{\""id\"": \""bldg_56749e06-4872-4137-ba0f-d8bfaf3e6cae\""}"", ""{\""id\"": \""bldg_567e7f06-754f-460b-90ac-9f4d5e9f01f8\""}"", ""{\""id\"": \""bldg_56986093-3ed6-41b5-9a5e-867af7691734\""}"", ""{\""id\"": \""bldg_569aeeb1-7a3b-47da-a02e-d74414541833\""}"", ""{\""id\"": \""bldg_56a3d7f1-04a4-46b8-bdd4-aa37ee2c981a\""}"", ""{\""id\"": \""bldg_56a4ad3b-adce-4474-a0d8-001b95694880\""}"", ""{\""id\"": \""bldg_56a4b84a-6c66-4fa6-9abc-10a5a6eb4f55\""}"", ""{\""id\"": \""bldg_56bbd751-8890-48c8-b22f-27aa9cb38ee1\""}"", ""{\""id\"": \""bldg_56d42e1a-fa8e-4889-92a8-8425e6a7e36c\""}"", ""{\""id\"": \""bldg_56de3bec-5226-44dc-824d-83f7f433f242\""}"", ""{\""id\"": \""bldg_56ea58a9-d4f8-46ea-b3b6-1fc1b227648a\""}"", ""{\""id\"": \""bldg_57059a53-440b-43d3-bbe6-c22eb6c66f04\""}"", ""{\""id\"": \""bldg_57331bd0-9b04-4bc3-9d26-c1dc58fd76c2\""}"", ""{\""id\"": \""bldg_57635cd9-5eda-4f39-848a-f3d1e05f13ac\""}"", ""{\""id\"": \""bldg_576b58d4-12cd-4e5f-86cf-cf0c23949cdc\""}"", ""{\""id\"": \""bldg_5788dd0f-1666-4384-adb6-0a1a2ad73a17\""}"", ""{\""id\"": \""bldg_57b9f930-5064-48dc-9897-f1f23d1acb28\""}"", ""{\""id\"": \""bldg_57d3468f-522e-4f49-b15f-dba08e464f5a\""}"", ""{\""id\"": \""bldg_57f12674-8be2-414c-81fa-cd0f68e4a5f1\""}"", ""{\""id\"": \""bldg_5808f0b0-ac69-4782-99ce-da64e720a9d7\""}"", ""{\""id\"": \""bldg_580e9b4c-4ab1-4bae-b676-39976c34d519\""}"", ""{\""id\"": \""bldg_58149244-5d5e-43ce-bf52-bdf91dadc3f9\""}"", ""{\""id\"": \""bldg_5870c829-b22c-4007-b1de-6e69e5be1149\""}"", ""{\""id\"": \""bldg_587d1e8a-3a54-441f-ab73-d621e127d817\""}"", ""{\""id\"": \""bldg_5886c9d1-bf34-477f-9921-d7f943a8e246\""}"", ""{\""id\"": \""bldg_58952d38-f3df-4ef5-a9c8-380379cab9e1\""}"", ""{\""id\"": \""bldg_58958402-e850-4dcd-9d36-b94755057923\""}"", ""{\""id\"": \""bldg_589c6eb3-4e23-413b-9ff0-6187363d4794\""}"", ""{\""id\"": \""bldg_58a03721-269c-456f-affa-eaf78f700efb\""}"", ""{\""id\"": \""bldg_58aecfdf-05b6-4717-ba06-a07c080df9a4\""}"", ""{\""id\"": \""bldg_58c553c6-a8c5-44c6-9928-6766d1b29d94\""}"", ""{\""id\"": \""bldg_58cc9a3f-93bd-4e4e-8e9a-449e115e2ace\""}"", ""{\""id\"": \""bldg_5914c7c4-8c2f-42a9-9ef7-709551ccc3ad\""}"", ""{\""id\"": \""bldg_5930285e-addb-42f7-9092-32b438b084a8\""}"", ""{\""id\"": \""bldg_594c5c13-1227-401d-afda-dc3cc6eca25c\""}"", ""{\""id\"": \""bldg_59539dbe-8492-4569-bf85-a743ddae1c44\""}"", ""{\""id\"": \""bldg_598363fa-f282-4839-bf78-bc371746021d\""}"", ""{\""id\"": \""bldg_598734e4-ef64-4cd4-9340-b9a499b637ac\""}"", ""{\""id\"": \""bldg_5997b421-3914-454f-a8cb-917fb74a9a41\""}"", ""{\""id\"": \""bldg_599cbcfe-ab27-4c56-b552-7e15cbb6d31c\""}"", ""{\""id\"": \""bldg_59ab2c8e-6a88-49e1-b66d-bf51ac5456ef\""}"", ""{\""id\"": \""bldg_5a12ebcc-6907-4aa5-a634-0e0872facab7\""}"", ""{\""id\"": \""bldg_5a422221-317c-4ae3-bc2c-4ad234c1ab2c\""}"", ""{\""id\"": \""bldg_5a48aa12-dc02-497b-b987-56871b0b6047\""}"", ""{\""id\"": \""bldg_5a86b854-5fec-42a1-9c94-25b0cb18369b\""}"", ""{\""id\"": \""bldg_5a87677c-c69e-4abf-82c8-fde9b2316d3c\""}"", ""{\""id\"": \""bldg_5a8f4493-002b-43dc-9449-93ebd38ad855\""}"", ""{\""id\"": \""bldg_5a998fe3-47e5-424e-b3ee-ca6ec2518941\""}"", ""{\""id\"": \""bldg_5a99d3f8-7f32-4f18-82c6-b667611bed42\""}"", ""{\""id\"": \""bldg_5a9c9505-554f-47f4-8299-d82f0495b67a\""}"", ""{\""id\"": \""bldg_5adcb5f9-56ac-4c18-8ef9-e272d51a8426\""}"", ""{\""id\"": \""bldg_5b04a57b-5c29-4df7-86d7-9f5507758ae0\""}"", ""{\""id\"": \""bldg_5b06dde5-ec6d-4168-938a-6c3c7bb83cca\""}"", ""{\""id\"": \""bldg_5b133a34-57dd-4f9e-b75c-e473886b15f4\""}"", ""{\""id\"": \""bldg_5b58a1e0-ca2b-4932-bc25-054eb6690699\""}"", ""{\""id\"": \""bldg_5b5baea8-a59a-4206-9648-c3e0e331e0f6\""}"", ""{\""id\"": \""bldg_5b677ed0-939c-4896-92c9-ce7a4b3dc078\""}"", ""{\""id\"": \""bldg_5b7c668f-c90f-460a-af6e-97dd5bf56091\""}"", ""{\""id\"": \""bldg_5b7cf4cd-fe90-4d3a-b786-c79be9c8349d\""}"", ""{\""id\"": \""bldg_5b8f58cb-f252-4eaf-8a5b-d9a5e8b9a8b2\""}"", ""{\""id\"": \""bldg_5b8fab83-1d1f-494c-ac97-569eb4e75f8b\""}"", ""{\""id\"": \""bldg_5bad34bf-b173-439c-a5cd-ff17b9b15813\""}"", ""{\""id\"": \""bldg_5bd45995-5ccd-4597-9da2-fb02fb2a38c8\""}"", ""{\""id\"": \""bldg_5be106d2-72aa-4e72-99e8-12a53db9e547\""}"", ""{\""id\"": \""bldg_5be953ec-4b6e-48b2-a269-f9dcdd8fe02a\""}"", ""{\""id\"": \""bldg_5c0d3c2d-4b89-4dd1-b521-274c95583a61\""}"", ""{\""id\"": \""bldg_5c1c1268-298d-41ad-b7a3-587a40d656fb\""}"", ""{\""id\"": \""bldg_5c4e9de2-815d-4e5e-9c83-79aa40adb971\""}"", ""{\""id\"": \""bldg_5c601693-febe-48b5-9c76-3c19213ac073\""}"", ""{\""id\"": \""bldg_5c883f30-2b7a-49a3-8d1b-42303de97e63\""}"", ""{\""id\"": \""bldg_5c97bc25-d827-446c-96fd-c4159521ded2\""}"", ""{\""id\"": \""bldg_5cead0a1-48ec-4f5b-a022-ff8b99815e69\""}"", ""{\""id\"": \""bldg_5cff691e-cddf-4383-ad3e-672005a9b239\""}"", ""{\""id\"": \""bldg_5d022fb3-1a56-41f7-8d07-f38a6bc51e17\""}"", ""{\""id\"": \""bldg_5d1fb83c-f4d0-45e5-b437-091a48087d2c\""}"", ""{\""id\"": \""bldg_5d2116e0-a82a-41f3-b533-694a0e2ed0de\""}"", ""{\""id\"": \""bldg_5d3dd048-7469-4faa-a91c-16bc72917119\""}"", ""{\""id\"": \""bldg_5d42b3ca-41b4-475b-ba73-096bdd79804e\""}"", ""{\""id\"": \""bldg_5d5be334-3ab0-43d6-b2a0-a7fa21ee4774\""}"", ""{\""id\"": \""bldg_5d5f21c3-33c7-4140-8a9f-90dbc12e1be7\""}"", ""{\""id\"": \""bldg_5d6ccf98-a152-4aa4-bfef-12a0dd235ccb\""}"", ""{\""id\"": \""bldg_5d7cbf83-4f80-4be8-a2c7-5586f07f0724\""}"", ""{\""id\"": \""bldg_5d9faf74-1937-471e-a857-eb5281381b99\""}"", ""{\""id\"": \""bldg_5db10c4e-3f85-4dc3-8301-0d2cbb742c26\""}"", ""{\""id\"": \""bldg_5dbe7da4-c021-4b60-938b-a177dc4ee55b\""}"", ""{\""id\"": \""bldg_5dc18aaa-96e5-4daa-a5ea-f836efdd76de\""}"", ""{\""id\"": \""bldg_5de202f8-dd83-431c-b943-c8995cd23ae3\""}"", ""{\""id\"": \""bldg_5dff856a-d175-49fe-aac9-18f72396bfb1\""}"", ""{\""id\"": \""bldg_5e0915da-ee9b-4dc5-aa0f-4313ca04659a\""}"", ""{\""id\"": \""bldg_5e3b6c2e-e066-4a77-8b10-06866cca4840\""}"", ""{\""id\"": \""bldg_5e4634e2-a10f-4b7a-b8ed-322f7d0916a3\""}"", ""{\""id\"": \""bldg_5e47f20f-6734-454c-9e43-4c025202e6a9\""}"", ""{\""id\"": \""bldg_5e76d18d-7448-4085-b3c2-b469768326d8\""}"", ""{\""id\"": \""bldg_5ed146da-cede-430e-8ba0-c6632db22657\""}"", ""{\""id\"": \""bldg_5ed9c7a2-14da-4ff4-ac49-3301282b4b34\""}"", ""{\""id\"": \""bldg_5f19926c-71e4-41ab-93d3-ea79f7d9ec0a\""}"", ""{\""id\"": \""bldg_5f30bb7f-5fe9-4eff-926e-1640657cd201\""}"", ""{\""id\"": \""bldg_5f455893-6b16-46b9-b455-dcab2d809169\""}"", ""{\""id\"": \""bldg_5f4ecd9a-80e9-4612-8717-a37764874260\""}"", ""{\""id\"": \""bldg_5f764607-dab8-4bb7-a974-1e2aeb810b5f\""}"", ""{\""id\"": \""bldg_5f859b5b-c0b0-4ff9-b2be-39216437766a\""}"", ""{\""id\"": \""bldg_5f8b5b98-d73c-4885-876f-028955f33d96\""}"", ""{\""id\"": \""bldg_5faae02a-4ce3-424a-8669-17a8b8faee0c\""}"", ""{\""id\"": \""bldg_5fab1fc4-68b4-4600-8b97-3a32ca712563\""}"", ""{\""id\"": \""bldg_6032b233-e5ba-47ed-8a64-c8af180b754b\""}"", ""{\""id\"": \""bldg_60343416-c1e7-4626-9382-698914fb44e2\""}"", ""{\""id\"": \""bldg_603a52ad-f929-4b71-8ec5-421416bbc2c9\""}"", ""{\""id\"": \""bldg_604a2d5c-1d83-4be6-8470-fa477b2386b1\""}"", ""{\""id\"": \""bldg_60530394-21ae-40ce-b245-592abb10747c\""}"", ""{\""id\"": \""bldg_605d056a-cb89-428e-9048-d7e2f1ef7698\""}"", ""{\""id\"": \""bldg_606e3897-e03a-40f1-aa2f-26d69c74c429\""}"", ""{\""id\"": \""bldg_607b4cb6-826b-4021-b4ef-6de2d26ab972\""}"", ""{\""id\"": \""bldg_60c08b9e-7425-4b3f-9145-64667536ca93\""}"", ""{\""id\"": \""bldg_60c6f0b6-93c3-4e58-9c89-68c99311f426\""}"", ""{\""id\"": \""bldg_60d9e919-b239-48ab-91bc-3e0ec5d4d3d6\""}"", ""{\""id\"": \""bldg_61026034-0bcd-4455-b3d0-420e4469fe86\""}"", ""{\""id\"": \""bldg_610b9427-5931-4afa-a597-07592768ff52\""}"", ""{\""id\"": \""bldg_612bc2b7-7814-4bd5-a6a5-f651112bac3a\""}"", ""{\""id\"": \""bldg_612f754d-57db-4ebb-898c-8ba6e926b64a\""}"", ""{\""id\"": \""bldg_615157b8-df96-4e6c-8282-f9f7a562a209\""}"", ""{\""id\"": \""bldg_6153d0ac-8268-4cc4-9f58-eafe58830847\""}"", ""{\""id\"": \""bldg_615c3742-79d5-493c-a36d-8528d9a47cb0\""}"", ""{\""id\"": \""bldg_61700cca-e798-4797-8adb-bb5e2c53ce48\""}"", ""{\""id\"": \""bldg_6172d19b-10d1-4572-ba53-c2f86593dd92\""}"", ""{\""id\"": \""bldg_6178cdde-093e-453b-a36a-8b4cc246ba03\""}"", ""{\""id\"": \""bldg_6189a4fc-1e9f-45c2-967e-56c4bebf46eb\""}"", ""{\""id\"": \""bldg_61ab819c-7bb9-42ca-a7a3-8b6cc2e06a55\""}"", ""{\""id\"": \""bldg_61b9dec8-0d8e-42e6-a676-5e21be6f88ec\""}"", ""{\""id\"": \""bldg_61c8f2dc-d570-42b6-84d9-ec9012a43707\""}"", ""{\""id\"": \""bldg_61cafcd8-eae4-47e4-b00d-9d13c04f4eed\""}"", ""{\""id\"": \""bldg_61e2ec9f-f9bb-4139-b9c5-3e9ec0dd49db\""}"", ""{\""id\"": \""bldg_61f36604-c8e4-420e-94ee-90c912766c63\""}"", ""{\""id\"": \""bldg_620cadaf-4696-49b0-adaf-c9cef020f931\""}"", ""{\""id\"": \""bldg_623a7858-23ab-453d-b271-2c103aa59c74\""}"", ""{\""id\"": \""bldg_62623ddb-5026-4afd-a04e-130e92e28783\""}"", ""{\""id\"": \""bldg_62984c23-d694-41f2-a375-c77337361504\""}"", ""{\""id\"": \""bldg_62ccd819-8ef7-4c6f-94a8-4c20e66c6649\""}"", ""{\""id\"": \""bldg_62f85e21-b281-48bf-a750-8e5264a6ff12\""}"", ""{\""id\"": \""bldg_63562e1d-a99b-4ea6-981f-690b916f5ef2\""}"", ""{\""id\"": \""bldg_635897b4-71dd-48cc-9cca-7a731df13137\""}"", ""{\""id\"": \""bldg_6371eabc-6d94-48ac-9651-84f274557d14\""}"", ""{\""id\"": \""bldg_63810dfa-9bd5-4343-8783-a55848acba78\""}"", ""{\""id\"": \""bldg_63838fc1-d476-4ba9-93eb-e7efe22f2615\""}"", ""{\""id\"": \""bldg_63b13910-597d-498b-91c8-c1933b6351ae\""}"", ""{\""id\"": \""bldg_63bdf98b-4a84-42f1-a425-ae7614ec6d6c\""}"", ""{\""id\"": \""bldg_63cae995-a06d-4a70-bd25-f8477465c74b\""}"", ""{\""id\"": \""bldg_63f1d500-3a78-4c57-8173-d05200652cf3\""}"", ""{\""id\"": \""bldg_63f87750-4a3b-4bd8-b5c8-33cb4e4c75d6\""}"", ""{\""id\"": \""bldg_640ed39a-277c-4fa5-bef3-caf145d08beb\""}"", ""{\""id\"": \""bldg_644c8a36-3d09-40d8-a151-85d2a2c50d32\""}"", ""{\""id\"": \""bldg_645dd28a-7c2a-4d7a-a806-34bc39e00c74\""}"", ""{\""id\"": \""bldg_646d1b68-0857-451c-b036-3be7c925c566\""}"", ""{\""id\"": \""bldg_64793720-1b8e-4ade-a2ae-5c19707e14c8\""}"", ""{\""id\"": \""bldg_648c64fa-e67d-41db-8299-67f05ae9931e\""}"", ""{\""id\"": \""bldg_648e27d1-245b-4934-a8aa-eb70ed11c1dc\""}"", ""{\""id\"": \""bldg_649bf409-eb62-402a-8d5a-3d0896c59438\""}"", ""{\""id\"": \""bldg_64c147a1-0c24-49a4-b985-88423d0091d7\""}"", ""{\""id\"": \""bldg_64d59a6d-4c29-4ee2-9a38-1b9c63d9c9ba\""}"", ""{\""id\"": \""bldg_64ffa617-6673-40f2-b769-88d626ac6be7\""}"", ""{\""id\"": \""bldg_650a42a1-0792-4de5-9e60-92e6923c8457\""}"", ""{\""id\"": \""bldg_65158247-8d06-4aa6-ad44-895daca0e1b8\""}"", ""{\""id\"": \""bldg_65179c7f-ce26-4c4a-9fea-8982efc6972f\""}"", ""{\""id\"": \""bldg_65456d2e-3fa7-4231-a46b-3b38c5ef1232\""}"", ""{\""id\"": \""bldg_65569b38-f7d9-4726-a0d7-4b9260ade301\""}"", ""{\""id\"": \""bldg_65799927-9af7-49af-bb12-d19124cc5361\""}"", ""{\""id\"": \""bldg_65952a4f-3204-4c5b-8dfa-7e85bad09c69\""}"", ""{\""id\"": \""bldg_65b78ede-1e65-4e57-9d69-bf0ccf64ea07\""}"", ""{\""id\"": \""bldg_65d7c7ba-c050-4c2d-8a2d-cc2833a115d3\""}"", ""{\""id\"": \""bldg_6605c4ee-ddbd-4fb6-98f3-48f9b00b13bd\""}"", ""{\""id\"": \""bldg_661f399e-e1a9-4dc6-897e-2a7fd690a5ba\""}"", ""{\""id\"": \""bldg_663121cb-4d9d-4311-95d3-50f41f66a09b\""}"", ""{\""id\"": \""bldg_6647dc25-df1e-4b77-bb7d-5a3affcddc18\""}"", ""{\""id\"": \""bldg_664c2a39-2e6c-42c7-acfa-95887f84479c\""}"", ""{\""id\"": \""bldg_665d792d-b7aa-4855-9f32-1be886e15c1e\""}"", ""{\""id\"": \""bldg_6666069b-cc13-4e65-8609-ddfc749e66f9\""}"", ""{\""id\"": \""bldg_6687e950-fde0-4e77-930f-3ee3289af3d9\""}"", ""{\""id\"": \""bldg_668b9085-9de6-45cf-b864-0f616c656a94\""}"", ""{\""id\"": \""bldg_6690d001-b395-4535-bcb9-cf3b6500f8fd\""}"", ""{\""id\"": \""bldg_66b85c6c-f64d-456b-b0ad-79b7098658d6\""}"", ""{\""id\"": \""bldg_66d0f141-ecca-44dd-8ff2-9f10039a0e34\""}"", ""{\""id\"": \""bldg_66d235b6-84aa-42f9-b903-4665b35e6fb8\""}"", ""{\""id\"": \""bldg_66e92cbd-43af-411a-a8ac-edff825b3462\""}"", ""{\""id\"": \""bldg_66e9945d-72e3-44b6-ac75-bc62247d18f6\""}"", ""{\""id\"": \""bldg_66f2149e-3b5a-4164-84cd-bfca79b0bba7\""}"", ""{\""id\"": \""bldg_6738820e-e726-4ac2-9b36-9fe11e87b767\""}"", ""{\""id\"": \""bldg_6759d211-5173-4163-898a-daa363310298\""}"", ""{\""id\"": \""bldg_679dcaac-07b1-408d-9388-db1b315155b8\""}"", ""{\""id\"": \""bldg_679f9d4b-c80c-4dc2-aca7-b38bae006a34\""}"", ""{\""id\"": \""bldg_67a0584f-b21a-4794-af0c-dec364c278a4\""}"", ""{\""id\"": \""bldg_67ed6127-3a51-4c09-91ea-46f5a155d09a\""}"", ""{\""id\"": \""bldg_681f9dff-8874-4dfd-9858-3bd34e3c46e9\""}"", ""{\""id\"": \""bldg_6837d34d-3da7-40df-a926-0d0fec2e7bfb\""}"", ""{\""id\"": \""bldg_684552d7-6f79-4b9d-b760-e33687dc4b21\""}"", ""{\""id\"": \""bldg_684d64e1-514d-4d17-a32c-2c82e9ef2961\""}"", ""{\""id\"": \""bldg_685b45ec-3d10-4a7a-841e-087dc1d81308\""}"", ""{\""id\"": \""bldg_687fdf30-a4fd-4c65-acf3-92bc5396ff2b\""}"", ""{\""id\"": \""bldg_688514c8-ac6d-4e60-bf6d-975736c4caba\""}"", ""{\""id\"": \""bldg_68a2b777-ea64-4f97-b68b-81c9cc2e8b89\""}"", ""{\""id\"": \""bldg_68ad8532-00d5-4f52-970f-16fe0e6d3fe8\""}"", ""{\""id\"": \""bldg_68b7fd7e-78ca-47aa-9b2f-d55c4364fd41\""}"", ""{\""id\"": \""bldg_68e4683a-88b5-4f94-b2fd-30e69b21d48c\""}"", ""{\""id\"": \""bldg_68f7c80f-e760-408b-b431-0fd9b061394d\""}"", ""{\""id\"": \""bldg_69024fa0-70b9-4164-bce9-652b600ef458\""}"", ""{\""id\"": \""bldg_6914d400-aee9-4216-9fcf-825583124483\""}"", ""{\""id\"": \""bldg_69404c0b-1d53-41a1-a0b5-d81f4e621245\""}"", ""{\""id\"": \""bldg_6964cf7e-ccfe-4290-ba10-76f1bd52e56e\""}"", ""{\""id\"": \""bldg_6997d0fb-b56e-40d0-91c4-e8b2b44ae70e\""}"", ""{\""id\"": \""bldg_69d2da96-ef6f-4049-934a-97b7e4880708\""}"", ""{\""id\"": \""bldg_6a0bbb0c-fbc0-413e-b7cc-e3767deeb17a\""}"", ""{\""id\"": \""bldg_6a2e421c-d30e-4617-af2d-da19949a38bc\""}"", ""{\""id\"": \""bldg_6a408e7a-6519-4570-813c-26cd0b2aa53c\""}"", ""{\""id\"": \""bldg_6a4b3c23-48e9-4f5e-ad24-acbece9e8829\""}"", ""{\""id\"": \""bldg_6a5067f4-2767-4bda-89fa-92d0cebc2279\""}"", ""{\""id\"": \""bldg_6a6d638b-2dc8-407b-be71-1ce8eb63ce79\""}"", ""{\""id\"": \""bldg_6a7d34bc-ce3e-47ef-8e56-87cfb228c17a\""}"", ""{\""id\"": \""bldg_6ac59fa0-d390-4595-b896-07ac2e9abf2a\""}"", ""{\""id\"": \""bldg_6ae5a24a-5213-4dc9-aa7c-cf612ac30e18\""}"", ""{\""id\"": \""bldg_6afba6a6-cf70-4960-aec2-136b359b9f0c\""}"", ""{\""id\"": \""bldg_6b00a15c-b282-488f-84c2-c0f3fb4f561a\""}"", ""{\""id\"": \""bldg_6b1e3b0e-bc9f-44e4-a824-94f2f4418e8d\""}"", ""{\""id\"": \""bldg_6b223643-8165-43c9-a19d-4d2858dc7ed3\""}"", ""{\""id\"": \""bldg_6b39b59c-2abd-4b71-9027-7eda57904596\""}"", ""{\""id\"": \""bldg_6b6bd5a1-8962-46e5-b4d6-b6fdfcf3b8d4\""}"", ""{\""id\"": \""bldg_6bd032d7-c846-40aa-b9af-6d72ab0d231a\""}"", ""{\""id\"": \""bldg_6bdbfe43-e4bd-4948-9c9d-2b2c049507db\""}"", ""{\""id\"": \""bldg_6be1b8b3-eb15-44bd-b324-93f46044d22e\""}"", ""{\""id\"": \""bldg_6be3730e-6796-4b49-86a5-2c80299d8c72\""}"", ""{\""id\"": \""bldg_6bed74fb-527f-449c-91c3-e1ba3395acce\""}"", ""{\""id\"": \""bldg_6c592cd8-2082-491f-afb6-31a2898a55de\""}"", ""{\""id\"": \""bldg_6c73232a-3f8b-43bb-8e88-f15211b1761a\""}"", ""{\""id\"": \""bldg_6c8aa524-e6c0-4117-bd87-79c0f92e6fdd\""}"", ""{\""id\"": \""bldg_6c95fc8b-b79c-46f6-aa18-84da0ac98db1\""}"", ""{\""id\"": \""bldg_6cce076c-21ff-45dc-b561-5e1f049226cd\""}"", ""{\""id\"": \""bldg_6ccfa0ab-6e19-4d21-b19a-635409916951\""}"", ""{\""id\"": \""bldg_6cef7a90-2d9a-4d88-82fb-420959b7df7f\""}"", ""{\""id\"": \""bldg_6d0f4831-0e43-4361-8c7f-b4b112170548\""}"", ""{\""id\"": \""bldg_6d1170e2-d80a-42e7-93cf-f5b8a8673421\""}"", ""{\""id\"": \""bldg_6d30d74f-e665-4cfb-b851-8757a766628e\""}"", ""{\""id\"": \""bldg_6d647390-6483-4ddd-99e7-dee28153b27f\""}"", ""{\""id\"": \""bldg_6d6a376f-6225-41be-a0a4-f23e8d6d1216\""}"", ""{\""id\"": \""bldg_6dd386b4-a824-4cb0-aff5-1f7bb4096aeb\""}"", ""{\""id\"": \""bldg_6de7d01c-103e-4578-b801-ddb33ac0d3aa\""}"", ""{\""id\"": \""bldg_6e06c9aa-d61a-4198-9072-b7037ae88e14\""}"", ""{\""id\"": \""bldg_6e1813ae-2a34-468d-9aaf-40d2edb28e43\""}"", ""{\""id\"": \""bldg_6e25827d-3332-492a-8555-f60a2dc2d461\""}"", ""{\""id\"": \""bldg_6e4f59db-cb8a-4f7a-bdc2-22ecb1d54dcb\""}"", ""{\""id\"": \""bldg_6e679122-63f3-4d2b-b9bc-72441b83493f\""}"", ""{\""id\"": \""bldg_6e717ba0-9aa9-4ac9-ba68-5235517c4261\""}"", ""{\""id\"": \""bldg_6e8259a0-d80a-4f63-986b-74f2a9792fd2\""}"", ""{\""id\"": \""bldg_6e8f67cc-16b7-4b54-959e-2b6de3caeb57\""}"", ""{\""id\"": \""bldg_6e97202e-03b1-40f5-b730-5a60e9692b4d\""}"", ""{\""id\"": \""bldg_6e97ce89-a223-4012-90fb-556953c75edf\""}"", ""{\""id\"": \""bldg_6eae98cf-3be5-45fd-8184-e1ff56919ebd\""}"", ""{\""id\"": \""bldg_6eb6771a-f892-49d1-b5a6-fa916f799fe5\""}"", ""{\""id\"": \""bldg_6eba14e7-a5c4-4eff-bd58-ce143d33918c\""}"", ""{\""id\"": \""bldg_6ee2abd1-e5ca-43a4-85db-06ab8679f9fc\""}"", ""{\""id\"": \""bldg_6eeb909b-ec00-4708-a165-c89a215f5ee3\""}"", ""{\""id\"": \""bldg_6eeca852-0432-46f4-af75-3b578cab29a7\""}"", ""{\""id\"": \""bldg_6ef71505-10c9-4942-b2e3-c4b6f73b77ff\""}"", ""{\""id\"": \""bldg_6ef75a05-c6c0-4b06-9871-45ec9ad16ec2\""}"", ""{\""id\"": \""bldg_6f32f9d3-2ffd-438f-a404-54fbc78f20f6\""}"", ""{\""id\"": \""bldg_6f437185-7b68-4116-b75e-cdcc3453b8be\""}"", ""{\""id\"": \""bldg_6f4e565b-f31e-48d3-8b88-c07aeb772291\""}"", ""{\""id\"": \""bldg_6f5aa694-35da-4f9d-bd32-a3136a509726\""}"", ""{\""id\"": \""bldg_6f615c4c-bd49-4b32-a798-48372001968b\""}"", ""{\""id\"": \""bldg_6f776845-eeeb-42d3-a84c-5dca2cb22868\""}"", ""{\""id\"": \""bldg_6fb416b0-4585-4a82-a81c-dcaac1ca2263\""}"", ""{\""id\"": \""bldg_6fd7c9ad-44fe-47ff-94b2-20da7e5de438\""}"", ""{\""id\"": \""bldg_6fe7ec7d-cd41-4314-a12c-8947434a4ee1\""}"", ""{\""id\"": \""bldg_70013afc-7c7b-4815-9835-a62159a3f820\""}"", ""{\""id\"": \""bldg_702d931c-bf60-4196-bd93-bcbcdf0e6cc0\""}"", ""{\""id\"": \""bldg_70431c0d-de6c-4d4f-adb5-7aafda330bbc\""}"", ""{\""id\"": \""bldg_7047d4f5-2e35-4a5c-8488-ab6ac97cebe2\""}"", ""{\""id\"": \""bldg_70641798-2cb0-4b6d-ba28-b0ac654702df\""}"", ""{\""id\"": \""bldg_70fb5b72-11b1-4510-b799-cab3afdbb827\""}"", ""{\""id\"": \""bldg_71431398-4083-4ad8-983c-fcccf7c69d80\""}"", ""{\""id\"": \""bldg_71455d0b-ccf0-41bd-a962-9682525b5d95\""}"", ""{\""id\"": \""bldg_71a4b0e1-6066-4f35-b798-5cc28b035839\""}"", ""{\""id\"": \""bldg_71ac4365-1610-4a91-8bf6-f7826e449f52\""}"", ""{\""id\"": \""bldg_7203f4b3-cce5-4da5-a8e6-68cacecef5cf\""}"", ""{\""id\"": \""bldg_72182253-99ee-4bd2-a737-c828a969768d\""}"", ""{\""id\"": \""bldg_72208575-9838-476d-b612-b148df33d84b\""}"", ""{\""id\"": \""bldg_722d55c7-263f-409f-9a70-bd0040104ca6\""}"", ""{\""id\"": \""bldg_724b971e-dc03-4050-babb-63e4b8222002\""}"", ""{\""id\"": \""bldg_7257c268-25d9-4270-9ce2-eb08de7ebb18\""}"", ""{\""id\"": \""bldg_728cfc03-4665-43de-8b3f-81edfdd84887\""}"", ""{\""id\"": \""bldg_728d73a0-7872-4217-acaf-1e061b08894f\""}"", ""{\""id\"": \""bldg_72bb929c-6bda-44a4-b72c-1c020f00c774\""}"", ""{\""id\"": \""bldg_72d04fed-0f68-4b36-95f2-d2663001eee1\""}"", ""{\""id\"": \""bldg_72da1052-3263-43bc-b10a-0991c7d32dea\""}"", ""{\""id\"": \""bldg_7346369c-758e-4ce5-8bcd-6c497128a039\""}"", ""{\""id\"": \""bldg_7376f94c-d1ec-4a5b-bb4e-09f1fbb57682\""}"", ""{\""id\"": \""bldg_738eee24-5c07-43f2-8581-2569fe35f78d\""}"", ""{\""id\"": \""bldg_73aaeae9-b5c7-4b94-a08d-bd2654601b40\""}"", ""{\""id\"": \""bldg_74339638-2b1a-4f44-bdeb-faff2952a12a\""}"", ""{\""id\"": \""bldg_746ad119-8903-4401-858e-44d864f93c89\""}"", ""{\""id\"": \""bldg_74808122-2586-45c6-97de-a42c299006e8\""}"", ""{\""id\"": \""bldg_74993ad5-a25f-41cb-b2f2-68b23114ff65\""}"", ""{\""id\"": \""bldg_74a2df82-94cf-49b0-b45a-410b2c283837\""}"", ""{\""id\"": \""bldg_74af5e49-ed72-40ba-ad64-2618b5603c58\""}"", ""{\""id\"": \""bldg_74cc26ac-96af-48e5-bc38-b4d3d2c7d54b\""}"", ""{\""id\"": \""bldg_74d319f9-6cd9-4158-870a-6d8f92b49a87\""}"", ""{\""id\"": \""bldg_74f3ac9a-9919-426c-85fb-35f18e1d9f47\""}"", ""{\""id\"": \""bldg_7513049d-9dd9-455d-a157-add2d69bc827\""}"", ""{\""id\"": \""bldg_752ed6d3-fc2c-4b15-bb5c-70aeaafafd4f\""}"", ""{\""id\"": \""bldg_75383430-19ee-4051-bf39-d71625d7f08a\""}"", ""{\""id\"": \""bldg_75709149-8109-411a-aa2e-774b1eaaa5ff\""}"", ""{\""id\"": \""bldg_757508e2-78b5-4bad-8500-fa62aa84616b\""}"", ""{\""id\"": \""bldg_75902e60-3ae9-48f6-83e8-3870332c7e15\""}"", ""{\""id\"": \""bldg_75bbe6a2-920e-4606-9e1b-8e7db7c415c8\""}"", ""{\""id\"": \""bldg_75db8578-db3c-4c57-8775-46c34986a66f\""}"", ""{\""id\"": \""bldg_760987f1-5372-43d4-b8c1-8dbc32884a26\""}"", ""{\""id\"": \""bldg_763628c7-be4f-4fb3-9e48-e66f89d4aeb5\""}"", ""{\""id\"": \""bldg_765533a1-bd25-4de5-947b-c01d10d263f5\""}"", ""{\""id\"": \""bldg_7659843b-aa41-4f40-a73f-673ce1dc1641\""}"", ""{\""id\"": \""bldg_768b7fad-0374-4ab5-86d0-1dc9e068c087\""}"", ""{\""id\"": \""bldg_7699c4fd-1047-4890-aa87-3739563ebea6\""}"", ""{\""id\"": \""bldg_769ab9da-5d6e-4863-a1b1-171707dc4a1c\""}"", ""{\""id\"": \""bldg_7722386a-614f-4c94-a05b-5ce2df8539e3\""}"", ""{\""id\"": \""bldg_77246ab5-7f72-4b56-b1d0-6569cbcef798\""}"", ""{\""id\"": \""bldg_7726251b-1aa0-4542-bb89-37488f5d5832\""}"", ""{\""id\"": \""bldg_77283ca0-4547-4d7c-a849-b1acf009194b\""}"", ""{\""id\"": \""bldg_775635f5-6f20-4ce0-b110-32b2ed8d74b0\""}"", ""{\""id\"": \""bldg_77715205-4f9f-44ee-aa85-5b2c4d7574b7\""}"", ""{\""id\"": \""bldg_7776cfa5-a87e-454a-817f-2bd0d86d67a3\""}"", ""{\""id\"": \""bldg_7792b81a-63ba-4d46-bfbf-a260e0dead0b\""}"", ""{\""id\"": \""bldg_77d96fbf-6bd6-4ba4-8ab6-9e9202df8221\""}"", ""{\""id\"": \""bldg_780bbc6a-6e49-4ea1-985a-5d2c0c8a1527\""}"", ""{\""id\"": \""bldg_780ef0a2-132d-467a-8a51-c903399c8729\""}"", ""{\""id\"": \""bldg_781405ed-99a1-4cff-9e34-9d522edf2854\""}"", ""{\""id\"": \""bldg_782ed9b4-95ab-4aed-8009-87654a6bf562\""}"", ""{\""id\"": \""bldg_782feae6-a82f-4649-9f14-496eedf9854c\""}"", ""{\""id\"": \""bldg_783526b5-b6ea-4b25-a7d0-aa649db4cefa\""}"", ""{\""id\"": \""bldg_78580281-5fba-4859-8c89-b2ccf893e67c\""}"", ""{\""id\"": \""bldg_78863476-68e3-4d65-9fef-8762714f215f\""}"", ""{\""id\"": \""bldg_78aa5e5f-3d3c-4d3c-bb55-b0cfc925907b\""}"", ""{\""id\"": \""bldg_78c17d2b-1005-45fa-ad36-944193b76332\""}"", ""{\""id\"": \""bldg_78d249e9-15e1-491d-b37a-2b6435312c7f\""}"", ""{\""id\"": \""bldg_791a0c93-1214-4750-9c40-c10525b31503\""}"", ""{\""id\"": \""bldg_79213732-b73f-4e3e-a238-a4c4bf1ad509\""}"", ""{\""id\"": \""bldg_794301a7-5e50-427e-aba1-388b0b62942b\""}"", ""{\""id\"": \""bldg_799c5dd3-c798-4c27-847c-1679ac09e95d\""}"", ""{\""id\"": \""bldg_79a981f2-d4c1-4a32-80f6-44adc69efd20\""}"", ""{\""id\"": \""bldg_79ba970f-b914-4c00-aa6c-defc7d55294a\""}"", ""{\""id\"": \""bldg_79cecb1f-3bd0-4349-ba0d-d05ca60bc75a\""}"", ""{\""id\"": \""bldg_79d4bdd1-ac64-4504-b447-39d4f532ea94\""}"", ""{\""id\"": \""bldg_79ec3905-4f2f-452c-a9cc-f6c058d6e2b6\""}"", ""{\""id\"": \""bldg_79eddbc7-fa83-405f-b071-e5182389d042\""}"", ""{\""id\"": \""bldg_79ee0aaa-2d1e-44c6-96b8-7353eda20903\""}"", ""{\""id\"": \""bldg_79f5f9bb-5096-4f0a-b969-f4efd8f9deaf\""}"", ""{\""id\"": \""bldg_7a13901b-980b-4eff-a08e-b193225d9995\""}"", ""{\""id\"": \""bldg_7a19d927-2916-4981-8b1e-7c6d092bafe8\""}"", ""{\""id\"": \""bldg_7a3107bc-488c-476f-b949-5489094606d9\""}"", ""{\""id\"": \""bldg_7a35f4f6-8f18-48c8-bc39-91f4733d1f8a\""}"", ""{\""id\"": \""bldg_7a3ad719-1308-4cf7-a91d-dc834dce23a8\""}"", ""{\""id\"": \""bldg_7a81fdf5-6206-4a36-bb7b-6d487bf23d68\""}"", ""{\""id\"": \""bldg_7a88a6b7-ba68-4aaa-b507-903b2cefd577\""}"", ""{\""id\"": \""bldg_7aa56b7f-a01c-4927-93f2-6650c37d36fb\""}"", ""{\""id\"": \""bldg_7ac11463-941b-443f-9295-f6d3a8e0a9ee\""}"", ""{\""id\"": \""bldg_7ad0730d-2df1-4725-b37b-f8d20c004507\""}"", ""{\""id\"": \""bldg_7b12bebb-5930-4361-91ef-94a39278b968\""}"", ""{\""id\"": \""bldg_7bc166e0-c841-4128-ad73-103b7d26b9a9\""}"", ""{\""id\"": \""bldg_7bce5310-f2d1-48b5-9fc7-0a805c7bd49d\""}"", ""{\""id\"": \""bldg_7be0767e-28a1-4013-a113-507b48713ad6\""}"", ""{\""id\"": \""bldg_7be12268-1484-4c92-a520-60e4e9983950\""}"", ""{\""id\"": \""bldg_7bf16f9e-2a37-4795-863f-eaf737c6d84e\""}"", ""{\""id\"": \""bldg_7bf4b35c-0a8f-4e83-adcd-960b04a9487f\""}"", ""{\""id\"": \""bldg_7c03f992-82aa-46e3-ac10-b4f0cdca0cd2\""}"", ""{\""id\"": \""bldg_7c273079-72ad-44c5-8c57-3d46dd2f7d2f\""}"", ""{\""id\"": \""bldg_7c27669f-bd8d-4457-8772-459d76318fc9\""}"", ""{\""id\"": \""bldg_7c352c87-3620-4757-a53a-deda1050d344\""}"", ""{\""id\"": \""bldg_7c3b11a6-1919-4665-b52c-fe1356753055\""}"", ""{\""id\"": \""bldg_7c3ce2b5-f3b8-4744-ac12-10f2a2dc70c6\""}"", ""{\""id\"": \""bldg_7c40efed-2d2c-4f8f-9ea9-e29e960fb9bb\""}"", ""{\""id\"": \""bldg_7c54638b-1966-4331-a2b5-f7acaace0bc0\""}"", ""{\""id\"": \""bldg_7c6db811-1a90-4eb7-9eb7-6f366e6382e5\""}"", ""{\""id\"": \""bldg_7c9618f5-19a9-4838-a85f-e908f3542e2b\""}"", ""{\""id\"": \""bldg_7cbbd099-0471-401a-9e32-350b98f9a8e1\""}"", ""{\""id\"": \""bldg_7cc480a2-86a1-4c0d-a5ae-24bae2ce1ac1\""}"", ""{\""id\"": \""bldg_7cc5a176-0a42-42db-adbd-51670c86f497\""}"", ""{\""id\"": \""bldg_7ccbe153-ebd9-4e4c-b5f1-021cf0073959\""}"", ""{\""id\"": \""bldg_7cf6d4f6-cf9a-446f-9e6e-23210231c4d7\""}"", ""{\""id\"": \""bldg_7d2549ea-ac4c-49ad-81e0-5f43a7a4ec91\""}"", ""{\""id\"": \""bldg_7d5802f6-6c90-49e1-b1ab-fb0cdd267904\""}"", ""{\""id\"": \""bldg_7d663feb-f5e8-46e0-a52b-72e0565e09f7\""}"", ""{\""id\"": \""bldg_7d6d03f7-c567-4607-a96c-d6a250e637c5\""}"", ""{\""id\"": \""bldg_7d8584b7-5feb-435e-b7f6-a42078bbb99e\""}"", ""{\""id\"": \""bldg_7dafcc51-59b5-4917-867c-b0f4cfa2bfc6\""}"", ""{\""id\"": \""bldg_7db5ad00-5fc4-4434-9bd4-d08eab37fd8b\""}"", ""{\""id\"": \""bldg_7e4669f7-4a97-499f-a86a-06f1787cec3b\""}"", ""{\""id\"": \""bldg_7e4b6112-eb04-4820-b551-84884fa89d41\""}"", ""{\""id\"": \""bldg_7e5496c7-61e1-4403-bd91-f638d53432ce\""}"", ""{\""id\"": \""bldg_7e6163d1-b9f3-435b-b40f-43e49d79b53a\""}"", ""{\""id\"": \""bldg_7e955731-919a-4ffa-abcd-bf4bca9aea11\""}"", ""{\""id\"": \""bldg_7eb519a6-e7f8-4a5f-a24d-2016379ae59b\""}"", ""{\""id\"": \""bldg_7ebd8180-6275-407c-965f-64798a188d8e\""}"", ""{\""id\"": \""bldg_7ed3e20f-a07c-4086-9adc-56a49dc5ed4c\""}"", ""{\""id\"": \""bldg_7ef2838e-e941-4115-87b8-4ef6ccda89c5\""}"", ""{\""id\"": \""bldg_7f09502d-2fa4-4fbc-a89d-38ae477d6c51\""}"", ""{\""id\"": \""bldg_7f118f49-ef69-45b6-8e35-eba96bd1cc51\""}"", ""{\""id\"": \""bldg_7f306541-1adc-4e93-a59c-64e0c4c89ea6\""}"", ""{\""id\"": \""bldg_7f370ac9-1add-4f22-adeb-86a77c86057b\""}"", ""{\""id\"": \""bldg_7f4c21e9-3510-485c-96a9-1c61c173b410\""}"", ""{\""id\"": \""bldg_7f783299-62d2-4405-bd06-e0cc0d9665f5\""}"", ""{\""id\"": \""bldg_7f7dd754-b458-4993-8a65-c16f1e32a286\""}"", ""{\""id\"": \""bldg_7fbd8cf4-4069-43d7-8817-83a1246c2a50\""}"", ""{\""id\"": \""bldg_7fd1ec2e-2d6f-4230-9aee-556c9fdfd27a\""}"", ""{\""id\"": \""bldg_7fe00bb9-c752-4701-bf21-cc8a04a5840f\""}"", ""{\""id\"": \""bldg_8005076f-e554-474e-bcc0-2252656317a1\""}"", ""{\""id\"": \""bldg_8005a378-58ab-4898-8cd3-45758bddc68c\""}"", ""{\""id\"": \""bldg_8009542a-200a-4e0c-b2b8-733d9873e899\""}"", ""{\""id\"": \""bldg_801e4161-4e99-40bf-b3eb-fa32d6000649\""}"", ""{\""id\"": \""bldg_803972f5-c63d-4195-a112-5d3922c02164\""}"", ""{\""id\"": \""bldg_804ede0d-1381-4bbd-a5e0-0e273ebaf655\""}"", ""{\""id\"": \""bldg_80551676-76c3-4fd2-b709-e98b8315975d\""}"", ""{\""id\"": \""bldg_8078dd34-7300-4141-9d26-28d6dbaa0519\""}"", ""{\""id\"": \""bldg_807b3a84-cd32-4220-b1f3-ba24988fa5b6\""}"", ""{\""id\"": \""bldg_8086d5ab-a97c-45b5-be04-feceeb1cf03e\""}"", ""{\""id\"": \""bldg_809906a0-481e-42b7-9a12-60d0b2f0b348\""}"", ""{\""id\"": \""bldg_80ff5254-e56e-4a69-97b3-a7c32b2c0eef\""}"", ""{\""id\"": \""bldg_8128df56-57f8-4923-8a9f-e6efa33ce0b1\""}"", ""{\""id\"": \""bldg_812cc242-19c8-4ed9-8948-1378f14c2164\""}"", ""{\""id\"": \""bldg_81379ee0-08cd-49f5-bef8-6210b2863235\""}"", ""{\""id\"": \""bldg_81498d0e-3aa3-4662-8383-9c5a344ab27e\""}"", ""{\""id\"": \""bldg_814b29cb-0f33-40ee-8d58-f578c248fafa\""}"", ""{\""id\"": \""bldg_8173727a-a26b-4cbe-b4fd-e02e15f2c8c6\""}"", ""{\""id\"": \""bldg_8182ce49-8c8b-4ff4-b4f9-b265b5b25918\""}"", ""{\""id\"": \""bldg_81bd2626-731f-45af-ad1c-10c142837f2f\""}"", ""{\""id\"": \""bldg_81dce94c-3d6a-4bb4-be72-af12875f9ab8\""}"", ""{\""id\"": \""bldg_81e3df68-014f-4102-a38e-fec2e61f49eb\""}"", ""{\""id\"": \""bldg_81f4ac80-abfb-4968-8b83-8ea92cc4fd08\""}"", ""{\""id\"": \""bldg_81ffe7ae-601e-4443-a7ab-40c2ce91765a\""}"", ""{\""id\"": \""bldg_8225eefc-d4b5-4243-a662-94b00b07ee17\""}"", ""{\""id\"": \""bldg_824f5b62-dbf5-44cb-83dc-4a97ac370111\""}"", ""{\""id\"": \""bldg_8269125a-3be0-4217-adca-3685f08055c6\""}"", ""{\""id\"": \""bldg_827b9b8c-19d6-4062-9144-403d374b42ba\""}"", ""{\""id\"": \""bldg_827ff46b-4207-49c8-a1f3-df6bcbd24c70\""}"", ""{\""id\"": \""bldg_82899ba3-f0b8-4de3-bb1c-7ea9666fea5d\""}"", ""{\""id\"": \""bldg_828d8c7e-b502-4442-9559-c16e43481ed1\""}"", ""{\""id\"": \""bldg_82a7d0c8-eebd-4f75-b3d4-db85b17a4beb\""}"", ""{\""id\"": \""bldg_82a86550-9a72-4d4a-ac1d-f6216dbf7362\""}"", ""{\""id\"": \""bldg_82d84a21-76a9-463b-b4b6-2d3b2cc40c74\""}"", ""{\""id\"": \""bldg_82ea161c-7143-475e-aa08-ab3d1e7682f0\""}"", ""{\""id\"": \""bldg_832fb3fd-9ee6-4fef-aa89-5472b49208b9\""}"", ""{\""id\"": \""bldg_8348c271-c36b-4f4b-9922-72fdcd35b23b\""}"", ""{\""id\"": \""bldg_8358bd59-9a3e-4a24-b6e8-977de89bd690\""}"", ""{\""id\"": \""bldg_83bacf3b-8248-4160-b437-a94aef8f78de\""}"", ""{\""id\"": \""bldg_83d912fe-c159-4131-88b1-991c80588c14\""}"", ""{\""id\"": \""bldg_84070f96-c2ca-450d-a872-78d60e4e826c\""}"", ""{\""id\"": \""bldg_843a4a85-b05f-4470-84f1-6ccadd29b503\""}"", ""{\""id\"": \""bldg_844c20b0-4326-443d-b9b3-729586bd13cc\""}"", ""{\""id\"": \""bldg_84caa50b-93b6-4d5c-b251-1710001d7e71\""}"", ""{\""id\"": \""bldg_84dd744c-7148-4814-9580-e8636dbb9ec8\""}"", ""{\""id\"": \""bldg_84f9eee3-f12d-45c3-9abc-86f77cbbd7be\""}"", ""{\""id\"": \""bldg_8500addb-e6e3-454d-a242-e345474ba292\""}"", ""{\""id\"": \""bldg_85255789-b898-401d-8f0d-67723ef62e95\""}"", ""{\""id\"": \""bldg_852726a5-9637-4d8f-9b82-5f388624da03\""}"", ""{\""id\"": \""bldg_85595d78-6b34-40f3-847b-55defb9c9901\""}"", ""{\""id\"": \""bldg_85989867-d660-4049-bfe3-2975ed357764\""}"", ""{\""id\"": \""bldg_85b781ea-0f80-416c-bd06-bfef9e7e8855\""}"", ""{\""id\"": \""bldg_85c1d606-4895-4986-bcd0-259b38e58d2c\""}"", ""{\""id\"": \""bldg_85eb346b-245d-42ac-9c9a-ff0cae0a22a5\""}"", ""{\""id\"": \""bldg_85fac0b1-92a5-4000-8c2a-9c1a32766f72\""}"", ""{\""id\"": \""bldg_85fb015d-f079-4a81-9eae-47ab2cdeedd5\""}"", ""{\""id\"": \""bldg_85fc9ae0-0749-44f0-bb47-ecd3de985049\""}"", ""{\""id\"": \""bldg_86001cf9-2f0a-4936-ac58-b54b79c903c3\""}"", ""{\""id\"": \""bldg_863042b3-c711-4022-963a-1aafaa12577b\""}"", ""{\""id\"": \""bldg_8687911f-2067-47f3-84db-34907b9ccc1d\""}"", ""{\""id\"": \""bldg_86a9ffd0-9f6c-43f7-b156-9a1f5febca9a\""}"", ""{\""id\"": \""bldg_871971f2-dcc2-4c44-af31-2b52681cff6f\""}"", ""{\""id\"": \""bldg_871ba2f6-94df-4db0-905b-2afb900a9ab1\""}"", ""{\""id\"": \""bldg_8724794c-f2f6-41c2-b6c5-9f9811382048\""}"", ""{\""id\"": \""bldg_874c7957-9b98-48c2-94cb-3121c45d9615\""}"", ""{\""id\"": \""bldg_878a6799-d9cb-4c01-8ff2-4816def3a407\""}"", ""{\""id\"": \""bldg_87aa0f69-e38a-4d1e-8f35-a4218f34a655\""}"", ""{\""id\"": \""bldg_87c93675-484f-4060-8256-66dcae8b669c\""}"", ""{\""id\"": \""bldg_87ebd44b-2c26-47df-aa1a-0920a0dd5a6c\""}"", ""{\""id\"": \""bldg_88227f95-f6d4-4bf0-9df9-d06c72e670fd\""}"", ""{\""id\"": \""bldg_88697a29-6757-4c66-900f-8637d351acdd\""}"", ""{\""id\"": \""bldg_88bc6fce-3a62-4736-97c4-16d598ed3b42\""}"", ""{\""id\"": \""bldg_88c2a7a3-ddd7-4e36-b4cc-8dfef10a7ab3\""}"", ""{\""id\"": \""bldg_891b0f5a-de95-4878-9115-b28694322e02\""}"", ""{\""id\"": \""bldg_893efa76-f368-48a5-9014-1a48af9b1ba9\""}"", ""{\""id\"": \""bldg_894857fc-f9d3-4ae9-b768-0a9e325187e4\""}"", ""{\""id\"": \""bldg_897f9ee3-6d64-49e7-be71-d7b8238b80a6\""}"", ""{\""id\"": \""bldg_89cca85a-77da-4c3d-a659-52cda91c4b5b\""}"", ""{\""id\"": \""bldg_89d84bff-7195-4d97-8a67-ed6fb74323d4\""}"", ""{\""id\"": \""bldg_89dffef2-0224-4f78-9e9c-8599ae9761da\""}"", ""{\""id\"": \""bldg_89ef0a52-a9d9-4ba8-8269-7e207d2826c8\""}"", ""{\""id\"": \""bldg_89f857a3-d0db-4a5c-942f-a3d673d5258a\""}"", ""{\""id\"": \""bldg_89fc8327-cc4b-4e0d-b412-db152bbca3d4\""}"", ""{\""id\"": \""bldg_8a0b1ae5-dfed-49a8-b1f7-b695fb788ce3\""}"", ""{\""id\"": \""bldg_8a2b95c4-8045-46aa-86bd-e20135101edc\""}"", ""{\""id\"": \""bldg_8a2f9816-3918-4371-92f7-c90f00fffbd8\""}"", ""{\""id\"": \""bldg_8a57f223-8692-46dc-a851-c139bf2c7e77\""}"", ""{\""id\"": \""bldg_8a7d23e5-53f8-4484-a1bc-819118b7239a\""}"", ""{\""id\"": \""bldg_8a86e793-7e42-4528-aab7-d1b13f266b73\""}"", ""{\""id\"": \""bldg_8a9ca6d5-6db4-40c6-a492-f08d69c6fc67\""}"", ""{\""id\"": \""bldg_8aa3cc22-292b-4690-ba91-dfa61c62bf17\""}"", ""{\""id\"": \""bldg_8ad242d5-4bbb-4372-b3dd-6bbe926d0098\""}"", ""{\""id\"": \""bldg_8ae33721-5f51-4183-bfdf-30e2ccfed430\""}"", ""{\""id\"": \""bldg_8af5ba12-11a2-4c2d-bdaa-144bab0a11b4\""}"", ""{\""id\"": \""bldg_8b083bfd-0687-4211-b022-349e7988db69\""}"", ""{\""id\"": \""bldg_8b20a89f-5dda-4953-be52-4c874141bf0c\""}"", ""{\""id\"": \""bldg_8b91255b-f2c5-4a19-ba3f-f31378194cd6\""}"", ""{\""id\"": \""bldg_8b9b0a68-84cc-4a82-8d01-73f65d1c5ee5\""}"", ""{\""id\"": \""bldg_8bb4c686-412b-4748-b8c8-fa53bb93f8b7\""}"", ""{\""id\"": \""bldg_8be458c1-fe5e-492a-b5c9-ac4926d90b62\""}"", ""{\""id\"": \""bldg_8c03bff6-89ca-4274-894c-bccf5e104abb\""}"", ""{\""id\"": \""bldg_8c0b1a4c-555a-4729-be55-3829de9abc78\""}"", ""{\""id\"": \""bldg_8c3e014a-46c2-4f0e-9469-c595d87cc767\""}"", ""{\""id\"": \""bldg_8c68d369-1ae0-469a-884d-0b59ab0c0d61\""}"", ""{\""id\"": \""bldg_8c717823-5988-4776-a82d-1a4745b2313f\""}"", ""{\""id\"": \""bldg_8ca0d1ad-f1ba-4c6c-9bfd-1ea283c1c1b8\""}"", ""{\""id\"": \""bldg_8ce8e7ab-4cb1-46d7-b560-cfd599f26c0c\""}"", ""{\""id\"": \""bldg_8cebf67e-ee53-4baf-8546-b1b3c404c0b4\""}"", ""{\""id\"": \""bldg_8d18ea1f-4759-42ad-bce4-c9cda2d23f4a\""}"", ""{\""id\"": \""bldg_8d1ccde5-ee7d-4463-afb7-3fd4641e9fcd\""}"", ""{\""id\"": \""bldg_8d23b026-4473-4889-8221-49b9cdcdf18e\""}"", ""{\""id\"": \""bldg_8d2d4650-1999-49f1-929d-4a90ae79059c\""}"", ""{\""id\"": \""bldg_8d4fbd7b-eb29-4715-be17-9d042c8ba714\""}"", ""{\""id\"": \""bldg_8d85ca25-ba0a-4e27-a1ba-e03139e69ce5\""}"", ""{\""id\"": \""bldg_8d8d17b7-4fcc-4d55-93a8-54d3ff0ae8c1\""}"", ""{\""id\"": \""bldg_8daf9687-d513-4f5b-9f70-d0684e5e2bdd\""}"", ""{\""id\"": \""bldg_8dd91b3a-775a-4911-89a9-1343194aad41\""}"", ""{\""id\"": \""bldg_8e37e994-7ce0-461c-83cd-622641fb461e\""}"", ""{\""id\"": \""bldg_8e51ae7f-6547-4f33-bfd4-a8a8dd0132d9\""}"", ""{\""id\"": \""bldg_8e96b208-4765-42a0-8c31-fc62b0f4a913\""}"", ""{\""id\"": \""bldg_8ed70ea1-f701-4356-bd0d-6affa12e9b02\""}"", ""{\""id\"": \""bldg_8f060446-2ad6-4ce1-8a75-1f9b95003930\""}"", ""{\""id\"": \""bldg_8f53b02a-2d5e-4986-a230-7608274410d1\""}"", ""{\""id\"": \""bldg_8f5b5195-768c-40d9-8bcf-57df133bda3c\""}"", ""{\""id\"": \""bldg_8fb77c75-9129-4159-93ae-03b32e40732c\""}"", ""{\""id\"": \""bldg_8fc9ced3-edf6-45e7-b06d-df9b54f8f695\""}"", ""{\""id\"": \""bldg_8fd49b38-1871-43be-ac7b-558a7664698c\""}"", ""{\""id\"": \""bldg_9005dde0-9ba6-4fbc-a8f1-06e78eb6cf9b\""}"", ""{\""id\"": \""bldg_9042eb10-57e2-4740-9315-13c8eb61119b\""}"", ""{\""id\"": \""bldg_905c8808-f9d4-4c3f-95a6-c6ebae3ff674\""}"", ""{\""id\"": \""bldg_9061a0c7-1269-418d-9a95-0b4f738aec24\""}"", ""{\""id\"": \""bldg_90756c7e-c362-4e94-a3d0-cb046f348779\""}"", ""{\""id\"": \""bldg_908059e9-b4fe-4b72-b990-513d552aa3a4\""}"", ""{\""id\"": \""bldg_908c2fa8-c396-4086-8fcf-195acc25e4a8\""}"", ""{\""id\"": \""bldg_90a20014-875c-4963-8488-ada485400bb7\""}"", ""{\""id\"": \""bldg_90a5a03c-a156-426c-93a3-e1d9886f365c\""}"", ""{\""id\"": \""bldg_90a6415f-ddea-4c62-905b-09595c362d8a\""}"", ""{\""id\"": \""bldg_90b4204c-11c8-4d23-b2a6-586852b280e2\""}"", ""{\""id\"": \""bldg_910d3c7c-39f2-492e-a064-a0397128ca19\""}"", ""{\""id\"": \""bldg_91139138-3ade-49ff-81b9-01ee03d1d47e\""}"", ""{\""id\"": \""bldg_91153024-cf40-4388-bf0f-5359b52f2fb3\""}"", ""{\""id\"": \""bldg_914f3774-10fd-46d3-a11d-059a31e09765\""}"", ""{\""id\"": \""bldg_916a4d0e-741b-467d-ab7c-c5aaf3e320da\""}"", ""{\""id\"": \""bldg_9184bfe6-59f8-430f-baba-ee2f03c85e39\""}"", ""{\""id\"": \""bldg_9188c474-81e4-4276-bb25-5f9a159419bd\""}"", ""{\""id\"": \""bldg_918ba383-2174-450d-9613-9d2f9d305b45\""}"", ""{\""id\"": \""bldg_919505ff-0b6c-4cd2-8a88-96a120867ca1\""}"", ""{\""id\"": \""bldg_91cf9523-c5b7-490f-8089-11fe59e51c71\""}"", ""{\""id\"": \""bldg_91d4127a-774e-461f-89e6-0418a6ddab03\""}"", ""{\""id\"": \""bldg_922dac86-ec00-4067-8fc2-5d06c1863150\""}"", ""{\""id\"": \""bldg_925ec15a-f2c0-4f07-8b4a-255a20020797\""}"", ""{\""id\"": \""bldg_92947a0b-558c-4ab3-888c-55194f9f50de\""}"", ""{\""id\"": \""bldg_929553ad-d9dd-44f5-8217-88ce9a34bd82\""}"", ""{\""id\"": \""bldg_92a5943b-4fca-4c8c-8235-08d81bbac7b0\""}"", ""{\""id\"": \""bldg_92bc2df4-4532-4d6f-a93c-a617b34b19ce\""}"", ""{\""id\"": \""bldg_92cab124-5819-4385-9b72-97eaeed3fbef\""}"", ""{\""id\"": \""bldg_92f56a50-975b-4fc9-ba1e-7885ff4b3297\""}"", ""{\""id\"": \""bldg_92ff86cc-f25f-422e-b0de-09e91ed63c13\""}"", ""{\""id\"": \""bldg_9305c961-6edf-40a6-a9ae-2bf7825b919c\""}"", ""{\""id\"": \""bldg_93065cf0-5d70-4cb1-adbf-b036a450a142\""}"", ""{\""id\"": \""bldg_930919b6-e822-408a-86e2-4221ca1e4de2\""}"", ""{\""id\"": \""bldg_9321c064-07b3-4d6e-8901-fc7a3ed61a3e\""}"", ""{\""id\"": \""bldg_933458c0-7b35-4ff7-9f41-78dee5b5f96f\""}"", ""{\""id\"": \""bldg_934b175b-67dc-4685-86d6-07abe58ebb6b\""}"", ""{\""id\"": \""bldg_9367e1bd-093e-4c18-8c32-78f83148a9d3\""}"", ""{\""id\"": \""bldg_9398897f-9140-4671-a5d0-1e090641d147\""}"", ""{\""id\"": \""bldg_93a182d9-a6a9-4568-8d23-030c86637baa\""}"", ""{\""id\"": \""bldg_93ada3e0-2c6f-43b6-a25a-8175bb22d869\""}"", ""{\""id\"": \""bldg_93af1a34-66ad-4314-8b59-0f3a8f9d99fc\""}"", ""{\""id\"": \""bldg_93bba15d-7dcc-461f-9fec-92c7aff0eaaa\""}"", ""{\""id\"": \""bldg_93e0271d-a1f0-4b21-8972-eaa858a8e74e\""}"", ""{\""id\"": \""bldg_93e94d2c-5274-4ece-92c9-046c303056e1\""}"", ""{\""id\"": \""bldg_93f652a6-0bec-4e5d-8532-a360aef280eb\""}"", ""{\""id\"": \""bldg_93fb2eed-f710-4d93-93e2-35163c2c2766\""}"", ""{\""id\"": \""bldg_9407df9e-2594-483a-a44c-24312a030fce\""}"", ""{\""id\"": \""bldg_94098d18-3e95-47ea-98b1-a406b3c7f3d4\""}"", ""{\""id\"": \""bldg_940f463b-bd70-42f8-8784-29917ac814de\""}"", ""{\""id\"": \""bldg_94286db4-dcf5-4da6-b764-1b7402caab2f\""}"", ""{\""id\"": \""bldg_9448f44c-7508-411b-b545-08042d17bdb0\""}"", ""{\""id\"": \""bldg_94607fc0-2584-4893-91d8-f24af87faabc\""}"", ""{\""id\"": \""bldg_95079b80-a607-48cf-9d9f-48c205d8c13b\""}"", ""{\""id\"": \""bldg_9517d36f-c619-4ca5-82d7-b26e4719d76a\""}"", ""{\""id\"": \""bldg_9522847d-3057-4890-8134-91b64ad52859\""}"", ""{\""id\"": \""bldg_955467df-233d-499b-a407-7f9341ec4630\""}"", ""{\""id\"": \""bldg_95738146-b8e2-4b65-8ffd-031895881c11\""}"", ""{\""id\"": \""bldg_95745c64-23f8-4608-864c-3cecca46d8d3\""}"", ""{\""id\"": \""bldg_95935545-4f44-4d16-971b-d98998b1b8e5\""}"", ""{\""id\"": \""bldg_95bce9ab-72d4-45a0-9530-b08baf2e92a4\""}"", ""{\""id\"": \""bldg_95c82ea8-47d7-4a64-bc6e-7384a73e1be2\""}"", ""{\""id\"": \""bldg_95ca9dee-3ac9-4279-9742-cae496291c81\""}"", ""{\""id\"": \""bldg_95dae837-b9d1-4098-90af-cd8b3755a3f0\""}"", ""{\""id\"": \""bldg_95eee729-59f8-4dcc-ad54-f33529347282\""}"", ""{\""id\"": \""bldg_960440bc-94b1-4ced-ba49-e89e93812e67\""}"", ""{\""id\"": \""bldg_960c5534-a895-4324-b008-e186fdc5e2ef\""}"", ""{\""id\"": \""bldg_965ff344-7686-4169-bf9a-0e47b6e68c68\""}"", ""{\""id\"": \""bldg_9668e062-bd8b-45e0-b8af-972a234138b2\""}"", ""{\""id\"": \""bldg_967acc7f-b934-4aac-b9ee-8868a6e988bc\""}"", ""{\""id\"": \""bldg_96913154-ccee-4d4d-8913-76c5aa2290ec\""}"", ""{\""id\"": \""bldg_96990d5b-6a82-45ee-86c1-1f8186b9bd4a\""}"", ""{\""id\"": \""bldg_96ba0f7d-2c7f-4c21-af24-8566ecd31ee3\""}"", ""{\""id\"": \""bldg_96bf8e44-844b-4711-8d1b-c95486be9ee9\""}"", ""{\""id\"": \""bldg_96f71fc0-5905-474d-8fb7-a622caca430c\""}"", ""{\""id\"": \""bldg_970cee07-ef4d-4959-896e-f8fbdbf28b85\""}"", ""{\""id\"": \""bldg_971476ae-16e1-4f08-a566-a4ee9ce83278\""}"", ""{\""id\"": \""bldg_971bed2e-da4a-45a1-9f67-b70190c51e63\""}"", ""{\""id\"": \""bldg_973237df-f9ae-4452-85a7-33b5890eed4a\""}"", ""{\""id\"": \""bldg_973ebdec-e620-4d43-92be-c1b20d73f626\""}"", ""{\""id\"": \""bldg_974edb87-05f1-490c-b488-a3a8ceb1e2d8\""}"", ""{\""id\"": \""bldg_978ad48d-4ec4-4488-b24c-365c5252d605\""}"", ""{\""id\"": \""bldg_9794fa22-4fa0-4b21-bcfd-2f28e04c0bbb\""}"", ""{\""id\"": \""bldg_97bcc7b6-7b4e-4a64-b54c-307503fc92ad\""}"", ""{\""id\"": \""bldg_97c6ce57-69ba-434f-a186-2cda9eec6ac6\""}"", ""{\""id\"": \""bldg_97ca2641-9f8f-4a22-9226-e080628412ae\""}"", ""{\""id\"": \""bldg_97db0cd6-beff-4ea7-88ec-87d60145a54b\""}"", ""{\""id\"": \""bldg_97e70031-c323-40e6-a8d4-eb42d4a41081\""}"", ""{\""id\"": \""bldg_97edc5d2-2a6d-42d4-9bc0-bea1f067dde7\""}"", ""{\""id\"": \""bldg_97ede191-4b3e-418e-8845-c7fbd604e411\""}"", ""{\""id\"": \""bldg_97f85f52-c099-4b8a-8cd1-5405048da60b\""}"", ""{\""id\"": \""bldg_97fa2ddc-2b98-4ec2-a444-80b5a05b50a1\""}"", ""{\""id\"": \""bldg_9807a5b0-dd0c-4696-a2b8-a476adc7fe04\""}"", ""{\""id\"": \""bldg_98140734-421d-4c75-b806-e9207e8e6d95\""}"", ""{\""id\"": \""bldg_983e5a78-959c-423e-9161-3682bc822be6\""}"", ""{\""id\"": \""bldg_985acdd1-db04-4106-8121-f144c3b01f18\""}"", ""{\""id\"": \""bldg_986e7807-3f51-420b-a8f9-42491e7e227c\""}"", ""{\""id\"": \""bldg_98702baf-3d75-4a79-930a-d91af903b29b\""}"", ""{\""id\"": \""bldg_987c3148-e5e6-463e-87b7-866c322ca517\""}"", ""{\""id\"": \""bldg_989f96f1-5e50-4aae-bc7c-0cdb8d66a0d1\""}"", ""{\""id\"": \""bldg_989fd315-1292-4d40-a7fd-c41ed3755e70\""}"", ""{\""id\"": \""bldg_98a7593b-0dba-4bfc-8d90-8a6b5951c122\""}"", ""{\""id\"": \""bldg_98a94c4a-abe5-4a12-ba73-9b1812abe861\""}"", ""{\""id\"": \""bldg_98a9e0d9-3659-4305-b2dc-547a5c3287ec\""}"", ""{\""id\"": \""bldg_98ee473c-2846-4b7a-9ba2-7278d0399c3d\""}"", ""{\""id\"": \""bldg_98f438ca-d4fc-4c10-aa2d-1267ce169e12\""}"", ""{\""id\"": \""bldg_98fb4c36-045c-4720-8ddf-3696bb2b6e41\""}"", ""{\""id\"": \""bldg_98fc8e2d-0419-4b6a-8459-6707898ab129\""}"", ""{\""id\"": \""bldg_99131e2f-2ecb-4a5f-8da5-02e05686b7a1\""}"", ""{\""id\"": \""bldg_994b980a-1a0d-4f28-aea1-804bfcf9c282\""}"", ""{\""id\"": \""bldg_99642831-dbce-46b9-aded-545fada4a987\""}"", ""{\""id\"": \""bldg_99884a38-9142-47e3-a7e3-d472fa5d3f90\""}"", ""{\""id\"": \""bldg_99894424-ab08-4aad-8cfa-b84926b619ef\""}"", ""{\""id\"": \""bldg_99abaed4-d4bd-41c5-b274-812575101395\""}"", ""{\""id\"": \""bldg_99b121d1-06f4-46a7-b792-aadb8bb62525\""}"", ""{\""id\"": \""bldg_99b2bd2d-7646-40c9-87d1-ef67b83c1d89\""}"", ""{\""id\"": \""bldg_99e1f41e-1762-4ac0-9925-0faddd245ab6\""}"", ""{\""id\"": \""bldg_99e9c35f-5139-4464-a3d1-4ce373eee4e7\""}"", ""{\""id\"": \""bldg_9a01bc9b-dbbe-4dd5-8744-2dc2c0d4356d\""}"", ""{\""id\"": \""bldg_9a23c9b0-5d0f-4003-b4fa-1bb5ccb358e7\""}"", ""{\""id\"": \""bldg_9a7e0c24-7a53-4346-9944-47f085f9f9c6\""}"", ""{\""id\"": \""bldg_9a7e6d31-103a-4ce5-8751-7a3cec105b42\""}"", ""{\""id\"": \""bldg_9ac0d7b3-50a4-414b-b4d5-cf2e90cd701f\""}"", ""{\""id\"": \""bldg_9ac7f5d9-af84-41c1-9ca0-e90311afe80f\""}"", ""{\""id\"": \""bldg_9acb085c-39d3-40cd-b89a-f6b650c11a5d\""}"", ""{\""id\"": \""bldg_9aeec44c-6d24-406c-a7f4-397d72c73a71\""}"", ""{\""id\"": \""bldg_9af1b622-bb2f-4d2b-a2fa-b3fbb72c284f\""}"", ""{\""id\"": \""bldg_9b54ec44-70f0-4c1c-ac74-53e2901bbae2\""}"", ""{\""id\"": \""bldg_9b6710ff-d92e-4d61-af0d-69f2177c87e7\""}"", ""{\""id\"": \""bldg_9b6ca62e-fce7-42c5-93a7-d30f0b1f103c\""}"", ""{\""id\"": \""bldg_9b793440-4ad3-4cd0-964a-a121db279b8f\""}"", ""{\""id\"": \""bldg_9b803216-4664-418b-bc21-884669c778d3\""}"", ""{\""id\"": \""bldg_9b874ae3-cca4-4c0b-9131-9b481e4ebe74\""}"", ""{\""id\"": \""bldg_9b9068ab-50d0-42fa-8436-ac63c3ec2a0a\""}"", ""{\""id\"": \""bldg_9b9fe2d9-f16e-4ca4-b6ad-06e3f3ff9fa6\""}"", ""{\""id\"": \""bldg_9ba3bfe5-2678-489c-a47c-60a395bfa6db\""}"", ""{\""id\"": \""bldg_9bb66399-8712-4595-befa-c424aaf340bd\""}"", ""{\""id\"": \""bldg_9bec4ed7-8dc8-46f0-8846-7a7b994952da\""}"", ""{\""id\"": \""bldg_9c184017-26b4-4727-8b1a-476eaaf6803b\""}"", ""{\""id\"": \""bldg_9c2fbc06-7d8d-4546-b3f8-11c9796a58a4\""}"", ""{\""id\"": \""bldg_9c62f7ca-ee6d-40c7-a467-1ade285b0904\""}"", ""{\""id\"": \""bldg_9c6e7395-ed4c-4920-a0da-100a91f2352e\""}"", ""{\""id\"": \""bldg_9c8e3bd9-6556-42f3-8787-a8d6b34b3d82\""}"", ""{\""id\"": \""bldg_9ca4b3cc-49ec-40f6-829c-a1975fd8abb3\""}"", ""{\""id\"": \""bldg_9cce3340-cc43-4c34-9ce2-c2dbd6f4d187\""}"", ""{\""id\"": \""bldg_9cff439f-0598-4d06-a7e9-266a5f0b2f6c\""}"", ""{\""id\"": \""bldg_9d173b7c-a27c-4aae-a3e9-dab78186d54e\""}"", ""{\""id\"": \""bldg_9d3b9023-0caf-42c8-8619-1583a9addd05\""}"", ""{\""id\"": \""bldg_9d5531f8-ed4a-465c-9191-4603c29f33d4\""}"", ""{\""id\"": \""bldg_9d62acea-a7fc-46df-b50e-544d9fcf4b25\""}"", ""{\""id\"": \""bldg_9db52583-4c39-4c68-98aa-009865e227a0\""}"", ""{\""id\"": \""bldg_9dcaa1ae-1189-41a2-936e-18b57c723c99\""}"", ""{\""id\"": \""bldg_9dd0a05c-5958-42ef-b278-44afaae57120\""}"", ""{\""id\"": \""bldg_9de26712-7390-4a1d-aedd-ec0a84c1a740\""}"", ""{\""id\"": \""bldg_9de33c47-4f43-4501-944f-ad42a841ca14\""}"", ""{\""id\"": \""bldg_9e0d8915-13d1-42c5-923b-f5c2a7e2873b\""}"", ""{\""id\"": \""bldg_9e226228-a553-448d-965d-88e7cffc0159\""}"", ""{\""id\"": \""bldg_9e28fb23-f285-446b-a8b5-5492acf62aee\""}"", ""{\""id\"": \""bldg_9e2a99ec-a43b-40f4-9e3c-3e527ca304dc\""}"", ""{\""id\"": \""bldg_9e501d2f-9a57-4db3-a089-393eae8f5dad\""}"", ""{\""id\"": \""bldg_9e73de4c-bda9-4b0f-8fb9-7021a5a2eb57\""}"", ""{\""id\"": \""bldg_9e9865fc-6045-4309-98e0-9301914c7e68\""}"", ""{\""id\"": \""bldg_9ea0830f-b6af-4e78-8c50-9efb49e273bb\""}"", ""{\""id\"": \""bldg_9ea4828a-dd9e-436a-a47a-be168414263f\""}"", ""{\""id\"": \""bldg_9ee07d31-1e77-4461-b4cd-8223f103c05e\""}"", ""{\""id\"": \""bldg_9ee37ffc-f5dd-4bd9-9476-c3fe7a48c712\""}"", ""{\""id\"": \""bldg_9f16fb08-a580-4059-96e8-79fbc2b39621\""}"", ""{\""id\"": \""bldg_9f178f78-5c81-42e5-9380-5b4aca86ada0\""}"", ""{\""id\"": \""bldg_9f824557-fcc1-4832-945d-400fbfc0d483\""}"", ""{\""id\"": \""bldg_9fa2a21c-16be-46d1-9d14-58c7e66e0863\""}"", ""{\""id\"": \""bldg_9fa8e8fd-ff93-45a2-9844-b08382d1cf99\""}"", ""{\""id\"": \""bldg_9fe72a2d-05ff-4ed1-88b3-0f8f5254c156\""}"", ""{\""id\"": \""bldg_9ffa7856-6b84-4a2f-8026-d80066467265\""}"", ""{\""id\"": \""bldg_9ffd0c94-a595-4e81-94d9-ced506b9fcfc\""}"", ""{\""id\"": \""bldg_a006d392-01a6-415f-a3b6-0cd626f99c56\""}"", ""{\""id\"": \""bldg_a00ab9b6-caaa-47a6-9f71-a5f1d0617209\""}"", ""{\""id\"": \""bldg_a00b4eef-e917-4d48-8e01-b7ca78286742\""}"", ""{\""id\"": \""bldg_a017c3f6-e172-41ac-bf84-e94162c9903e\""}"", ""{\""id\"": \""bldg_a022e380-bdc5-4d69-87bf-d5285c70303c\""}"", ""{\""id\"": \""bldg_a0414f22-19fc-4117-9895-d445ae56be09\""}"", ""{\""id\"": \""bldg_a0507342-e9b2-45df-85b0-18679d3daa16\""}"", ""{\""id\"": \""bldg_a06966a2-d52b-4fd0-b257-3b7ae0aafab3\""}"", ""{\""id\"": \""bldg_a07a294b-9b02-48ef-82bc-dcbd355c7866\""}"", ""{\""id\"": \""bldg_a08acefa-5798-4b85-8925-2706a625847d\""}"", ""{\""id\"": \""bldg_a0dc2eeb-a4f6-45c6-9589-408c5f5af8b2\""}"", ""{\""id\"": \""bldg_a110914a-e98f-40b1-96ef-b4b77fdfea8d\""}"", ""{\""id\"": \""bldg_a1149595-2dcd-476a-9e8b-170bfa8789c1\""}"", ""{\""id\"": \""bldg_a11b83a6-3e4b-4bed-9636-6e8169f16e87\""}"", ""{\""id\"": \""bldg_a1315398-1d30-4d9d-977e-c8618c096764\""}"", ""{\""id\"": \""bldg_a13c76db-b889-489c-902b-3331ef4e0804\""}"", ""{\""id\"": \""bldg_a1640c75-dfdb-4ba1-a0e9-9e6dad9bb7c5\""}"", ""{\""id\"": \""bldg_a1878203-2a01-4e9f-981e-f2fadb62379c\""}"", ""{\""id\"": \""bldg_a1d6a0a5-e528-4891-b62e-c49887da3306\""}"", ""{\""id\"": \""bldg_a1e1203c-cdd2-440c-87f5-e14c2def629a\""}"", ""{\""id\"": \""bldg_a1f1cc29-17cf-4ba4-9d7f-f29b9a183091\""}"", ""{\""id\"": \""bldg_a214ddd7-6e66-4de1-b998-a9f9ce5943ad\""}"", ""{\""id\"": \""bldg_a244f7c3-36e4-491a-9798-ce569091a9cb\""}"", ""{\""id\"": \""bldg_a2537856-efd9-45b6-9f23-a53c213515b5\""}"", ""{\""id\"": \""bldg_a271eda2-ccc4-4472-a3f7-b2636e17e99b\""}"", ""{\""id\"": \""bldg_a2b03b42-ee66-4f8b-8da3-264797ef9dc1\""}"", ""{\""id\"": \""bldg_a2b77521-f470-4882-91a6-79ac2e049df0\""}"", ""{\""id\"": \""bldg_a2c88212-0465-4e1f-9f8f-e149fddef817\""}"", ""{\""id\"": \""bldg_a2d9dd10-6259-454f-9631-f7ae36182590\""}"", ""{\""id\"": \""bldg_a2e4c6d5-4f8c-40f9-8e7b-a72bcf3b01c9\""}"", ""{\""id\"": \""bldg_a2f6cc28-f35f-4787-8cf3-e296232ecf06\""}"", ""{\""id\"": \""bldg_a2fd1352-ce83-4f70-b1a0-9eaad65483f7\""}"", ""{\""id\"": \""bldg_a3860125-a692-4f52-8998-08b11d8a800d\""}"", ""{\""id\"": \""bldg_a38b5009-64ba-442f-b5e0-fbec7ce70ea2\""}"", ""{\""id\"": \""bldg_a3c58271-b352-40bb-b9d5-7ee9d9e61785\""}"", ""{\""id\"": \""bldg_a3d0d39a-d8f0-449f-91f3-2ded63375e2b\""}"", ""{\""id\"": \""bldg_a3d1e0a4-f6d2-4d70-82ee-c4b8d2bf383a\""}"", ""{\""id\"": \""bldg_a41b2f74-cef1-4591-846c-9e123a184335\""}"", ""{\""id\"": \""bldg_a44f62d0-7c13-40dd-80b6-861d137bd414\""}"", ""{\""id\"": \""bldg_a46ad262-0ecb-4b9d-a91c-7678e89cf0a3\""}"", ""{\""id\"": \""bldg_a46f584d-6720-4748-953d-4df19bd9abf2\""}"", ""{\""id\"": \""bldg_a48e0c09-15aa-46ec-b169-6a79f3e9d2ae\""}"", ""{\""id\"": \""bldg_a49ce724-88eb-4511-b27c-85bca95e5051\""}"", ""{\""id\"": \""bldg_a4c5a2e8-6529-4d0e-8071-830e134ca76d\""}"", ""{\""id\"": \""bldg_a4db7e36-76be-4c74-898a-cf381628949d\""}"", ""{\""id\"": \""bldg_a4fa17c1-a058-4eb1-ba9a-20348d7a0a99\""}"", ""{\""id\"": \""bldg_a4fcbb88-1d05-4ed1-9bfb-b51e636316df\""}"", ""{\""id\"": \""bldg_a51393dd-3e33-4ef1-a5e1-f182610babf8\""}"", ""{\""id\"": \""bldg_a54eba34-fa19-4a9a-9d39-e44ec372ebfa\""}"", ""{\""id\"": \""bldg_a555342d-63ce-48e3-a839-60d4b1fd4796\""}"", ""{\""id\"": \""bldg_a5553665-1831-48d6-bdec-0699337d3cf1\""}"", ""{\""id\"": \""bldg_a591f9e8-fdfe-44dd-ab76-ea0b4502eb5f\""}"", ""{\""id\"": \""bldg_a596f403-c798-4af1-bb9d-f7913af824b5\""}"", ""{\""id\"": \""bldg_a5e2d100-2d32-464f-8752-3e2b242a9d64\""}"", ""{\""id\"": \""bldg_a5e400ae-1676-4008-b909-67cd50a43479\""}"", ""{\""id\"": \""bldg_a609f63d-30f6-4f6a-bf15-128312a6dbdf\""}"", ""{\""id\"": \""bldg_a62dd5f1-e1d6-4907-9267-dca15413857e\""}"", ""{\""id\"": \""bldg_a6301f9b-3124-45c2-bbe0-94a0fee7bb53\""}"", ""{\""id\"": \""bldg_a6354506-ac37-4fba-b257-c25beab52d15\""}"", ""{\""id\"": \""bldg_a639ea47-1a82-45b0-a320-29d025ed3809\""}"", ""{\""id\"": \""bldg_a673b7c8-a40a-4907-b6ac-181ba2d95baf\""}"", ""{\""id\"": \""bldg_a6744111-95e8-48d6-be67-38bbc8166378\""}"", ""{\""id\"": \""bldg_a6a45dd1-48f2-40be-bb05-53014b373a7b\""}"", ""{\""id\"": \""bldg_a6d17767-9383-449a-9cc5-cc4c90aea1ef\""}"", ""{\""id\"": \""bldg_a6f8aea3-0a7b-4330-8f88-905f3510c158\""}"", ""{\""id\"": \""bldg_a6fae218-0fac-46d6-bd19-86634440ffe7\""}"", ""{\""id\"": \""bldg_a6fe4e8a-fdb2-4f0f-9d55-3e21414a9d8f\""}"", ""{\""id\"": \""bldg_a70cd52a-3729-4fe6-bc04-c3ef87a153ca\""}"", ""{\""id\"": \""bldg_a7512334-83ce-4fe5-b4b9-065a8ac50f55\""}"", ""{\""id\"": \""bldg_a7c340d7-daf1-4fa1-8a28-e56f75d02596\""}"", ""{\""id\"": \""bldg_a7d01659-c523-4d04-9912-1729eac9f66a\""}"", ""{\""id\"": \""bldg_a7db02b0-7307-41b0-ae81-d572fbe55a81\""}"", ""{\""id\"": \""bldg_a7ec4996-025c-41fa-867a-28610fce4fed\""}"", ""{\""id\"": \""bldg_a80b5b4c-d92a-4bec-8145-1e94863392e2\""}"", ""{\""id\"": \""bldg_a80e58da-20ed-459d-940b-013cfc622742\""}"", ""{\""id\"": \""bldg_a813037b-3fab-44bf-9bc1-cb14bde07380\""}"", ""{\""id\"": \""bldg_a8683c3b-a455-4d73-8ca9-bf25cacdd6ad\""}"", ""{\""id\"": \""bldg_a86fbe72-1b19-450d-b5b9-5cd0b0da71a2\""}"", ""{\""id\"": \""bldg_a88383c9-bec1-4728-9a09-905eadc2b5a1\""}"", ""{\""id\"": \""bldg_a8abbad5-6b43-430a-b4b4-1b252f356deb\""}"", ""{\""id\"": \""bldg_a8b59334-1e94-4e4d-8357-f1a0077020fa\""}"", ""{\""id\"": \""bldg_a8c0e5f3-f664-4c13-a560-97453fefd5cc\""}"", ""{\""id\"": \""bldg_a91e1c03-12ab-44df-b1dd-e6621c55f75a\""}"", ""{\""id\"": \""bldg_a931a71d-6928-4dd2-9c67-2c849b075907\""}"", ""{\""id\"": \""bldg_a94dc3b9-da9e-4745-b9fa-5df30903d4c4\""}"", ""{\""id\"": \""bldg_a983125a-39ea-46ac-abf2-c5ee06b19f83\""}"", ""{\""id\"": \""bldg_a985b766-685d-4b83-810e-6f5dc73cdd72\""}"", ""{\""id\"": \""bldg_a9958177-a121-4851-a1ab-6e8335c6db15\""}"", ""{\""id\"": \""bldg_a9bd04a3-41fb-4e69-b3fd-9175f04df129\""}"", ""{\""id\"": \""bldg_aa1b5e0f-5f42-4ba2-bf1b-b153991ab23f\""}"", ""{\""id\"": \""bldg_aa479db8-c2c2-4b29-95ed-d832d020b8a0\""}"", ""{\""id\"": \""bldg_aa50aaac-151d-42ff-8aeb-b60f8355ba85\""}"", ""{\""id\"": \""bldg_aa7ea188-48d0-4a4f-bea2-a9efe04cd510\""}"", ""{\""id\"": \""bldg_aa89ce23-de58-4218-aac8-5a7767fc3585\""}"", ""{\""id\"": \""bldg_aa8e3c4f-142a-4bdd-b6e5-d0ff1e53f03a\""}"", ""{\""id\"": \""bldg_aa96cd3c-e40b-407f-97d8-4e1308bfcf23\""}"", ""{\""id\"": \""bldg_aac85397-8946-4764-8c86-3c9d1e2e1814\""}"", ""{\""id\"": \""bldg_aacb32cf-1be3-4f8f-b945-d74a7fb2f04c\""}"", ""{\""id\"": \""bldg_ab035dd2-5999-4480-8157-bc187c676c7d\""}"", ""{\""id\"": \""bldg_ab098a57-30dc-4cc3-b5fd-90736f7c2971\""}"", ""{\""id\"": \""bldg_ab3faf43-7b91-4ad1-8c9c-216754822e16\""}"", ""{\""id\"": \""bldg_ab73df8a-cfb9-44dc-b19d-718d66b87fe6\""}"", ""{\""id\"": \""bldg_abca2a61-73a7-4e0c-9d0f-f677e3bde64a\""}"", ""{\""id\"": \""bldg_abe00015-cd90-412b-a475-0ed484dbe6bc\""}"", ""{\""id\"": \""bldg_abf5ef45-f40a-4491-b8aa-53f455b27bff\""}"", ""{\""id\"": \""bldg_ac02454c-428f-41fb-b23f-df1bc7d83396\""}"", ""{\""id\"": \""bldg_ac1966c0-d1b1-4620-91b0-4dc73ca71201\""}"", ""{\""id\"": \""bldg_ac324d86-67ad-4416-8483-839f431c1499\""}"", ""{\""id\"": \""bldg_ac33a248-0a6f-4196-ae31-43f4cc136668\""}"", ""{\""id\"": \""bldg_ac447ca1-131a-4de3-a5d2-b5fd8a029a21\""}"", ""{\""id\"": \""bldg_ac4c0eaf-f11f-417f-b348-6c97b0d020f6\""}"", ""{\""id\"": \""bldg_ac75c578-33ab-4f17-bbda-e3419b7ab8c4\""}"", ""{\""id\"": \""bldg_ac7c4e7b-a33c-4494-a27d-2ca080511242\""}"", ""{\""id\"": \""bldg_aca70213-18dd-4d11-82ff-854f7f4938db\""}"", ""{\""id\"": \""bldg_acb30897-652d-42aa-ba9d-f2fa1aed6850\""}"", ""{\""id\"": \""bldg_accc4c80-995f-4900-9ab2-f40ecae3f572\""}"", ""{\""id\"": \""bldg_acd72ce5-a941-4f2b-8dc5-e6184d2a9f12\""}"", ""{\""id\"": \""bldg_acd7b31a-0fb4-4f2f-a969-c864fe8fe62b\""}"", ""{\""id\"": \""bldg_ace455eb-a991-4ff5-85e4-51f6b1ed29e4\""}"", ""{\""id\"": \""bldg_acfe1460-cf57-408e-8e78-c4cfeb0885a4\""}"", ""{\""id\"": \""bldg_ad094438-168c-4ffc-a147-bec6a6c7e5e1\""}"", ""{\""id\"": \""bldg_ad13eda3-60d2-424e-a8f3-98cd52343413\""}"", ""{\""id\"": \""bldg_ad61eaf3-d226-423e-8259-d4a4938ac19c\""}"", ""{\""id\"": \""bldg_ad6325cf-634a-4c47-8622-8d7bcb93fdb5\""}"", ""{\""id\"": \""bldg_ad97c307-58b6-496b-a9ee-df3e1912c91b\""}"", ""{\""id\"": \""bldg_ad9a2a07-edc9-4ef5-bdb0-3f15fcf1a629\""}"", ""{\""id\"": \""bldg_adabb7aa-c44c-4baf-8b3d-8197a50ed76d\""}"", ""{\""id\"": \""bldg_adc65b92-4054-4175-ba25-4a9f2cc2cd33\""}"", ""{\""id\"": \""bldg_adcde67e-9862-489b-b897-f904514edf8c\""}"", ""{\""id\"": \""bldg_add7550b-d7cb-42ee-99c7-ed3a90bf157b\""}"", ""{\""id\"": \""bldg_adee58f4-3bd2-4052-8559-b4053f606077\""}"", ""{\""id\"": \""bldg_ae0c54b5-0294-4381-8f2d-2eaf36aeb18a\""}"", ""{\""id\"": \""bldg_ae17abe1-6500-48ff-bc4f-782be00e709d\""}"", ""{\""id\"": \""bldg_ae6c7c36-7603-40e8-bf89-84526dcc1664\""}"", ""{\""id\"": \""bldg_aed124e0-2385-4255-880c-4ee72d19cc31\""}"", ""{\""id\"": \""bldg_aee31e2e-6c9d-4a45-8250-95288a728c5b\""}"", ""{\""id\"": \""bldg_aef5d07b-b229-494a-9b04-bb74fe58bc39\""}"", ""{\""id\"": \""bldg_af01b2b8-2d06-4050-910c-bbe8e2ec9977\""}"", ""{\""id\"": \""bldg_af53a3e7-f342-4354-bebb-ea5b7cbe4f90\""}"", ""{\""id\"": \""bldg_af54638d-5daf-4885-be6f-ccecd36b956a\""}"", ""{\""id\"": \""bldg_af63aa26-e87a-4413-aedc-32ba353e6ecd\""}"", ""{\""id\"": \""bldg_af6e6bac-e01a-4f9d-8329-c189941b0114\""}"", ""{\""id\"": \""bldg_af8c76e5-ab0f-40b7-9639-effb96edda38\""}"", ""{\""id\"": \""bldg_af9ece3b-8426-41ba-8a2b-504b89da196b\""}"", ""{\""id\"": \""bldg_afb684e9-0b21-47a7-bc8f-a16da6344390\""}"", ""{\""id\"": \""bldg_afb68b52-096f-4953-acfe-5d997d6f1c2c\""}"", ""{\""id\"": \""bldg_afb69ba6-559e-48c2-8edf-231aaf443f5a\""}"", ""{\""id\"": \""bldg_afc55827-b94a-4d39-bd02-63efe7db5e65\""}"", ""{\""id\"": \""bldg_afc863e6-6a82-4094-870a-28bb340b92b6\""}"", ""{\""id\"": \""bldg_afd54837-ce7d-4585-a2b9-39fffcfb8bea\""}"", ""{\""id\"": \""bldg_afdafee3-6b9e-4d18-abc8-4cc11bf35919\""}"", ""{\""id\"": \""bldg_afdf2ede-9e09-4f32-a587-8cda20f07943\""}"", ""{\""id\"": \""bldg_aff22890-ce93-47de-9723-ed1726dc2205\""}"", ""{\""id\"": \""bldg_aff5895e-e143-4f51-a3c7-2964362304bb\""}"", ""{\""id\"": \""bldg_b008c85b-3ef1-4eb4-862d-3a4604f48a2a\""}"", ""{\""id\"": \""bldg_b01281fb-9fc1-47df-b2ac-fe2e90c074ae\""}"", ""{\""id\"": \""bldg_b02d30ff-8847-437a-9e98-d206528c9f11\""}"", ""{\""id\"": \""bldg_b039d225-abda-469c-be3f-09564bc6a902\""}"", ""{\""id\"": \""bldg_b0aab4b4-47da-4a10-b432-024a19f88a74\""}"", ""{\""id\"": \""bldg_b0afa18e-4adf-44a3-8f8e-0054fc0f9465\""}"", ""{\""id\"": \""bldg_b0b3948e-bec6-417b-a937-b8d7667bd0a4\""}"", ""{\""id\"": \""bldg_b0c76010-8933-4ba6-878c-7cbd4e4b7105\""}"", ""{\""id\"": \""bldg_b104b402-52b3-4840-a715-fb16b187bff1\""}"", ""{\""id\"": \""bldg_b1291ce5-d0d2-4ed5-9e98-09f8a1f0254f\""}"", ""{\""id\"": \""bldg_b18ece0d-de1c-46b7-9e2c-cd843d2da4d6\""}"", ""{\""id\"": \""bldg_b1a37286-581a-4760-b573-dcdb21abf19c\""}"", ""{\""id\"": \""bldg_b1a685a3-4592-47c0-b426-8a8ba0a4eb9b\""}"", ""{\""id\"": \""bldg_b1bb1694-1d6c-4294-9c45-55cbe780b43c\""}"", ""{\""id\"": \""bldg_b1c72601-3757-4e3e-a281-f58d19f91c3c\""}"", ""{\""id\"": \""bldg_b1c8cb6e-2bc5-4426-8285-19b914eb3f59\""}"", ""{\""id\"": \""bldg_b1e245a8-8116-40f7-b237-d9ae94c49e83\""}"", ""{\""id\"": \""bldg_b1f0b982-4fdc-4819-a163-d223a64249bd\""}"", ""{\""id\"": \""bldg_b1fd4714-a379-4a0a-a628-37162d8af064\""}"", ""{\""id\"": \""bldg_b21c4b73-950d-4220-9fe1-ac79d741aceb\""}"", ""{\""id\"": \""bldg_b2822c7f-d008-498f-bf14-03007196ed87\""}"", ""{\""id\"": \""bldg_b2945eb8-5a26-4ee4-8272-60b075007080\""}"", ""{\""id\"": \""bldg_b2f59498-f4fd-4fb7-bf84-6b45d325f6f9\""}"", ""{\""id\"": \""bldg_b336495e-694f-4616-9aca-be64e9f44f5d\""}"", ""{\""id\"": \""bldg_b35baae5-32ce-4c16-be4c-7d4906c7e541\""}"", ""{\""id\"": \""bldg_b364054f-0109-4586-ab76-d2ab7b4f0d2d\""}"", ""{\""id\"": \""bldg_b37368fa-246e-48a7-b40a-69f177f24d0a\""}"", ""{\""id\"": \""bldg_b38d2219-62de-4e24-9745-b38df062a2ca\""}"", ""{\""id\"": \""bldg_b3b6eb05-40ef-4777-ac44-fbe556e509e9\""}"", ""{\""id\"": \""bldg_b3c9a7c2-7da8-4c76-9ad4-2e2a5de6baf1\""}"", ""{\""id\"": \""bldg_b3dc9cd5-f8d1-4a58-b81e-cc8726566ae6\""}"", ""{\""id\"": \""bldg_b3ebd9c0-90fd-43ed-bb38-7e554e1edda0\""}"", ""{\""id\"": \""bldg_b4201994-7173-44ef-a9fd-9c43047b0fb2\""}"", ""{\""id\"": \""bldg_b4210dcd-b030-48f1-8d06-0102e499a5ee\""}"", ""{\""id\"": \""bldg_b4458ac3-7889-43d2-9d1c-b362222a32e7\""}"", ""{\""id\"": \""bldg_b453071c-246a-46f7-a4c1-621e574db752\""}"", ""{\""id\"": \""bldg_b467f416-aa11-4006-bc37-aa9d79839a8d\""}"", ""{\""id\"": \""bldg_b473fa63-7e2c-4774-ad63-06747e8fe8bc\""}"", ""{\""id\"": \""bldg_b476152e-2549-46e2-9103-27aa8bc7f697\""}"", ""{\""id\"": \""bldg_b4987b9c-410d-48d0-b88a-149127c902d1\""}"", ""{\""id\"": \""bldg_b4b699ea-bd6f-425a-a981-1daa7d63abfc\""}"", ""{\""id\"": \""bldg_b4cc2cf3-cd0d-4b12-862b-39fea1216489\""}"", ""{\""id\"": \""bldg_b4f4f775-96ce-40f9-a3b6-2350b2d362a2\""}"", ""{\""id\"": \""bldg_b50205ec-eaba-4327-bbd4-76e13c10dd63\""}"", ""{\""id\"": \""bldg_b519a051-8d89-48be-bb52-9554c66bd0e6\""}"", ""{\""id\"": \""bldg_b53bc50b-57ac-45aa-8f3d-754d09c60eb5\""}"", ""{\""id\"": \""bldg_b54f9fc0-bf11-4f88-9791-6543f6e3e9ec\""}"", ""{\""id\"": \""bldg_b551facc-73fa-44b6-8781-233670cd87b4\""}"", ""{\""id\"": \""bldg_b583aa03-e334-4643-b8ec-30b17d8194ae\""}"", ""{\""id\"": \""bldg_b5cfb00f-c79c-491a-9dc6-7135c7d7da19\""}"", ""{\""id\"": \""bldg_b5d4189b-671b-4d58-b15d-cd83eb7a16d1\""}"", ""{\""id\"": \""bldg_b5de6089-8287-4558-8249-f1427d6911e3\""}"", ""{\""id\"": \""bldg_b5e77bc9-337b-4da2-845e-5a9910c02fa4\""}"", ""{\""id\"": \""bldg_b5faed3d-adff-41e5-928c-bcf8e3606ca2\""}"", ""{\""id\"": \""bldg_b614ac1a-dab2-44af-a6bf-84202e75f216\""}"", ""{\""id\"": \""bldg_b632d160-9848-4301-b128-3a8198e8db37\""}"", ""{\""id\"": \""bldg_b638457a-028e-46ba-ba36-366845fe8132\""}"", ""{\""id\"": \""bldg_b65696b7-892b-49cf-a3a5-e01f467bb0b5\""}"", ""{\""id\"": \""bldg_b658decf-8229-414e-bce6-08755b41694e\""}"", ""{\""id\"": \""bldg_b6a05446-9771-4e96-85bf-6231ca4f2495\""}"", ""{\""id\"": \""bldg_b6b978bb-bea3-4b5d-a633-6422f9bfcc9f\""}"", ""{\""id\"": \""bldg_b6b99ae2-0242-4a0e-9384-54634054c36b\""}"", ""{\""id\"": \""bldg_b6d116bd-2572-4913-a660-7de8eeede1e5\""}"", ""{\""id\"": \""bldg_b6df9153-a919-4ccc-9138-d46ad7605596\""}"", ""{\""id\"": \""bldg_b6f5a58d-3f42-44d1-a15d-287e9cdff1cc\""}"", ""{\""id\"": \""bldg_b70014e3-1d21-4606-863a-9173add06838\""}"", ""{\""id\"": \""bldg_b715ec9b-626b-4022-9d5d-a52bce38853d\""}"", ""{\""id\"": \""bldg_b726b49c-107e-4377-9ced-ef8b95040782\""}"", ""{\""id\"": \""bldg_b753f9e4-3337-4324-a48f-547d9526aa72\""}"", ""{\""id\"": \""bldg_b763ea7a-1986-4bfc-94f7-3a71d32e2a8e\""}"", ""{\""id\"": \""bldg_b76b345c-a318-404e-bb77-90259fc87a16\""}"", ""{\""id\"": \""bldg_b78d42ef-1fae-41e5-a984-ad70145533f7\""}"", ""{\""id\"": \""bldg_b7b3aea4-b177-4400-b451-6524bc6f04d1\""}"", ""{\""id\"": \""bldg_b7bce8cc-3907-4a1c-84d5-dac774552425\""}"", ""{\""id\"": \""bldg_b7c504bd-9368-4979-a7b8-b8320daf1a7d\""}"", ""{\""id\"": \""bldg_b7ccbe1f-48d2-431e-aba9-7944d070aa2f\""}"", ""{\""id\"": \""bldg_b7e8adc0-e9c3-4a01-9fd2-8d080cb4256d\""}"", ""{\""id\"": \""bldg_b80e73d1-dece-4d86-b910-874f0df674ef\""}"", ""{\""id\"": \""bldg_b820c606-436e-4935-bb7c-ec6275304645\""}"", ""{\""id\"": \""bldg_b8786e30-efb7-44b1-b24f-16a88b6beb90\""}"", ""{\""id\"": \""bldg_b8950500-1917-4aae-b514-bb3bd614c3c0\""}"", ""{\""id\"": \""bldg_b8aa96d8-1fbf-4a0f-bee3-7dcb1054867d\""}"", ""{\""id\"": \""bldg_b8c84118-b82f-4e40-9d4a-305a93e902de\""}"", ""{\""id\"": \""bldg_b8d159ee-3dcc-4485-ad75-180c8dd1f69e\""}"", ""{\""id\"": \""bldg_b902dc25-3ff9-455b-9fd2-d25f81614046\""}"", ""{\""id\"": \""bldg_b908fe4e-f02e-4d29-99ad-2e6664c787a2\""}"", ""{\""id\"": \""bldg_b9142eb0-2ac8-49d8-acc8-2edf4a58e250\""}"", ""{\""id\"": \""bldg_b91d5735-8fc6-46bb-a488-13c004732b14\""}"", ""{\""id\"": \""bldg_b93a2aec-5258-410b-8a8b-197f356661cc\""}"", ""{\""id\"": \""bldg_b94ac4f3-fcfc-42cd-b8b9-869d0dda0a55\""}"", ""{\""id\"": \""bldg_b957d5b0-9d93-4522-bfd0-7f571d5e2ea3\""}"", ""{\""id\"": \""bldg_b9a24991-69de-42f0-bfcd-f293627bb412\""}"", ""{\""id\"": \""bldg_b9a70717-dddf-47e8-8f95-b60bdb27ef59\""}"", ""{\""id\"": \""bldg_b9c982c0-440a-43d2-a393-c1c6640a1df2\""}"", ""{\""id\"": \""bldg_b9cf2728-562e-4a0a-9ca2-dbd0c2216f27\""}"", ""{\""id\"": \""bldg_b9d280fe-6a3b-49ee-9267-e1e914e21f2a\""}"", ""{\""id\"": \""bldg_b9d7a967-b623-4d33-b27d-59ae9a835029\""}"", ""{\""id\"": \""bldg_b9e407b9-efa7-4f0b-bd78-23c9cc9b90f8\""}"", ""{\""id\"": \""bldg_ba2224db-ef38-4fc4-bd03-d2cceda52a5c\""}"", ""{\""id\"": \""bldg_ba4ecb5f-0902-46f7-b782-3bfdb6882c5e\""}"", ""{\""id\"": \""bldg_ba5256cf-364b-4253-ac41-274582bc584f\""}"", ""{\""id\"": \""bldg_ba6d2bdd-9bd5-4238-9ceb-6ceb64746a5a\""}"", ""{\""id\"": \""bldg_ba742b56-2141-48ae-88a8-2a233609dde5\""}"", ""{\""id\"": \""bldg_ba8264dc-0fb6-46ef-a91d-659713489607\""}"", ""{\""id\"": \""bldg_bac88dc1-b581-45a1-baf8-ec772a5ced23\""}"", ""{\""id\"": \""bldg_bacb9091-f482-4eb1-b181-f1fabd86e13a\""}"", ""{\""id\"": \""bldg_bb1b7b9c-6693-4a50-9b93-a47fdcdcdc51\""}"", ""{\""id\"": \""bldg_bb405d79-6397-4b0d-bb88-b3ffde305f00\""}"", ""{\""id\"": \""bldg_bb508afc-01f8-4f02-b855-8d9b19d4de90\""}"", ""{\""id\"": \""bldg_bb5764dc-849a-4ed2-8b97-6e0bbf6459fc\""}"", ""{\""id\"": \""bldg_bb602610-7aaf-4883-a142-1378bf55dae5\""}"", ""{\""id\"": \""bldg_bb83d72a-a637-4a67-855a-b4a5ddeaf275\""}"", ""{\""id\"": \""bldg_bb9c61c8-8820-4f07-9821-fe4c44c2c00c\""}"", ""{\""id\"": \""bldg_bba48c7a-5fde-4854-9c05-317800afbba9\""}"", ""{\""id\"": \""bldg_bba8382c-55f6-4a61-9cfb-58b2855074a0\""}"", ""{\""id\"": \""bldg_bbb35d94-2661-4abf-9526-fd74d209e6c9\""}"", ""{\""id\"": \""bldg_bbb8c55f-8884-4ef1-b810-21a71c97add8\""}"", ""{\""id\"": \""bldg_bbda9471-40ed-41a0-a323-695ac856f176\""}"", ""{\""id\"": \""bldg_bbe0547c-d003-4321-8386-a8b383724cc5\""}"", ""{\""id\"": \""bldg_bc1bd6f0-fb26-495a-beb4-07314eb3ffe6\""}"", ""{\""id\"": \""bldg_bc7f05b8-cca5-4a54-b5a4-fda93c9a1a77\""}"", ""{\""id\"": \""bldg_bc934f14-3960-4c5b-9b44-2665db9bf81f\""}"", ""{\""id\"": \""bldg_bc9d79eb-5833-48cb-bf64-3c0eb6d59e9d\""}"", ""{\""id\"": \""bldg_bcf3769a-f322-4ab6-a146-f2cb161aed64\""}"", ""{\""id\"": \""bldg_bd091455-1e05-47ec-9e0f-6430f8e06214\""}"", ""{\""id\"": \""bldg_bd968d3e-9b3e-4fb6-958f-99ed28aac445\""}"", ""{\""id\"": \""bldg_bda823f5-8913-4c43-a0de-eeb5981f0b6d\""}"", ""{\""id\"": \""bldg_bdbf5859-64ca-4f81-a3a8-c85a9fb63f23\""}"", ""{\""id\"": \""bldg_bde96d7f-956d-47a2-a585-232247dfd85a\""}"", ""{\""id\"": \""bldg_be69f010-6633-4d45-aad0-b9aba3c67e53\""}"", ""{\""id\"": \""bldg_be976e11-f4f0-4248-a32d-dee2b11bdf72\""}"", ""{\""id\"": \""bldg_bea3d58d-83ac-4f06-bd8e-d57dc77d6f98\""}"", ""{\""id\"": \""bldg_bea57209-51e1-41f0-9c7f-f95c07e746ca\""}"", ""{\""id\"": \""bldg_bebc957d-f891-4c3b-b485-2f055985a0cf\""}"", ""{\""id\"": \""bldg_bec67abb-805a-4b0a-90ad-d2e0660d59be\""}"", ""{\""id\"": \""bldg_beff2c55-7c3a-42a6-ae86-e23372ac1a5f\""}"", ""{\""id\"": \""bldg_bf1a0cea-de72-4987-8193-d0e1eeb3826d\""}"", ""{\""id\"": \""bldg_bf210b35-3917-4d4a-8516-e3674d66ad54\""}"", ""{\""id\"": \""bldg_bf46f449-11e0-4928-a284-66a62a5a25d0\""}"", ""{\""id\"": \""bldg_bf55ed0f-e50b-4622-933a-62089d525ae8\""}"", ""{\""id\"": \""bldg_bf5b4522-ca7e-4a85-8a5d-3f18203f11ba\""}"", ""{\""id\"": \""bldg_bfce1000-1529-4d2b-89dc-aedc95afbd93\""}"", ""{\""id\"": \""bldg_bfd17369-87a6-4f17-b52f-fd0180de8627\""}"", ""{\""id\"": \""bldg_bfe21f58-fa36-436c-b9ba-ef597e91c518\""}"", ""{\""id\"": \""bldg_bff85df6-d5ad-4b89-b0b9-808fcc7a744d\""}"", ""{\""id\"": \""bldg_c00d1cb9-081c-4aa6-8fa1-2cb4a2e0619a\""}"", ""{\""id\"": \""bldg_c0264e66-7dd0-4688-8618-72a66fcd74c3\""}"", ""{\""id\"": \""bldg_c0330a7d-e7d5-4e30-b91d-63bf0ad28002\""}"", ""{\""id\"": \""bldg_c040d6c6-16d4-4425-afc3-be7e3e2f856a\""}"", ""{\""id\"": \""bldg_c085c184-208c-4d61-9192-4f835bda3245\""}"", ""{\""id\"": \""bldg_c09c0ecb-54d5-4bc8-8b84-3d730de3664b\""}"", ""{\""id\"": \""bldg_c0a6c241-a867-4ccd-984f-986167bdd0a2\""}"", ""{\""id\"": \""bldg_c0a876d0-cb1e-4133-bae2-ffbb672e53e0\""}"", ""{\""id\"": \""bldg_c0cbee35-68d8-4ad4-81e2-b368143d7fb3\""}"", ""{\""id\"": \""bldg_c0cc57cb-fdda-4bbe-ba0c-c79ffe3e4864\""}"", ""{\""id\"": \""bldg_c0d553fb-f401-4eec-a6d2-4b088a370cfc\""}"", ""{\""id\"": \""bldg_c12c1eb6-80a9-4b20-b0fa-8cc8484160c8\""}"", ""{\""id\"": \""bldg_c14792f4-d7ac-470e-9c0d-7433be5bbeef\""}"", ""{\""id\"": \""bldg_c14c0fa5-ac3c-4d40-b59e-30fed1f40f25\""}"", ""{\""id\"": \""bldg_c1544ce5-4258-450f-8ce4-3730085d31a1\""}"", ""{\""id\"": \""bldg_c17d151d-affa-409c-9cdd-ef111cbcd1e9\""}"", ""{\""id\"": \""bldg_c1846f01-61b1-4223-8306-61a1969fa5cd\""}"", ""{\""id\"": \""bldg_c18d72fd-6c39-4f76-9b4c-8eef23fa1d50\""}"", ""{\""id\"": \""bldg_c19c67b3-d8a6-4029-a84b-a52baa0c5f35\""}"", ""{\""id\"": \""bldg_c1edb359-cb8d-4c4a-be0e-470c2e1b1b5c\""}"", ""{\""id\"": \""bldg_c1f14561-6db4-4b30-9aab-6308ebde1004\""}"", ""{\""id\"": \""bldg_c1f6087e-726c-4c9a-9fba-38cfda501f49\""}"", ""{\""id\"": \""bldg_c20b5dec-7fe7-4d46-8e38-1ebed6788200\""}"", ""{\""id\"": \""bldg_c20d7725-3b95-4246-a893-db6d850b820d\""}"", ""{\""id\"": \""bldg_c22b38d9-af48-4bea-8127-bc7e98ec78ba\""}"", ""{\""id\"": \""bldg_c23c9251-6243-4e30-8080-43a744f8a50f\""}"", ""{\""id\"": \""bldg_c24d2097-e92e-4029-a7ec-520cc1615ff8\""}"", ""{\""id\"": \""bldg_c2a78411-61f7-493e-b276-23090b380409\""}"", ""{\""id\"": \""bldg_c2b09ccf-befd-47a7-ab20-fe3364eeae61\""}"", ""{\""id\"": \""bldg_c2c42798-9ee4-404c-a7ab-620a99f916d4\""}"", ""{\""id\"": \""bldg_c2ce645f-9ec7-48f9-821b-6c1642df99a8\""}"", ""{\""id\"": \""bldg_c2e3c4f9-08d6-49be-b408-fcf2f767680b\""}"", ""{\""id\"": \""bldg_c337308c-e65b-495a-a7d1-c7c0b5a0fe52\""}"", ""{\""id\"": \""bldg_c375e119-afab-4791-8bbf-0afeb983d075\""}"", ""{\""id\"": \""bldg_c383c3c5-310c-4c36-bd13-44483d9e8502\""}"", ""{\""id\"": \""bldg_c39a03cb-697c-41e8-81b7-56cfde0955ae\""}"", ""{\""id\"": \""bldg_c39f829f-6187-462e-8f03-c8499fbb2161\""}"", ""{\""id\"": \""bldg_c3affbb9-c4a8-4276-a0a6-370191a3d302\""}"", ""{\""id\"": \""bldg_c3bb6498-c11b-4488-865f-4981f8240379\""}"", ""{\""id\"": \""bldg_c3eafd8e-abfa-41da-b006-edfd08552320\""}"", ""{\""id\"": \""bldg_c404676d-5ade-49c4-b851-c815a581824e\""}"", ""{\""id\"": \""bldg_c40cc080-2ed8-4418-9802-4572308c8a21\""}"", ""{\""id\"": \""bldg_c41b9e44-3e28-4655-a1c4-43d0f5d9bc06\""}"", ""{\""id\"": \""bldg_c43e290b-7342-410f-9eb6-124a8da2d2fd\""}"", ""{\""id\"": \""bldg_c4522e54-d3aa-4df3-8d1c-2ebd775921ef\""}"", ""{\""id\"": \""bldg_c4a80188-d3f7-455b-96c9-630db9c3b424\""}"", ""{\""id\"": \""bldg_c4b7722d-cf88-4a6e-8684-141624e0ba54\""}"", ""{\""id\"": \""bldg_c4c3ddb1-ac92-4b5c-8701-d0df2feef0f5\""}"", ""{\""id\"": \""bldg_c4d5596e-edd5-4b2a-9527-7b86cffed796\""}"", ""{\""id\"": \""bldg_c4d75ddb-0b7f-437c-9319-4085805ce0b4\""}"", ""{\""id\"": \""bldg_c4e8b201-20b5-455b-8cc5-c0fc743a770f\""}"", ""{\""id\"": \""bldg_c4e96ae1-9d5d-4b8e-89a3-c894078278e2\""}"", ""{\""id\"": \""bldg_c515c059-1bc0-492b-b2aa-6076934ed818\""}"", ""{\""id\"": \""bldg_c52b727c-8890-4d61-bc2e-e159eddcc110\""}"", ""{\""id\"": \""bldg_c5884a69-2d84-4f56-95e2-173d4dd3fbcb\""}"", ""{\""id\"": \""bldg_c59f9ccf-0999-4527-acbd-5962374903b6\""}"", ""{\""id\"": \""bldg_c5a5dd59-e429-4dc6-8b26-15f78c71035f\""}"", ""{\""id\"": \""bldg_c5c51dbb-ce5e-41bd-b1a3-70afc13448a4\""}"", ""{\""id\"": \""bldg_c6087282-776a-467b-9943-b2d7efbf7e07\""}"", ""{\""id\"": \""bldg_c64a984c-f42d-4c80-8d39-2497a7615cb7\""}"", ""{\""id\"": \""bldg_c64b68c8-04c1-4247-8ae5-0fdabd5e858e\""}"", ""{\""id\"": \""bldg_c651289e-fbd3-40ef-85f2-18dc05f26708\""}"", ""{\""id\"": \""bldg_c671275f-3dd3-4845-9ddb-54db53b30239\""}"", ""{\""id\"": \""bldg_c693a2d9-ffcb-474b-ba74-be20a035b53b\""}"", ""{\""id\"": \""bldg_c6c44c82-8a7f-48c0-9b4e-826cf28c0080\""}"", ""{\""id\"": \""bldg_c6df9fb4-ecff-4947-9a4d-1766ca8b0339\""}"", ""{\""id\"": \""bldg_c6fc8a18-0196-4b82-90b1-49e618bc69fa\""}"", ""{\""id\"": \""bldg_c72238ea-2df5-4477-ac25-3ae842aea829\""}"", ""{\""id\"": \""bldg_c732532a-8c34-4b8b-93fe-8f5f49665108\""}"", ""{\""id\"": \""bldg_c759f5e2-164f-4314-9ce7-9f0081f9f8c4\""}"", ""{\""id\"": \""bldg_c75f1b1c-3062-4504-8b10-7b1f5ba224c9\""}"", ""{\""id\"": \""bldg_c7640e37-73fa-4143-a7dc-893b247a71a0\""}"", ""{\""id\"": \""bldg_c7831494-535d-4674-bbb7-7306d7527f5c\""}"", ""{\""id\"": \""bldg_c7b8229b-e507-4d8c-a44a-5d10f352eaf1\""}"", ""{\""id\"": \""bldg_c7e1f768-21ba-4c8c-8155-b6365d3bd461\""}"", ""{\""id\"": \""bldg_c800d77a-220c-4245-a071-a10cb04f8cd6\""}"", ""{\""id\"": \""bldg_c801a5da-de5c-4354-95a1-4f7070bea533\""}"", ""{\""id\"": \""bldg_c817e9c9-d93a-41a1-b0ff-2504ef72e5b8\""}"", ""{\""id\"": \""bldg_c8273b90-fd17-4180-8a53-a8fbf158bc7d\""}"", ""{\""id\"": \""bldg_c853ac46-ff5c-4675-8806-dfc85e3c2b2b\""}"", ""{\""id\"": \""bldg_c86b47f9-4c7d-4560-9d0a-5a13fa9415b0\""}"", ""{\""id\"": \""bldg_c884f7b8-bd6a-443f-bfd2-f0e0204e58c4\""}"", ""{\""id\"": \""bldg_c8fad559-498b-4aa4-8277-3c12be3cf259\""}"", ""{\""id\"": \""bldg_c908f747-c88d-4e15-b7f3-267f2efe035f\""}"", ""{\""id\"": \""bldg_c92df5f5-6900-4bb7-aafc-1b1ecdc4571c\""}"", ""{\""id\"": \""bldg_c936a442-74de-4453-825c-228a9fc6e7a4\""}"", ""{\""id\"": \""bldg_c96132f4-e4de-454c-8bf2-1a720daa41ed\""}"", ""{\""id\"": \""bldg_c9880990-0cae-4a3b-a6c4-5576c85b56c1\""}"", ""{\""id\"": \""bldg_c9b391d9-acc8-4d76-9a7f-2ff1337e5950\""}"", ""{\""id\"": \""bldg_c9b7fc0d-a261-417f-a8a5-b14f9195b8e4\""}"", ""{\""id\"": \""bldg_c9b9597a-5d22-4dfc-b728-1c6e7b0462c7\""}"", ""{\""id\"": \""bldg_c9f5a24e-c0b4-4339-be1a-ea9b26259b88\""}"", ""{\""id\"": \""bldg_c9fa5ca9-2ae0-42a6-bfcc-abb10f4e8fb6\""}"", ""{\""id\"": \""bldg_ca031b58-c7d9-4187-b10f-a6101e8e8f16\""}"", ""{\""id\"": \""bldg_ca0ce2b6-7ec0-4909-9d42-64b5c05a42ae\""}"", ""{\""id\"": \""bldg_ca13974f-b8ec-4c24-b779-9aa6a10ec547\""}"", ""{\""id\"": \""bldg_ca62201b-4271-4a58-a4b8-2040bbd83b23\""}"", ""{\""id\"": \""bldg_ca8020cd-1a2d-42f2-bd74-061a5671a8b3\""}"", ""{\""id\"": \""bldg_ca866814-8b33-4dfa-86f9-e9f0cfb71194\""}"", ""{\""id\"": \""bldg_cadbbd62-c117-4bb6-909b-a98689ea5b2f\""}"", ""{\""id\"": \""bldg_cadeb92d-e11d-4195-9749-65c289496878\""}"", ""{\""id\"": \""bldg_cae0c9a6-9581-42c1-8bbd-de0ade8c06b1\""}"", ""{\""id\"": \""bldg_cae528ae-d506-4af0-bfe3-95db0606678e\""}"", ""{\""id\"": \""bldg_cafe7e4a-4a63-4afb-8129-ff4b4fe46a41\""}"", ""{\""id\"": \""bldg_cb0b30c9-0b03-4cf8-b828-cd47648377b8\""}"", ""{\""id\"": \""bldg_cb1a0f5d-e7d2-4f5f-b2fb-b030fff89a43\""}"", ""{\""id\"": \""bldg_cb47d1fb-a41d-4ad7-b23a-30bf77eef588\""}"", ""{\""id\"": \""bldg_cb5e8d08-e6e5-467c-a3e2-1f90e77ebae5\""}"", ""{\""id\"": \""bldg_cb6458e2-d9c1-44cc-991f-2fd33484089a\""}"", ""{\""id\"": \""bldg_cb7d27dd-542d-45bd-8528-5a68da6dc37a\""}"", ""{\""id\"": \""bldg_cb8a2aee-c611-47c4-87a9-4de0651714d7\""}"", ""{\""id\"": \""bldg_cb9f056e-c9dd-405d-b10f-70ae72fc9f84\""}"", ""{\""id\"": \""bldg_cbd54d0e-f88e-4c78-9c42-3509f4f94051\""}"", ""{\""id\"": \""bldg_cc119529-ccdc-41a0-9b81-bc35477fdcac\""}"", ""{\""id\"": \""bldg_cc283252-251c-4553-ad7e-423d2dfe73e8\""}"", ""{\""id\"": \""bldg_cc292a7a-6427-4521-8200-d663cbda4231\""}"", ""{\""id\"": \""bldg_cc51cc21-25d0-4912-b8a2-6ab68c118dd9\""}"", ""{\""id\"": \""bldg_cc8a43c8-9a89-4e78-98f3-3244c1efd489\""}"", ""{\""id\"": \""bldg_cc957c85-bd6d-4110-a0df-ed36d4c4a615\""}"", ""{\""id\"": \""bldg_cc9da51e-2eba-4261-9759-a16eb7eb3a00\""}"", ""{\""id\"": \""bldg_cc9e5046-b330-4f49-872b-2c1666c9f560\""}"", ""{\""id\"": \""bldg_cc9f26c2-805c-4a37-9657-feafe3bcce50\""}"", ""{\""id\"": \""bldg_ccc0031c-aeb3-484e-829b-7e20435ab36b\""}"", ""{\""id\"": \""bldg_ccc5ed56-d484-40c3-ab53-084a6801b878\""}"", ""{\""id\"": \""bldg_cccf18a9-bb85-4947-9d4f-2e6dff90b9fe\""}"", ""{\""id\"": \""bldg_cd3bbc6f-04c8-4002-94a2-e48167404b7f\""}"", ""{\""id\"": \""bldg_cd426ade-7900-4a6e-9dc8-66c9a236e710\""}"", ""{\""id\"": \""bldg_cd6d84d3-6a10-4706-bed6-02d881fb0f33\""}"", ""{\""id\"": \""bldg_cd7717ba-27d3-43e2-a226-209a98c437d9\""}"", ""{\""id\"": \""bldg_cd774534-62a9-4c70-a8e3-19a3eb6d14fe\""}"", ""{\""id\"": \""bldg_cd8330b1-8672-4c28-96ba-4e3311fda860\""}"", ""{\""id\"": \""bldg_cd842dce-d679-42d7-8986-5a03a4418fa1\""}"", ""{\""id\"": \""bldg_cd878e8e-8140-4159-8574-7ac2305168f1\""}"", ""{\""id\"": \""bldg_cd9a8d89-b6ed-4a5f-9393-27858e2515d2\""}"", ""{\""id\"": \""bldg_cda70b73-9801-4c6c-90d2-08316cac65ef\""}"", ""{\""id\"": \""bldg_cddeda9f-6f42-4bb0-9980-5900f7d3c6e1\""}"", ""{\""id\"": \""bldg_cdf2fee6-11e8-4d6a-acd7-7b5f2a01eab5\""}"", ""{\""id\"": \""bldg_cdfdbc7e-83a7-40c3-8824-f55122fd613a\""}"", ""{\""id\"": \""bldg_ce19f46c-557d-4592-ac4d-e6f143945f36\""}"", ""{\""id\"": \""bldg_ce27ba54-9794-4fe1-a4f2-dd5a032fb386\""}"", ""{\""id\"": \""bldg_ce2a9fcb-81d1-4d5b-be67-f669e0f85c2f\""}"", ""{\""id\"": \""bldg_ce37320b-27fb-4b89-97eb-cdf21ff1ceb1\""}"", ""{\""id\"": \""bldg_ce5457b2-f5f6-412c-aa22-2b6ae4e4e032\""}"", ""{\""id\"": \""bldg_ce5e2a9d-edd0-4490-98a5-056927d0456c\""}"", ""{\""id\"": \""bldg_ce878e66-143c-4271-8305-84a68578353e\""}"", ""{\""id\"": \""bldg_cea41044-d974-44c5-9323-4b6466e213cb\""}"", ""{\""id\"": \""bldg_ceaa27ab-09dd-4966-a41f-10d6822f455c\""}"", ""{\""id\"": \""bldg_ceb79a1b-4cf6-4a45-8f3f-c00bdeeb48d0\""}"", ""{\""id\"": \""bldg_ceef62d0-9a6f-4c66-b49c-9a613561ab48\""}"", ""{\""id\"": \""bldg_cef2b2dc-edad-4944-9b93-5f87865c59dc\""}"", ""{\""id\"": \""bldg_cf121c66-9420-43bb-89da-6faadeedd6e5\""}"", ""{\""id\"": \""bldg_cf15d8b0-517a-4fa7-a4c4-0f5dcaaf86ac\""}"", ""{\""id\"": \""bldg_cf19ea1a-99fe-44b9-902d-001bd9a815eb\""}"", ""{\""id\"": \""bldg_cf2da3ec-4d42-4e4f-af57-c8591bf8f2b6\""}"", ""{\""id\"": \""bldg_cf2dc18b-5fa1-4303-b209-2710f64f9f71\""}"", ""{\""id\"": \""bldg_cf467c94-570e-4ca5-824f-b8f1e31ed14f\""}"", ""{\""id\"": \""bldg_cf6fe3f8-46a0-4ab3-bf07-4091d456455c\""}"", ""{\""id\"": \""bldg_cf76d7be-5aa6-4219-8f77-bf8ec6fd885a\""}"", ""{\""id\"": \""bldg_cf7f348b-ce9e-4da2-89f9-12612a1c70f0\""}"", ""{\""id\"": \""bldg_cfb2fd8e-faa8-4360-a068-cc03891bfdb9\""}"", ""{\""id\"": \""bldg_cfbdeb60-e324-4985-9dd6-0dad505782f9\""}"", ""{\""id\"": \""bldg_cfcda91f-8c7b-4dd4-a3f5-c2d90694ad38\""}"", ""{\""id\"": \""bldg_cff43234-a267-4b97-b3b8-eda39aef1b17\""}"", ""{\""id\"": \""bldg_d055bfa9-1033-43c4-a09e-01e737b09ab3\""}"", ""{\""id\"": \""bldg_d05ea3b9-9e8b-415b-85bf-cb3789ea02c0\""}"", ""{\""id\"": \""bldg_d0711eee-2d29-47a2-a6e8-205df264e304\""}"", ""{\""id\"": \""bldg_d093384f-31d1-4c16-9efe-bada60b02635\""}"", ""{\""id\"": \""bldg_d0d43d06-b6be-4716-9c88-21555c1d8335\""}"", ""{\""id\"": \""bldg_d0db14c6-8bf2-42d4-b6ee-266f7dc34437\""}"", ""{\""id\"": \""bldg_d0e5d6b5-7c54-40c0-a0e8-cad4898097ef\""}"", ""{\""id\"": \""bldg_d12384fd-7956-4cde-a735-aed72b3d4876\""}"", ""{\""id\"": \""bldg_d12562dd-6bdc-4e3d-b85f-b47c801bd6ec\""}"", ""{\""id\"": \""bldg_d15db6e1-f586-4ff1-bc8a-54da0883bae1\""}"", ""{\""id\"": \""bldg_d171bf8e-8dc5-4da2-a7f4-b00064c81f5a\""}"", ""{\""id\"": \""bldg_d17dd565-5791-4c8b-88ec-c0825a175864\""}"", ""{\""id\"": \""bldg_d19bc720-bf95-403d-9506-44365844581f\""}"", ""{\""id\"": \""bldg_d1aec620-1429-4549-8f90-e59b23f93a9d\""}"", ""{\""id\"": \""bldg_d204b025-2645-4d15-becf-63ce62ad329d\""}"", ""{\""id\"": \""bldg_d20d8bf0-d3b4-463d-9ea7-906635423294\""}"", ""{\""id\"": \""bldg_d21dc00d-a11a-47cd-8b23-2db2bdd0473c\""}"", ""{\""id\"": \""bldg_d21e9446-4de2-4209-9f8a-115ac100583a\""}"", ""{\""id\"": \""bldg_d26aae95-ab3e-44a3-b09f-93e69bcd035c\""}"", ""{\""id\"": \""bldg_d29bc710-5bc1-4d9d-ad58-43e7f07c3dbf\""}"", ""{\""id\"": \""bldg_d2d3711d-db56-4b74-a5b5-2c44c1bfcc75\""}"", ""{\""id\"": \""bldg_d2dab6fd-e226-46ac-9f44-5e7e3541de54\""}"", ""{\""id\"": \""bldg_d2e57360-bfe9-4d72-b777-e6eacd8c71f7\""}"", ""{\""id\"": \""bldg_d2ebaa81-c0a6-46ec-ae21-142237bc1f92\""}"", ""{\""id\"": \""bldg_d2f3d7c2-72df-4563-ab2f-5650cc588de9\""}"", ""{\""id\"": \""bldg_d2f709a0-2cb8-46d4-b8a8-b5c67636dc33\""}"", ""{\""id\"": \""bldg_d30911dd-5287-4c1c-b73e-99753fd6762a\""}"", ""{\""id\"": \""bldg_d30a821b-1095-4bfe-bc05-85a7093f668d\""}"", ""{\""id\"": \""bldg_d31f99b2-3b35-45cc-baaa-e9db8fa7aeb1\""}"", ""{\""id\"": \""bldg_d335e409-a939-4bc7-a3f5-710515e70eb4\""}"", ""{\""id\"": \""bldg_d355486a-2193-4279-ab61-f2d6a53a235e\""}"", ""{\""id\"": \""bldg_d35e08bf-9ff1-4a78-9791-2bb925133e3a\""}"", ""{\""id\"": \""bldg_d368636e-8620-4955-a300-00bf4b6c9d38\""}"", ""{\""id\"": \""bldg_d36e3e8a-92cc-4e75-a795-18edb95e3456\""}"", ""{\""id\"": \""bldg_d36e58af-96c6-4837-800f-cb8e4576f2c2\""}"", ""{\""id\"": \""bldg_d37e4600-e63c-4c6f-8f69-86ee9cd51c86\""}"", ""{\""id\"": \""bldg_d38fd812-ea93-4ae0-b518-6a4419a4e383\""}"", ""{\""id\"": \""bldg_d3a002aa-afe5-4194-8d9c-9443b501b08a\""}"", ""{\""id\"": \""bldg_d3c09e3b-bf9e-4cf5-8de6-f30ed37f3f85\""}"", ""{\""id\"": \""bldg_d3fdf390-f7fd-4c32-94c0-cc492e14435d\""}"", ""{\""id\"": \""bldg_d3ff8dad-26d5-4d2a-a1e5-61a8c73e5130\""}"", ""{\""id\"": \""bldg_d453ba05-4574-4f7a-8ce8-57bb4af4fac9\""}"", ""{\""id\"": \""bldg_d458f8e1-b783-4866-8ee2-113992b32664\""}"", ""{\""id\"": \""bldg_d4654b9f-f54b-4a6c-8af9-24163ab10241\""}"", ""{\""id\"": \""bldg_d4903806-2077-4c02-8e37-bc337fa70c27\""}"", ""{\""id\"": \""bldg_d4b22896-5e23-4497-bfcc-2f871aaf6db1\""}"", ""{\""id\"": \""bldg_d4c4e3b1-0e47-4e65-a323-e319edd34a40\""}"", ""{\""id\"": \""bldg_d4d7555c-c2d3-4983-b339-dbedf731c7f0\""}"", ""{\""id\"": \""bldg_d4db8ff8-3545-4f64-8619-d2ede14c1814\""}"", ""{\""id\"": \""bldg_d50492c2-97f5-42a6-b2ef-b19bb5daccaa\""}"", ""{\""id\"": \""bldg_d506e65c-949a-4965-8b0f-67b0e50e165b\""}"", ""{\""id\"": \""bldg_d50f63aa-ddca-4b59-9574-74731823a2e1\""}"", ""{\""id\"": \""bldg_d52f2d22-c240-4858-879f-6e6ff5edebc0\""}"", ""{\""id\"": \""bldg_d535ccf9-edb6-4011-817d-144bdb5c271d\""}"", ""{\""id\"": \""bldg_d53afc5c-5f17-42d6-bdd0-2025633713f1\""}"", ""{\""id\"": \""bldg_d5684ef2-a348-49ec-ad75-9f5d59e27f31\""}"", ""{\""id\"": \""bldg_d570b7ea-608b-4f94-bb6d-008f65c984b8\""}"", ""{\""id\"": \""bldg_d59291a2-0222-4d13-9eb7-0b7d01c73282\""}"", ""{\""id\"": \""bldg_d592b7fe-6f65-4275-84dd-233ae725cd10\""}"", ""{\""id\"": \""bldg_d5b05361-bb1e-4b5b-8623-44388f3e13aa\""}"", ""{\""id\"": \""bldg_d5c5921e-1f56-4c43-806c-5b50b56f15cd\""}"", ""{\""id\"": \""bldg_d5fa5a46-0fe7-4759-989d-cfa2c3d55353\""}"", ""{\""id\"": \""bldg_d6092404-2bc9-4a15-b5fb-2e5cc9af2668\""}"", ""{\""id\"": \""bldg_d62cd30b-4dfd-4855-b9e1-6e4f9b02b740\""}"", ""{\""id\"": \""bldg_d633818f-ed9c-4342-b224-3d575a0af60a\""}"", ""{\""id\"": \""bldg_d6416b4d-8b43-4059-ba90-6b62bfc0fb4e\""}"", ""{\""id\"": \""bldg_d65d2636-7e98-42b4-b35c-eb54ee9dd4b0\""}"", ""{\""id\"": \""bldg_d67377dc-c61b-4241-b9ac-b676de7fe70c\""}"", ""{\""id\"": \""bldg_d6e01e08-f1d6-4875-a375-ac5f47c89226\""}"", ""{\""id\"": \""bldg_d6ebda0e-4882-445d-a8d6-f350fe0c5f12\""}"", ""{\""id\"": \""bldg_d7041138-2738-4115-9ab3-2d6b85f648f6\""}"", ""{\""id\"": \""bldg_d71e074d-9ee6-4029-9a25-6ce17bb22257\""}"", ""{\""id\"": \""bldg_d7206c5a-d2ad-4da0-b3fd-192f76417e19\""}"", ""{\""id\"": \""bldg_d73724d3-33e3-4216-9ade-98e83a2bb386\""}"", ""{\""id\"": \""bldg_d7372865-db03-4e82-9a71-38ccdcafd9e0\""}"", ""{\""id\"": \""bldg_d73e77fc-7784-41d2-90fb-503ff569cada\""}"", ""{\""id\"": \""bldg_d774e076-ca84-4eaf-8131-a2e933c866e5\""}"", ""{\""id\"": \""bldg_d785ea11-3856-41bd-8470-d69857b28c27\""}"", ""{\""id\"": \""bldg_d7931f19-c3e7-4ff5-b25d-bce9db45e16c\""}"", ""{\""id\"": \""bldg_d7cc1792-07ef-4114-8168-120c9bd0bff6\""}"", ""{\""id\"": \""bldg_d7e2237b-c34b-40ed-b057-c25a3f33c977\""}"", ""{\""id\"": \""bldg_d805ee98-406f-40ef-9c95-7ce282cf9232\""}"", ""{\""id\"": \""bldg_d8119f56-af5a-46a9-8de8-7acdda3a6959\""}"", ""{\""id\"": \""bldg_d8182346-3db0-4b0d-bebf-8519d18a92d4\""}"", ""{\""id\"": \""bldg_d83e3b7a-4395-48ad-8b83-c69f80cf16cb\""}"", ""{\""id\"": \""bldg_d84253e2-e39f-49a3-94de-fbc058ab1b6a\""}"", ""{\""id\"": \""bldg_d84b82e9-493a-40e4-b1c3-0d9c3a071748\""}"", ""{\""id\"": \""bldg_d855f0a4-f157-4f8a-b3aa-781e080b3c49\""}"", ""{\""id\"": \""bldg_d87a4093-9438-4ac7-aba9-158d1d20bdb9\""}"", ""{\""id\"": \""bldg_d8b39e21-06c5-4231-a15c-5335ae45ed37\""}"", ""{\""id\"": \""bldg_d8e95817-5efc-42bc-864b-122aabd6236c\""}"", ""{\""id\"": \""bldg_d90273f7-4938-4461-aaf7-2284680470e8\""}"", ""{\""id\"": \""bldg_d92b4766-4cc8-4e86-b4d4-2c5c57a73fb8\""}"", ""{\""id\"": \""bldg_d92b7beb-e4e6-4bb0-8284-304bae1a75f2\""}"", ""{\""id\"": \""bldg_d92c228f-5b5e-45bf-ae28-84139d56a36a\""}"", ""{\""id\"": \""bldg_d9327aff-a9ea-4e43-a0de-a9b30fb4786b\""}"", ""{\""id\"": \""bldg_d94c6887-10bc-46cf-abef-5921a6192c35\""}"", ""{\""id\"": \""bldg_d9610f2d-554f-4b63-b2ed-d561685f2bb8\""}"", ""{\""id\"": \""bldg_d961ed5b-3678-4904-b103-441dbbd66ac7\""}"", ""{\""id\"": \""bldg_d998eb99-165f-4343-9464-3cb23983630f\""}"", ""{\""id\"": \""bldg_d9acd333-c38b-410d-a4f1-875921963a68\""}"", ""{\""id\"": \""bldg_d9c074a0-a771-4fb4-9d00-5211ddb91b22\""}"", ""{\""id\"": \""bldg_d9ccc535-5443-4429-9174-ece0def7def4\""}"", ""{\""id\"": \""bldg_d9f14a17-fee5-42f4-9aa6-592fa25d0091\""}"", ""{\""id\"": \""bldg_d9fbcc01-02d2-4e2e-8568-ac38c004d1ea\""}"", ""{\""id\"": \""bldg_da022d53-e158-403f-a535-c3b7185199b9\""}"", ""{\""id\"": \""bldg_da1c5d0b-632a-4423-8a5f-d419017972a5\""}"", ""{\""id\"": \""bldg_da41cf94-0686-491c-b11f-30315b1806c5\""}"", ""{\""id\"": \""bldg_da571ddc-3e80-4a90-b8cd-3ecdcf09276e\""}"", ""{\""id\"": \""bldg_da6c0e3e-6008-4cd8-967b-6fd9900e2743\""}"", ""{\""id\"": \""bldg_da6f6b9c-a925-4284-984d-e37f9e436054\""}"", ""{\""id\"": \""bldg_da83620d-4657-40cc-bec2-c06555295799\""}"", ""{\""id\"": \""bldg_da8aae8f-3b14-4e38-825b-099afc5ddf97\""}"", ""{\""id\"": \""bldg_da8b4865-f5c3-47d9-84d5-d6c227cc4c3a\""}"", ""{\""id\"": \""bldg_daaf57ae-2e2d-4d40-863a-d0d567967039\""}"", ""{\""id\"": \""bldg_daf66e74-b4a5-4403-aa8d-97db6a00a725\""}"", ""{\""id\"": \""bldg_daf6d3f5-78de-4e54-9562-412c54701775\""}"", ""{\""id\"": \""bldg_daf7c593-89fd-497d-9600-877fc83e056d\""}"", ""{\""id\"": \""bldg_db05c65d-1fba-4347-81eb-8c60a6b8c2a4\""}"", ""{\""id\"": \""bldg_db145d6c-51d2-4eb3-9564-b12b049e1c9a\""}"", ""{\""id\"": \""bldg_db37dec9-a6c8-4290-80cb-e6df358038f0\""}"", ""{\""id\"": \""bldg_db3de896-f677-4c89-8f48-8a311dc52ad0\""}"", ""{\""id\"": \""bldg_db54e2ea-da3d-404f-b491-8f73956eb3c7\""}"", ""{\""id\"": \""bldg_db9d17af-27e8-46e3-9d7e-a427d056f64c\""}"", ""{\""id\"": \""bldg_dbe2748e-eca5-4dfc-a98b-18c7d87d7575\""}"", ""{\""id\"": \""bldg_dbf2571a-d158-497a-995b-e605c5ad85d5\""}"", ""{\""id\"": \""bldg_dc088c40-7e6b-4beb-af75-966211411443\""}"", ""{\""id\"": \""bldg_dc52dfd6-64a7-40f6-96be-c0732a6370ca\""}"", ""{\""id\"": \""bldg_dc708e6e-29d1-4bb0-b306-56793f1d80e4\""}"", ""{\""id\"": \""bldg_dc88f1e0-fc6f-4bac-822e-d1f170ad4fa1\""}"", ""{\""id\"": \""bldg_dcca7409-8114-447f-9be4-143bc4c60b2d\""}"", ""{\""id\"": \""bldg_dccf9e7b-c0f3-4bf6-bfc3-bd7424b568e9\""}"", ""{\""id\"": \""bldg_dd36083a-aed2-4717-bad6-7023a2bc6fd6\""}"", ""{\""id\"": \""bldg_dd36625c-cec3-484a-8a18-4bb75f38c399\""}"", ""{\""id\"": \""bldg_dd43b5a8-859f-4cf5-836a-399a8133558f\""}"", ""{\""id\"": \""bldg_dd4467a7-babe-4f94-a482-e3ec138897d6\""}"", ""{\""id\"": \""bldg_dd47d32b-1886-4f86-86f5-791561f4ed18\""}"", ""{\""id\"": \""bldg_dd50d0a0-1f64-4999-b7d5-fdda74cf712a\""}"", ""{\""id\"": \""bldg_dd85e22a-45e0-4ec0-af57-fab500b3b4eb\""}"", ""{\""id\"": \""bldg_dd8b6bab-c653-4522-aeb6-38db2dae875b\""}"", ""{\""id\"": \""bldg_dddf2d9e-bd73-4127-9cb5-fba1d86a4ad7\""}"", ""{\""id\"": \""bldg_de1f98ad-4d9a-4d71-aa4e-2fe74cfbb335\""}"", ""{\""id\"": \""bldg_de298d45-c397-4326-9f68-a931dc0733fc\""}"", ""{\""id\"": \""bldg_de3140a1-6eb9-454b-96f9-283d42c5281e\""}"", ""{\""id\"": \""bldg_de4c9a30-f37c-4310-a36e-7293b0f93dc4\""}"", ""{\""id\"": \""bldg_de7612ae-0ff3-45cd-acd0-d8435845d604\""}"", ""{\""id\"": \""bldg_de7b51af-6b1b-454d-a629-21f9e92409f3\""}"", ""{\""id\"": \""bldg_de97055c-95e0-4e1a-995a-a8b63576cee0\""}"", ""{\""id\"": \""bldg_ded8295c-6dad-4e8a-8d75-80b0d792b944\""}"", ""{\""id\"": \""bldg_dedc0e30-8c1c-44e0-81d9-e6fedd78aac7\""}"", ""{\""id\"": \""bldg_dede637b-5380-4a08-97ba-f5e41151e037\""}"", ""{\""id\"": \""bldg_deec72d4-2d1d-4768-be47-fd1738340ef0\""}"", ""{\""id\"": \""bldg_df2660f1-e000-4449-95b7-c99288942521\""}"", ""{\""id\"": \""bldg_df2c03b8-07e9-4a42-b149-91e9f8431242\""}"", ""{\""id\"": \""bldg_df3e5292-d5ab-4855-b570-8e4725ad3a41\""}"", ""{\""id\"": \""bldg_df434c26-0e67-493c-b2be-93c48074ce4b\""}"", ""{\""id\"": \""bldg_df587e19-2945-492f-98d7-00a2be352f97\""}"", ""{\""id\"": \""bldg_df6c9de9-6208-447c-a8bd-18bc0a55e800\""}"", ""{\""id\"": \""bldg_dfbc06d4-0a4a-486b-a38d-b01f857400ae\""}"", ""{\""id\"": \""bldg_dfc0ece8-6dac-45bf-a7b7-1eb0e857c9d8\""}"", ""{\""id\"": \""bldg_dfcaf113-35c1-4526-b032-a69fe522ca6d\""}"", ""{\""id\"": \""bldg_dfeb903b-dd62-47a8-8ed7-19ae3f6d41c2\""}"", ""{\""id\"": \""bldg_dfeba604-437a-4e7d-964d-5cfbfba1b38c\""}"", ""{\""id\"": \""bldg_e00043c7-e99a-4f2a-a868-a3843450bc82\""}"", ""{\""id\"": \""bldg_e03139ed-1740-493e-a279-783eea092a3e\""}"", ""{\""id\"": \""bldg_e04b9252-ab70-4087-b049-d3a99c0e2693\""}"", ""{\""id\"": \""bldg_e0647ea4-c162-4631-90be-0916a1bc5e8e\""}"", ""{\""id\"": \""bldg_e0672cd9-b923-4d7f-9ab2-0c4d082c9538\""}"", ""{\""id\"": \""bldg_e0709098-6e1d-492d-94af-b7d8a19ed4b9\""}"", ""{\""id\"": \""bldg_e0796eb5-1ab2-4c58-9cf9-ac856b3f956a\""}"", ""{\""id\"": \""bldg_e0844628-ec1e-4ece-9eb0-de45f08ee2a9\""}"", ""{\""id\"": \""bldg_e0987a04-6d0a-48f9-803b-8d2dba926665\""}"", ""{\""id\"": \""bldg_e09be911-b8f6-42ac-b7a1-5570d08430c9\""}"", ""{\""id\"": \""bldg_e09eb349-471b-4f32-b9c5-e4e24098464c\""}"", ""{\""id\"": \""bldg_e0a61d63-0c50-4ea7-936d-0be2993c4f8a\""}"", ""{\""id\"": \""bldg_e0b53c6c-d253-4d89-8bf5-424f5a76de4d\""}"", ""{\""id\"": \""bldg_e11e4447-d99f-4664-86e5-a64a1676f5b0\""}"", ""{\""id\"": \""bldg_e1211324-9501-46f3-976d-dc1d9cdca08e\""}"", ""{\""id\"": \""bldg_e1548845-9485-4df2-8f30-83d76ee33da0\""}"", ""{\""id\"": \""bldg_e15ef1d3-ac8b-45fa-92ad-f72b195bc006\""}"", ""{\""id\"": \""bldg_e15f2320-f8a6-4ad4-accd-ad1e042fb0be\""}"", ""{\""id\"": \""bldg_e18090c9-1fe4-4ea9-947d-0387933bd70d\""}"", ""{\""id\"": \""bldg_e1960024-6d62-4b37-a9da-768586ab30b1\""}"", ""{\""id\"": \""bldg_e1b0a60f-56ba-497e-a493-5ec69333e791\""}"", ""{\""id\"": \""bldg_e1d27fe4-c3e9-4bb0-95c6-84bad4364caa\""}"", ""{\""id\"": \""bldg_e1ea873b-68f1-4101-9d09-7da5b1febbce\""}"", ""{\""id\"": \""bldg_e2065f53-12ce-4526-b763-7ec2e3c41c62\""}"", ""{\""id\"": \""bldg_e2067553-f7c0-4310-bf75-dac92b27133b\""}"", ""{\""id\"": \""bldg_e208418d-e7c7-49f2-b7ee-f0932b06049c\""}"", ""{\""id\"": \""bldg_e238b5dc-1e9f-4875-b2ce-a9537da043dc\""}"", ""{\""id\"": \""bldg_e25b98ef-12b4-4f38-9ddc-6ff406f254d0\""}"", ""{\""id\"": \""bldg_e276cb30-434c-4d9d-9fca-d2b6759b8214\""}"", ""{\""id\"": \""bldg_e290efd4-55bf-47a5-a59e-6531e0c0079d\""}"", ""{\""id\"": \""bldg_e2b096c2-0b67-44b8-ad37-336580803a58\""}"", ""{\""id\"": \""bldg_e2ba6584-ac4f-46af-9f88-5e69d369983f\""}"", ""{\""id\"": \""bldg_e2d441a0-2939-4f89-bfba-c495cfd30589\""}"", ""{\""id\"": \""bldg_e2d5b099-254c-4c7e-9378-b58e04784399\""}"", ""{\""id\"": \""bldg_e2db6f2f-1451-4edd-bca2-4f5d32b0eefa\""}"", ""{\""id\"": \""bldg_e312ed06-08b2-437e-8e85-793eeeb79c5b\""}"", ""{\""id\"": \""bldg_e31704e3-25f3-4341-a743-3572baeb350c\""}"", ""{\""id\"": \""bldg_e3221b6e-aa4b-4053-a3eb-df743e4cd7ea\""}"", ""{\""id\"": \""bldg_e334a7ae-d837-4388-8be4-f34486a40bcd\""}"", ""{\""id\"": \""bldg_e378134e-f43e-464e-b5cd-90877d7ba6f1\""}"", ""{\""id\"": \""bldg_e37bc6e2-75c1-4b07-aff0-23df5077fe02\""}"", ""{\""id\"": \""bldg_e3ac4932-478c-4f12-886e-4a75bfff80f6\""}"", ""{\""id\"": \""bldg_e3d3c04d-9573-4eb5-9e45-cec29c61b992\""}"", ""{\""id\"": \""bldg_e3e1a02d-346d-4868-af8c-635723ee7488\""}"", ""{\""id\"": \""bldg_e3f07da9-c86c-482f-bc17-9c1f30bc7ab8\""}"", ""{\""id\"": \""bldg_e429bdee-25a9-4db8-a9e8-9be46b940a88\""}"", ""{\""id\"": \""bldg_e43a2a95-07d8-4004-9a4d-9db8e492c8f6\""}"", ""{\""id\"": \""bldg_e45dc5d2-3bfe-42c8-bda2-a713b3f3d4d1\""}"", ""{\""id\"": \""bldg_e468a428-550c-4f45-9d27-40896f2ae9b6\""}"", ""{\""id\"": \""bldg_e49bbe6d-5a4e-45ea-89ab-77049de193a8\""}"", ""{\""id\"": \""bldg_e4abb796-c1d6-4acd-8e97-f2224ad948a1\""}"", ""{\""id\"": \""bldg_e50236ad-5603-45a2-a262-a823455d57d9\""}"", ""{\""id\"": \""bldg_e51981e0-2b4a-4290-a992-a1ac52446841\""}"", ""{\""id\"": \""bldg_e5546fef-aa3f-4578-904b-1ef1082b4375\""}"", ""{\""id\"": \""bldg_e55db7a2-40f4-4015-96e4-b17b44b31cf5\""}"", ""{\""id\"": \""bldg_e56dbf8c-9935-4999-9a0b-0a6ad3d6639d\""}"", ""{\""id\"": \""bldg_e5835ae1-63f1-4d3d-ae88-2364dd0f6bbe\""}"", ""{\""id\"": \""bldg_e59b9206-e717-4667-b7b9-51922ae232c7\""}"", ""{\""id\"": \""bldg_e5a0cd61-34dd-47aa-9532-9bb9c65f36f6\""}"", ""{\""id\"": \""bldg_e5a6924d-6fc2-4f8a-8a93-248b74be0cff\""}"", ""{\""id\"": \""bldg_e5d85dbd-c5f7-47f0-a07a-6e09bebe8da8\""}"", ""{\""id\"": \""bldg_e5f2d80e-b485-4e81-8f40-e108513d3ec4\""}"", ""{\""id\"": \""bldg_e5f6049d-0549-4ef5-8fda-a69910b7f3d6\""}"", ""{\""id\"": \""bldg_e5f6a140-d763-450a-af1c-3d7299ce44a9\""}"", ""{\""id\"": \""bldg_e6154927-5e48-424a-9e2b-ea7ba617aad5\""}"", ""{\""id\"": \""bldg_e640257a-e9aa-4187-a025-c8f402a20df8\""}"", ""{\""id\"": \""bldg_e6459bf7-f90d-419e-9351-0da9c505c703\""}"", ""{\""id\"": \""bldg_e665159b-bfbf-45fe-8e60-1e52c96f8eb3\""}"", ""{\""id\"": \""bldg_e67f9708-5119-4650-a209-7b958ec6c6ee\""}"", ""{\""id\"": \""bldg_e68618eb-f999-4a00-9da8-458ab59a9348\""}"", ""{\""id\"": \""bldg_e6962efd-4f89-44ec-8c70-655c184089c8\""}"", ""{\""id\"": \""bldg_e6cb14a8-e363-4821-82f3-4555416b0c5d\""}"", ""{\""id\"": \""bldg_e6f2b407-4361-4115-8495-1d47b3aa8e6f\""}"", ""{\""id\"": \""bldg_e70ea0d4-9682-431f-b38e-ba92c1209f78\""}"", ""{\""id\"": \""bldg_e711b04c-b9f0-475d-90bf-75205bf9d68c\""}"", ""{\""id\"": \""bldg_e72cd3a6-06b1-425e-90b5-4e104c20e219\""}"", ""{\""id\"": \""bldg_e767d0a9-794a-40f0-8552-5f66b327a16a\""}"", ""{\""id\"": \""bldg_e7ac2758-8b4a-4281-a4a2-827b525f4efc\""}"", ""{\""id\"": \""bldg_e7ac8b8a-0e86-4fa1-80a1-9b041597a8ba\""}"", ""{\""id\"": \""bldg_e7c68793-c752-4b92-9ac4-42a36f1a3ec4\""}"", ""{\""id\"": \""bldg_e7ca464e-7f4e-48bb-b371-780f8981683f\""}"", ""{\""id\"": \""bldg_e7cfe3b3-be42-4132-8794-111b0145c85e\""}"", ""{\""id\"": \""bldg_e80728c8-76f3-431a-a9be-43d3833bd36a\""}"", ""{\""id\"": \""bldg_e812b7df-06a7-45e4-88d5-a16949de2d9c\""}"", ""{\""id\"": \""bldg_e83b7184-8ec8-4dd5-bb58-3d0c7dd99f38\""}"", ""{\""id\"": \""bldg_e852454b-91fb-430c-8e19-e3a9782e9115\""}"", ""{\""id\"": \""bldg_e85d2dd0-4514-4833-827a-dafe14e379ae\""}"", ""{\""id\"": \""bldg_e86071fa-12df-4b93-9698-7371f0ce6a80\""}"", ""{\""id\"": \""bldg_e8d57a5d-d49d-4a1f-9103-4b81fb6d5f7f\""}"", ""{\""id\"": \""bldg_e8eeb385-4551-4428-8aaa-e7f2ffc85646\""}"", ""{\""id\"": \""bldg_e8f66759-0c72-4d05-8301-326d68b60126\""}"", ""{\""id\"": \""bldg_e90edc01-864c-40d0-a8dc-f0a4450aa6bc\""}"", ""{\""id\"": \""bldg_e92ec497-9c01-4717-ac8d-29c55547a1b6\""}"", ""{\""id\"": \""bldg_e9402590-b6d2-4003-b5aa-d35dfb51847a\""}"", ""{\""id\"": \""bldg_e95456dc-4d63-4ed5-bb5d-1018c46059b1\""}"", ""{\""id\"": \""bldg_e956c994-11d7-406d-b433-60fd526edcf1\""}"", ""{\""id\"": \""bldg_e958e8af-34da-4a09-a54a-2475fb6a0d94\""}"", ""{\""id\"": \""bldg_e97456a0-e595-4bf5-8e97-290ec191d36d\""}"", ""{\""id\"": \""bldg_e979a0b7-3236-4fdc-889c-f97649ffd783\""}"", ""{\""id\"": \""bldg_e997ed5d-c4d2-43b8-a2f4-6a9a359cffae\""}"", ""{\""id\"": \""bldg_e9aac73b-5a3a-46b6-ae73-173a6950fe01\""}"", ""{\""id\"": \""bldg_e9b3b958-123f-4c3a-ab3b-ad71419c8538\""}"", ""{\""id\"": \""bldg_e9cdd522-4325-4c71-8cee-e86995d9b663\""}"", ""{\""id\"": \""bldg_ea02cd6a-ee25-4243-8d02-3a0c3e8f5a36\""}"", ""{\""id\"": \""bldg_ea067425-9d8c-4adb-b66f-6b32c8005fb7\""}"", ""{\""id\"": \""bldg_ea374f78-98a5-452d-9b17-d5826696723c\""}"", ""{\""id\"": \""bldg_ea453c99-8a6e-42f5-9306-d12b4616e47e\""}"", ""{\""id\"": \""bldg_ea701e7c-3f7d-4f95-b29c-1f7bfbce1dd5\""}"", ""{\""id\"": \""bldg_ea8186b3-5ca8-4338-8118-1f76af0d4e15\""}"", ""{\""id\"": \""bldg_eaaf62f8-5efe-486f-a2ba-1516d20fd4bf\""}"", ""{\""id\"": \""bldg_ead0d81d-343f-4407-ae5f-90ae0799af3a\""}"", ""{\""id\"": \""bldg_eaf72a52-b828-4292-8727-a1bd510b29e1\""}"", ""{\""id\"": \""bldg_eb39b71b-04db-4c9f-bd4d-b23ae6e400f9\""}"", ""{\""id\"": \""bldg_eb6392d1-8648-4626-bbde-ca25d18e6c1e\""}"", ""{\""id\"": \""bldg_eb63962f-3960-4fdb-aae0-a404a795140a\""}"", ""{\""id\"": \""bldg_eb64f540-ec8e-4170-b3dd-37ea8dd4eacb\""}"", ""{\""id\"": \""bldg_eb678e3b-2652-4e6c-af8d-09446d8d5277\""}"", ""{\""id\"": \""bldg_eb68a5db-c4b6-4b3d-8673-4c3b77bbe54d\""}"", ""{\""id\"": \""bldg_eba869a0-bc27-4818-bede-e7f3edcc0ccf\""}"", ""{\""id\"": \""bldg_ebb8be74-5f37-45fa-bc02-888c0e8e12c2\""}"", ""{\""id\"": \""bldg_ebc6bc58-5d14-4d07-9c81-0dbcdb776cb2\""}"", ""{\""id\"": \""bldg_ebf4b653-e358-46c8-afe9-acf9b6fb95bc\""}"", ""{\""id\"": \""bldg_ec1a07fb-e4fe-4b89-979b-d8341c5b9634\""}"", ""{\""id\"": \""bldg_ec23a390-2b4c-4183-ae3e-bcc76d580d71\""}"", ""{\""id\"": \""bldg_ec41932d-d434-48de-8758-eabb6a552755\""}"", ""{\""id\"": \""bldg_ec470f3e-635e-40b6-828a-9a775d97b8b4\""}"", ""{\""id\"": \""bldg_ec4ed02b-e9e6-4bce-9085-5141fb0c7d52\""}"", ""{\""id\"": \""bldg_ec521957-5502-48f0-8bab-321acbbbb1db\""}"", ""{\""id\"": \""bldg_ec7d3a06-bf59-4187-a6dc-e3c5f98acf5e\""}"", ""{\""id\"": \""bldg_ec94abb4-1dcc-4f20-a27a-ed14a91e1c80\""}"", ""{\""id\"": \""bldg_ec951484-c472-409e-bb4b-8762fd9e99f1\""}"", ""{\""id\"": \""bldg_eca198f4-5290-4116-b2b6-f9875f578250\""}"", ""{\""id\"": \""bldg_ecb5e98a-102d-42df-822f-ac253a46f88d\""}"", ""{\""id\"": \""bldg_eccb4c55-2693-4b8d-8a37-b1b81bb844f3\""}"", ""{\""id\"": \""bldg_ecd75b8e-a389-4908-a250-50d19ef94c46\""}"", ""{\""id\"": \""bldg_ecdd2c9c-5ff8-49d8-a718-2feb558b9bb4\""}"", ""{\""id\"": \""bldg_ecddd2af-25e5-47b6-82be-ba1bc03e8d36\""}"", ""{\""id\"": \""bldg_ece2f9d1-bb06-44ef-9c98-cb24e0a6e28e\""}"", ""{\""id\"": \""bldg_ecfc7371-1ecd-4b79-8f4d-d85d338c6dc5\""}"", ""{\""id\"": \""bldg_ed060904-00e9-4d51-b906-8f6ff47e5c57\""}"", ""{\""id\"": \""bldg_ed17d4d5-df13-4ca8-b05d-a772df78f78d\""}"", ""{\""id\"": \""bldg_ed4427f7-c4db-4eed-8f2d-e5d5570e2985\""}"", ""{\""id\"": \""bldg_ed466867-be2c-4d20-a1f4-c63c2d2f8084\""}"", ""{\""id\"": \""bldg_ed59d28b-ee89-4f49-a7d9-c42678312118\""}"", ""{\""id\"": \""bldg_ed923f44-77b8-4c6c-a296-a980c5bdfd15\""}"", ""{\""id\"": \""bldg_eda3ecd3-d72a-4b1e-8b69-172c96403d9c\""}"", ""{\""id\"": \""bldg_edac6434-3361-440e-9764-f288de589eba\""}"", ""{\""id\"": \""bldg_edcec61a-9cb9-4139-929a-dcf134cc1f63\""}"", ""{\""id\"": \""bldg_edd20dd6-dce9-40f3-9d22-e85cd8d3cca6\""}"", ""{\""id\"": \""bldg_ede39b79-8340-4837-b166-2dafa0e9d289\""}"", ""{\""id\"": \""bldg_edf9332b-6ac8-4b49-9162-37dacc2d2002\""}"", ""{\""id\"": \""bldg_ee0abfb3-1d1d-4b69-8f7b-aef0d2121c2b\""}"", ""{\""id\"": \""bldg_ee2f3a9b-dc64-4d40-8857-76e20de0be66\""}"", ""{\""id\"": \""bldg_ee302a81-4b09-4261-b677-e8a3fe45a756\""}"", ""{\""id\"": \""bldg_ee568528-c590-417e-9e75-f9b0d406c73c\""}"", ""{\""id\"": \""bldg_ee5cba8e-288b-4f6a-b2dc-f21aa9e357b1\""}"", ""{\""id\"": \""bldg_ee6ca141-134e-4987-9947-b8fec4301771\""}"", ""{\""id\"": \""bldg_eec469ce-dbc7-449f-8571-bcbed58b9cca\""}"", ""{\""id\"": \""bldg_eed0ba27-19de-4ded-a34e-735f890c6b02\""}"", ""{\""id\"": \""bldg_eef119e7-daca-4085-b402-4fc7637c799d\""}"", ""{\""id\"": \""bldg_ef18ff0e-cca3-4b8d-b967-e272e807f2a0\""}"", ""{\""id\"": \""bldg_ef1e09af-e8d1-43ff-b947-41e323dcc02d\""}"", ""{\""id\"": \""bldg_ef1ee422-a6db-4dfd-a343-abac460e4f40\""}"", ""{\""id\"": \""bldg_ef26e235-c328-4010-9475-96c5400808a6\""}"", ""{\""id\"": \""bldg_ef3dbb79-b106-44f3-8f7d-bffec2f45294\""}"", ""{\""id\"": \""bldg_ef454fa5-acd8-43ea-922d-2726cb65dceb\""}"", ""{\""id\"": \""bldg_ef5de872-233c-4d28-9370-134d94c051fb\""}"", ""{\""id\"": \""bldg_ef65a15f-90d1-4f60-beb4-4dfc52ff8963\""}"", ""{\""id\"": \""bldg_ef8b3b7d-690b-4691-8fe0-21e4d459d061\""}"", ""{\""id\"": \""bldg_efa57904-b9f6-4d43-ac57-538ae3c20c3c\""}"", ""{\""id\"": \""bldg_efb9f5e4-3b05-42f9-8e03-a7edbe0b4be6\""}"", ""{\""id\"": \""bldg_efc67c60-c4d9-487d-ada7-4742ba9b390b\""}"", ""{\""id\"": \""bldg_efdb0d26-14ad-4020-953c-6d94abcc351f\""}"", ""{\""id\"": \""bldg_efe6ca8a-1c05-4cb3-8f62-59e09ef997f5\""}"", ""{\""id\"": \""bldg_f00555b6-f263-4cd8-bfed-ad4f1a344e4a\""}"", ""{\""id\"": \""bldg_f029e777-241b-449e-a7e9-f7c9cfc93192\""}"", ""{\""id\"": \""bldg_f03a673e-28c3-4920-8afc-a95ede5ab4f2\""}"", ""{\""id\"": \""bldg_f0564a6d-0e7f-4210-be3c-f8e13513bd95\""}"", ""{\""id\"": \""bldg_f082eae1-2f25-43e3-8ec2-e0bdec3b5edd\""}"", ""{\""id\"": \""bldg_f08c8028-b14f-4fa2-86fd-27fad6ee0003\""}"", ""{\""id\"": \""bldg_f0a756b1-02c9-44be-8561-727ce4248a27\""}"", ""{\""id\"": \""bldg_f0b38323-d396-4e7a-a859-a923e46a8d78\""}"", ""{\""id\"": \""bldg_f0d3056e-b479-409f-b7c1-57d26051f25d\""}"", ""{\""id\"": \""bldg_f10e7b41-1818-478d-af81-dd05de8abc03\""}"", ""{\""id\"": \""bldg_f1342c4d-c2db-45b1-9cdb-c7c3cab3f219\""}"", ""{\""id\"": \""bldg_f17371bf-fa93-4fde-be70-d38f82ddc59f\""}"", ""{\""id\"": \""bldg_f18b7850-8a64-423e-b520-01524c46d87b\""}"", ""{\""id\"": \""bldg_f199bffa-d501-4d44-8200-464984f35c7c\""}"", ""{\""id\"": \""bldg_f1ab7dc8-2ab1-4df2-a26e-582a2371d725\""}"", ""{\""id\"": \""bldg_f1edb1c1-9a39-40fd-a9be-da2e4eb4691f\""}"", ""{\""id\"": \""bldg_f1f6854f-fc6a-496f-8702-341339173de3\""}"", ""{\""id\"": \""bldg_f1ff8dd3-6b2f-4f69-bb49-d1a7e77a3fe0\""}"", ""{\""id\"": \""bldg_f24e6c0c-056c-4e80-9e37-4ac63fa5bda7\""}"", ""{\""id\"": \""bldg_f278a1e8-26de-4869-9d04-6c09ed7b3960\""}"", ""{\""id\"": \""bldg_f2799090-7de4-4d4e-b08b-a3e0e778d06d\""}"", ""{\""id\"": \""bldg_f27c352c-4c37-48fd-8b9c-6016d0a55f35\""}"", ""{\""id\"": \""bldg_f27dc909-e20a-44c8-8f5c-af6ec5ac382a\""}"", ""{\""id\"": \""bldg_f296e9a4-0f9b-4f14-b98a-cddb1f1ee8fe\""}"", ""{\""id\"": \""bldg_f29f7bd2-e8b6-4e60-b980-93d15076c2e9\""}"", ""{\""id\"": \""bldg_f2cc573e-9a19-4e74-9a4d-0266a15655e5\""}"", ""{\""id\"": \""bldg_f2d97dc9-b21d-48e8-bf22-e69d4d9cae06\""}"", ""{\""id\"": \""bldg_f2dae4e4-862f-406a-bdda-10c656097090\""}"", ""{\""id\"": \""bldg_f2efa31c-2c12-4102-92b8-def3799a63ce\""}"", ""{\""id\"": \""bldg_f3034642-7f4a-4adb-b606-9ba859bdb608\""}"", ""{\""id\"": \""bldg_f30b6e8d-08fc-4e7e-a330-b00ba8bc0c6a\""}"", ""{\""id\"": \""bldg_f32f7cb9-3d46-4a00-b0ff-e38f7646e00b\""}"", ""{\""id\"": \""bldg_f3d10297-e5c6-433d-a5ea-02870b6a6346\""}"", ""{\""id\"": \""bldg_f401eadc-b341-4a36-bc86-a0372876dacf\""}"", ""{\""id\"": \""bldg_f416aa66-d7d0-46a6-935c-94bd7a11d8e3\""}"", ""{\""id\"": \""bldg_f4302d42-e713-4a3b-85c9-88f91044d85f\""}"", ""{\""id\"": \""bldg_f4340085-55c8-4401-9697-370e332b569d\""}"", ""{\""id\"": \""bldg_f45f5421-1c86-4251-b0ba-d742cda611c4\""}"", ""{\""id\"": \""bldg_f4632466-bb18-4890-86d7-f2eb7f024ccc\""}"", ""{\""id\"": \""bldg_f46f0420-e035-4712-a314-e52bad9f8160\""}"", ""{\""id\"": \""bldg_f4748118-3458-45b2-b37e-6669f9b1e9ac\""}"", ""{\""id\"": \""bldg_f4f13d08-61f0-40ce-a6bf-2117dcf63a9f\""}"", ""{\""id\"": \""bldg_f5099fd9-ec8c-4e66-a728-e7a8a7efe7bb\""}"", ""{\""id\"": \""bldg_f514dba6-e252-48aa-bba5-f67caae19949\""}"", ""{\""id\"": \""bldg_f5322720-252d-4870-8824-ca3532998350\""}"", ""{\""id\"": \""bldg_f5370d2f-5988-4e4d-9366-b705687336a0\""}"", ""{\""id\"": \""bldg_f5465d2e-bf68-4489-8983-ae927d52754c\""}"", ""{\""id\"": \""bldg_f54872ef-d2d0-441f-9895-6b230c6ffcdf\""}"", ""{\""id\"": \""bldg_f551230d-55a2-462c-a6a1-3779e8b35666\""}"", ""{\""id\"": \""bldg_f5617bb0-f511-4abd-87e8-a9441232f235\""}"", ""{\""id\"": \""bldg_f5813bef-70b6-4121-9df9-8b9eb692c452\""}"", ""{\""id\"": \""bldg_f598d9e9-f185-4e28-8a2d-fc4c6f30905c\""}"", ""{\""id\"": \""bldg_f5e3caa5-4ff0-474f-b878-469c3dd73ce9\""}"", ""{\""id\"": \""bldg_f5e95e41-589b-4b9e-a1bd-8fe6ebd7871b\""}"", ""{\""id\"": \""bldg_f5ef4eec-cbaa-4fbd-adaa-5dfe20129b24\""}"", ""{\""id\"": \""bldg_f5ff20c0-fd0a-4edc-821c-293b08f23d9f\""}"", ""{\""id\"": \""bldg_f6129b7d-99d3-4f9c-b5ab-d5888eb38344\""}"", ""{\""id\"": \""bldg_f61b9000-39fa-4ca2-b5d9-b314778942d1\""}"", ""{\""id\"": \""bldg_f6234609-6919-4e46-ac44-aced4afdc37d\""}"", ""{\""id\"": \""bldg_f62fa4af-9c5c-40f6-8887-888209174b98\""}"", ""{\""id\"": \""bldg_f6427378-77ee-488b-8418-e132f95c1171\""}"", ""{\""id\"": \""bldg_f6766dc9-05a5-474d-8f81-be9b387d03e4\""}"", ""{\""id\"": \""bldg_f67e80ff-0714-49a4-9907-0ce63a67129c\""}"", ""{\""id\"": \""bldg_f695547c-62ce-4c1c-9172-8d637097dc3b\""}"", ""{\""id\"": \""bldg_f6992e9c-509a-4ec1-ade9-8200b8efce51\""}"", ""{\""id\"": \""bldg_f6a71eee-893b-4358-82a3-79aabc4a6b6c\""}"", ""{\""id\"": \""bldg_f6cc533f-03ee-47d2-a434-d279abec866d\""}"", ""{\""id\"": \""bldg_f6d2c02e-791d-4f84-b67a-5818658b1600\""}"", ""{\""id\"": \""bldg_f6d372b2-2270-405f-bc93-57054fcc8251\""}"", ""{\""id\"": \""bldg_f72055da-3bd1-4155-9abb-20008e69915d\""}"", ""{\""id\"": \""bldg_f74b3ed8-8fd2-451d-a5ce-f6a715fdfc08\""}"", ""{\""id\"": \""bldg_f74fc9cd-70a7-4b6b-9551-d97b230ab3f4\""}"", ""{\""id\"": \""bldg_f7505d5c-3ed9-49a7-81bd-ff17634931e9\""}"", ""{\""id\"": \""bldg_f759c51b-751b-4ab8-9f4b-5458ca6917aa\""}"", ""{\""id\"": \""bldg_f779a9cb-8638-4b2e-aa47-92992b622b8b\""}"", ""{\""id\"": \""bldg_f78b51af-7a39-4cb7-94e3-35f8ea6b56a5\""}"", ""{\""id\"": \""bldg_f791526c-09e0-45a6-bc4b-ec1b93205abe\""}"", ""{\""id\"": \""bldg_f7c9fda8-6037-487f-82ca-4e8dfb1864aa\""}"", ""{\""id\"": \""bldg_f7e051d0-94b9-4455-837d-f1bc706cd55d\""}"", ""{\""id\"": \""bldg_f7ec34c8-bf72-4e2a-931a-0dfc4953387c\""}"", ""{\""id\"": \""bldg_f8182c37-6b70-4d72-98eb-0422da112745\""}"", ""{\""id\"": \""bldg_f8255174-916b-4e3a-9a7f-09b305ecf3f2\""}"", ""{\""id\"": \""bldg_f85de52c-3c05-42fc-bbaa-ba3e9717ca8c\""}"", ""{\""id\"": \""bldg_f8a91866-5903-4af7-8000-c7d2c4e57868\""}"", ""{\""id\"": \""bldg_f8acb0b0-fea4-4b59-97dc-292d624564dd\""}"", ""{\""id\"": \""bldg_f8b640f5-e03a-42f1-9176-373f8fa1e9f1\""}"", ""{\""id\"": \""bldg_f8be6143-744f-4804-970c-8cdd2e02d43c\""}"", ""{\""id\"": \""bldg_f9a85051-8baf-4286-8734-0b31eba40454\""}"", ""{\""id\"": \""bldg_f9b692a7-17ac-421b-968a-03d43a09d1b5\""}"", ""{\""id\"": \""bldg_f9bff0f2-69f2-49dc-952a-530c541a7b37\""}"", ""{\""id\"": \""bldg_f9c6ad02-7559-4902-8ebb-eca73f0d2e40\""}"", ""{\""id\"": \""bldg_f9f46efe-27fc-4d12-b403-350a9a419ad3\""}"", ""{\""id\"": \""bldg_fa1b98f5-f74e-41b6-9fcf-a976280a445d\""}"", ""{\""id\"": \""bldg_fa43e1cc-5e1c-4806-b285-e22aa9dcc735\""}"", ""{\""id\"": \""bldg_fa75d448-be62-42c8-8076-c7a61b139229\""}"", ""{\""id\"": \""bldg_fa91540f-3d1d-4a3b-89f6-21d11ea2b90b\""}"", ""{\""id\"": \""bldg_fa98dbbd-8983-4432-9068-e95b2d828a7f\""}"", ""{\""id\"": \""bldg_faab456a-ccda-42a9-8091-80ea70e59629\""}"", ""{\""id\"": \""bldg_faaf3729-81f3-4f1e-a060-8a74821b6111\""}"", ""{\""id\"": \""bldg_fae5a41f-0b8c-4ba0-a6c5-6b452120a726\""}"", ""{\""id\"": \""bldg_faea113e-f827-47e0-8338-c99ba35ddf78\""}"", ""{\""id\"": \""bldg_fafafc3d-c342-408f-b376-f70d066c3141\""}"", ""{\""id\"": \""bldg_fb088fba-aec5-4d98-827d-60e81c7006d6\""}"", ""{\""id\"": \""bldg_fb0f8e31-e160-4686-9240-08addf8d2cd0\""}"", ""{\""id\"": \""bldg_fb320c4d-f6e4-45b8-b0aa-897f1e57e9e7\""}"", ""{\""id\"": \""bldg_fb42c893-a07a-45eb-959b-cb3f573c78e3\""}"", ""{\""id\"": \""bldg_fb54f045-3749-4837-95d3-71f264558271\""}"", ""{\""id\"": \""bldg_fb58aba9-d8e2-4b9a-962c-e09b40e811c3\""}"", ""{\""id\"": \""bldg_fb5f7674-b025-47c8-9359-234466257061\""}"", ""{\""id\"": \""bldg_fb6cab77-0ed8-42a7-ad7e-bda5cd2d30b8\""}"", ""{\""id\"": \""bldg_fbbb39c6-a86b-48dd-a100-872e5072d560\""}"", ""{\""id\"": \""bldg_fbbe865a-aea6-4af4-8abe-8e1e11fec3e7\""}"", ""{\""id\"": \""bldg_fbcdbab5-27a6-4516-b115-707aa34e8717\""}"", ""{\""id\"": \""bldg_fbf323c4-9702-46ac-87fc-f71c6b8661f2\""}"", ""{\""id\"": \""bldg_fc0c50f8-7392-4109-b894-68ca50e03c35\""}"", ""{\""id\"": \""bldg_fc3b25a3-9a5f-4ae0-a072-ba0e9fbd8ca3\""}"", ""{\""id\"": \""bldg_fc4c6d2a-0885-4029-b7dc-0e2352b4d71e\""}"", ""{\""id\"": \""bldg_fc7da8b5-fb11-4a4e-beae-492416eb67d7\""}"", ""{\""id\"": \""bldg_fc92f9c7-b605-4de6-873c-f121b1d0b336\""}"", ""{\""id\"": \""bldg_fc9bade4-ae5f-444a-a112-1148f7d14cd8\""}"", ""{\""id\"": \""bldg_fc9de722-e90d-4486-ada0-3d099907a195\""}"", ""{\""id\"": \""bldg_fca5a4fd-2296-4bee-990f-88f2f4f63e46\""}"", ""{\""id\"": \""bldg_fce50dd8-2ea8-4ade-8bbf-f9397d606c14\""}"", ""{\""id\"": \""bldg_fd137256-e3a6-4b80-a0db-65ef5cec666f\""}"", ""{\""id\"": \""bldg_fd2123c6-f363-455a-b67f-f87dee067499\""}"", ""{\""id\"": \""bldg_fd341897-08d8-4c38-9199-3396333db289\""}"", ""{\""id\"": \""bldg_fd3dc579-acd0-42e3-a560-06c58c5918f2\""}"", ""{\""id\"": \""bldg_fd3e08ec-dc55-4f4a-b60e-366cee222709\""}"", ""{\""id\"": \""bldg_fd662af5-c134-4d33-aca7-ca8c3de03031\""}"", ""{\""id\"": \""bldg_fd6ba7c0-b7e2-4571-acf7-cc9cd42f0cf3\""}"", ""{\""id\"": \""bldg_fd81c9c5-8057-4cec-a4ce-0de7d1c07d0f\""}"", ""{\""id\"": \""bldg_fd9e938e-1a9a-4be8-ab21-bf75c9c9e836\""}"", ""{\""id\"": \""bldg_fdd00590-7f3b-4a5e-96f9-6021bc3067cd\""}"", ""{\""id\"": \""bldg_fde7b5a1-7a14-4d8a-a65b-11f8055f0b32\""}"", ""{\""id\"": \""bldg_fded3c8e-c775-457b-8ac0-39f337074882\""}"", ""{\""id\"": \""bldg_fe13d8a7-9f48-4445-b810-c6689242c668\""}"", ""{\""id\"": \""bldg_fe240c07-0f77-4039-8e25-6713b482408e\""}"", ""{\""id\"": \""bldg_fe2fe9ab-a65e-4b37-99f6-7953b4f40452\""}"", ""{\""id\"": \""bldg_fe5d0f51-9369-4c6b-9af0-2ce503e42d8b\""}"", ""{\""id\"": \""bldg_fecc94c7-cfbc-4ec1-8045-f9bff2146a2a\""}"", ""{\""id\"": \""bldg_fed01f70-3612-4675-9b94-a57bd9377f6c\""}"", ""{\""id\"": \""bldg_fedb2fdf-c715-46a6-9e2f-ebef86be73c4\""}"", ""{\""id\"": \""bldg_ff17019c-c741-46fb-b4bf-a204004eacec\""}"", ""{\""id\"": \""bldg_ff200e56-d422-4d6e-8618-c2b5ff4d21be\""}"", ""{\""id\"": \""bldg_ff45d82a-d8d3-4919-9060-9d558ead8271\""}"", ""{\""id\"": \""bldg_ff6ae05f-53ef-47f8-9fb6-1605e75680db\""}"", ""{\""id\"": \""bldg_ff775d9f-2bc9-4f0e-b914-7d614562ec5f\""}"", ""{\""id\"": \""bldg_ff7b0f72-9ad1-43a4-a517-f3c4809fe605\""}"", ""{\""id\"": \""bldg_ff88636f-80e3-4f02-8bde-44ed5f21ecf2\""}"", ""{\""id\"": \""bldg_ffbd4e78-f16a-4486-8fec-4ca84bc51e28\""}"", ""{\""id\"": \""bldg_ffd98b13-e2e2-4317-b9f5-7d4b136928c5\""}"", ""{\""id\"": \""bldg_ffe5795f-6e5c-4ebd-a5e4-74c48af7d9c7\""}"", ""{\""id\"": \""bldg_ffff892b-64cc-486c-85cf-29453301c50e\""}""]",,
multihop_helsinki_building_status__p2,multihop_helsinki_building_status,multihop,helsinki,en,2,True,How many buildings fall into each lifecycle status (rakennuksen_tila) category?,<withheld: held-out test split>,,<withheld: held-out test split>,,
multihop_helsinki_material_distribution__p0,multihop_helsinki_material_distribution,multihop,helsinki,en,2,True,What is the distribution of building materials (rakennusaine) across buildings?,<withheld: held-out test split>,,<withheld: held-out test split>,,
multihop_helsinki_building_status__p1,multihop_helsinki_building_status,multihop,helsinki,en,2,True,"Break down the buildings by lifecycle status (rakennuksen_tila) -- active, planned, under construction, or demolished.",<withheld: held-out test split>,,<withheld: held-out test split>,,
multihop_jp_town_code_top__p2,multihop_jp_town_code_top,multihop,tokyo,en,3,True,List the 10 town/block codes (町丁目コード) with the highest number of buildings.,"MATCH (b:Building) WHERE b.`町_丁目コード` IS NOT NULL RETURN b.`町_丁目コード` AS town_code, count(b) AS n ORDER BY n DESC, town_code ASC LIMIT 10",,"[""{\""n\"": 166269, \""town_code\"": \""5\""}"", ""{\""n\"": 200, \""town_code\"": \""999\""}"", ""{\""n\"": 244395, \""town_code\"": \""4\""}"", ""{\""n\"": 28384, \""town_code\"": \""8\""}"", ""{\""n\"": 339425, \""town_code\"": \""3\""}"", ""{\""n\"": 393928, \""town_code\"": \""1\""}"", ""{\""n\"": 402947, \""town_code\"": \""2\""}"", ""{\""n\"": 4616, \""town_code\"": \""9\""}"", ""{\""n\"": 48227, \""town_code\"": \""7\""}"", ""{\""n\"": 96199, \""town_code\"": \""6\""}""]",,
prov_zurich_data_vintage__p2,prov_zurich_data_vintage,provenance,zurich,en,3,True,How many buildings does each recorded survey year (herkunft_jahr) have?,"MATCH (b:Building) WHERE b.herkunft_jahr IS NOT NULL RETURN b.herkunft_jahr AS source_year, count(b) AS n ORDER BY n DESC, source_year ASC",,"[""{\""n\"": 1, \""source_year\"": \""2016\""}"", ""{\""n\"": 15354, \""source_year\"": \""2024\""}"", ""{\""n\"": 2, \""source_year\"": \""2013\""}"", ""{\""n\"": 2, \""source_year\"": \""2014\""}"", ""{\""n\"": 22985, \""source_year\"": \""2022\""}"", ""{\""n\"": 3, \""source_year\"": \""2023\""}"", ""{\""n\"": 53, \""source_year\"": \""2021\""}"", ""{\""n\"": 57409, \""source_year\"": \""2019\""}"", ""{\""n\"": 886, \""source_year\"": \""2025\""}""]",,
prov_zurich_revised_count__p0,prov_zurich_revised_count,provenance,zurich,en,2,True,"How many buildings have a recorded reason for revision (grund_aenderung), i.e. were updated at least once?",<withheld: held-out test split>,,<withheld: held-out test split>,,
prov_source_qualified_value__BID_3068eafe-c703-4ec6-9__p1,prov_source_qualified_value,provenance,helsinki,en,4,True,"For building BID_3068eafe-c703-4ec6-9d56-7aee6cd73da6, what height does each source report?","MATCH (b:Building {id: 'BID_3068eafe-c703-4ec6-9d56-7aee6cd73da6'})-[r:ENRICHED_BY {is_primary: true}]->(o:OsmFeature) RETURN b.measured_height AS authoritative_height_m, toFloat(o.osm_height) AS osm_height_m, r.jaccard AS match_jaccard",,"[""{\""authoritative_height_m\"": 2.66, \""match_jaccard\"": 0.728913, \""osm_height_m\"": 2.5}""]",,
prov_lod3_confidence__DEHHALKAJ0000opO__p1,prov_lod3_confidence,provenance,hamburg,en,3,True,"For building DEHHALKAJ0000opO, what confidence and method were used to reconstruct its LoD3 facade?","MATCH (b:Building {id: 'DEHHALKAJ0000opO'}) WHERE b.lod3_confidence IS NOT NULL RETURN b.lod3_confidence AS confidence, b.lod3_method AS method, b.lod3_source AS source",,"[""{\""confidence\"": 0.9, \""method\"": \""lod3-facade-reconstruction\"", \""source\"": \""lod3:hamburg_citygml2_lod3_facades_holes_export\""}""]",,
prov_multi_matched__p0,prov_multi_matched,provenance,hamburg,en,3,True,How many buildings are matched by two or more OSM features?,<withheld: held-out test split>,,<withheld: held-out test split>,,
prov_multi_matched__p0,prov_multi_matched,provenance,helsinki,en,3,True,How many buildings are matched by two or more OSM features?,<withheld: held-out test split>,,<withheld: held-out test split>,,
prov_multi_matched__p0,prov_multi_matched,provenance,zurich,en,3,True,How many buildings are matched by two or more OSM features?,<withheld: held-out test split>,,<withheld: held-out test split>,,
prov_multi_matched__p0,prov_multi_matched,provenance,nyc,en,3,True,How many buildings are matched by two or more OSM features?,<withheld: held-out test split>,,<withheld: held-out test split>,,
prov_multi_matched__p0,prov_multi_matched,provenance,tokyo,en,3,True,How many buildings are matched by two or more OSM features?,<withheld: held-out test split>,,<withheld: held-out test split>,,
prov_zurich_data_vintage__p1,prov_zurich_data_vintage,provenance,zurich,en,3,True,Break down the buildings by source survey year (herkunft_jahr).,"MATCH (b:Building) WHERE b.herkunft_jahr IS NOT NULL RETURN b.herkunft_jahr AS source_year, count(b) AS n ORDER BY n DESC, source_year ASC",,"[""{\""n\"": 1, \""source_year\"": \""2016\""}"", ""{\""n\"": 15354, \""source_year\"": \""2024\""}"", ""{\""n\"": 2, \""source_year\"": \""2013\""}"", ""{\""n\"": 2, \""source_year\"": \""2014\""}"", ""{\""n\"": 22985, \""source_year\"": \""2022\""}"", ""{\""n\"": 3, \""source_year\"": \""2023\""}"", ""{\""n\"": 53, \""source_year\"": \""2021\""}"", ""{\""n\"": 57409, \""source_year\"": \""2019\""}"", ""{\""n\"": 886, \""source_year\"": \""2025\""}""]",,
prov_source_qualified_value__bldg_35578e37-280a-49a8-__p2,prov_source_qualified_value,provenance,tokyo,en,4,True,What are the authoritative and OSM-reported heights for building bldg_35578e37-280a-49a8-880d-81b3d1b4af47?,"MATCH (b:Building {id: 'bldg_35578e37-280a-49a8-880d-81b3d1b4af47'})-[r:ENRICHED_BY {is_primary: true}]->(o:OsmFeature) RETURN b.measured_height AS authoritative_height_m, toFloat(o.osm_height) AS osm_height_m, r.jaccard AS match_jaccard",,"[""{\""authoritative_height_m\"": 16.7, \""match_jaccard\"": 0.826267, \""osm_height_m\"": 16.0}""]",,
prov_match_cases__p0,prov_match_cases,provenance,hamburg,en,3,True,"How are the OSM-to-cadastre building matches distributed over the correspondence cases (1:1, 1:n, n:1, n:m)?","MATCH (b:Building) WHERE b.osm_match_type IS NOT NULL RETURN b.osm_match_type AS match_case, count(b) AS n ORDER BY n DESC, match_case ASC",,"[""{\""match_case\"": \""1:1\"", \""n\"": 256219}"", ""{\""match_case\"": \""1:n\"", \""n\"": 48276}"", ""{\""match_case\"": \""n:1\"", \""n\"": 16146}"", ""{\""match_case\"": \""n:m\"", \""n\"": 10677}""]",,
prov_match_cases__p0,prov_match_cases,provenance,helsinki,en,3,True,"How are the OSM-to-cadastre building matches distributed over the correspondence cases (1:1, 1:n, n:1, n:m)?","MATCH (b:Building) WHERE b.osm_match_type IS NOT NULL RETURN b.osm_match_type AS match_case, count(b) AS n ORDER BY n DESC, match_case ASC",,"[""{\""match_case\"": \""1:1\"", \""n\"": 1692}"", ""{\""match_case\"": \""1:n\"", \""n\"": 289}"", ""{\""match_case\"": \""n:1\"", \""n\"": 129}"", ""{\""match_case\"": \""n:m\"", \""n\"": 366}""]",,
prov_match_cases__p0,prov_match_cases,provenance,zurich,en,3,True,"How are the OSM-to-cadastre building matches distributed over the correspondence cases (1:1, 1:n, n:1, n:m)?","MATCH (b:Building) WHERE b.osm_match_type IS NOT NULL RETURN b.osm_match_type AS match_case, count(b) AS n ORDER BY n DESC, match_case ASC",,"[""{\""match_case\"": \""1:1\"", \""n\"": 75541}"", ""{\""match_case\"": \""1:n\"", \""n\"": 12453}"", ""{\""match_case\"": \""n:1\"", \""n\"": 2003}"", ""{\""match_case\"": \""n:m\"", \""n\"": 3961}""]",,
prov_match_cases__p0,prov_match_cases,provenance,nyc,en,3,True,"How are the OSM-to-cadastre building matches distributed over the correspondence cases (1:1, 1:n, n:1, n:m)?","MATCH (b:Building) WHERE b.osm_match_type IS NOT NULL RETURN b.osm_match_type AS match_case, count(b) AS n ORDER BY n DESC, match_case ASC",,"[""{\""match_case\"": \""1:1\"", \""n\"": 1053850}"", ""{\""match_case\"": \""1:n\"", \""n\"": 8533}"", ""{\""match_case\"": \""n:1\"", \""n\"": 3199}"", ""{\""match_case\"": \""n:m\"", \""n\"": 4595}""]",,
prov_match_cases__p0,prov_match_cases,provenance,tokyo,en,3,True,"How are the OSM-to-cadastre building matches distributed over the correspondence cases (1:1, 1:n, n:1, n:m)?","MATCH (b:Building) WHERE b.osm_match_type IS NOT NULL RETURN b.osm_match_type AS match_case, count(b) AS n ORDER BY n DESC, match_case ASC",,"[""{\""match_case\"": \""1:1\"", \""n\"": 823560}"", ""{\""match_case\"": \""1:n\"", \""n\"": 93622}"", ""{\""match_case\"": \""n:1\"", \""n\"": 22288}"", ""{\""match_case\"": \""n:m\"", \""n\"": 241579}""]",,
prov_weakest_matches__5__p2,prov_weakest_matches,provenance,hamburg,en,3,True,What are the 5 weakest primary correspondences by Jaccard confidence?,"MATCH (b:Building)-[r:ENRICHED_BY {is_primary: true}]->(:OsmFeature) WHERE r.jaccard IS NOT NULL RETURN b.id AS id, round(r.jaccard * 1000) / 1000.0 AS jaccard ORDER BY r.jaccard ASC, b.id ASC LIMIT 5",,"[""{\""id\"": \""DEHHALKA5bf000HU\"", \""jaccard\"": 0.0}"", ""{\""id\"": \""DEHHALKAP00015Sc\"", \""jaccard\"": 0.0}"", ""{\""id\"": \""DEHHALKAP000AvSY\"", \""jaccard\"": 0.0}"", ""{\""id\"": \""DEHHALKAn0000yh4\"", \""jaccard\"": 0.0}"", ""{\""id\"": \""DEHHALKAn0000zF4\"", \""jaccard\"": 0.0}""]",,
prov_weakest_matches__5__p2,prov_weakest_matches,provenance,helsinki,en,3,True,What are the 5 weakest primary correspondences by Jaccard confidence?,"MATCH (b:Building)-[r:ENRICHED_BY {is_primary: true}]->(:OsmFeature) WHERE r.jaccard IS NOT NULL RETURN b.id AS id, round(r.jaccard * 1000) / 1000.0 AS jaccard ORDER BY r.jaccard ASC, b.id ASC LIMIT 5",,"[""{\""id\"": \""BID_1dae3946-6bf5-47b3-a36c-7730d5bddc04\"", \""jaccard\"": 0.0}"", ""{\""id\"": \""BID_62b12578-c34f-4d61-b25b-112e63b46b64\"", \""jaccard\"": 0.0}"", ""{\""id\"": \""BID_733977b0-11f0-4e63-9e0b-6f27f8519cea\"", \""jaccard\"": 0.0}"", ""{\""id\"": \""BID_7876a04b-8acc-4ffb-ab83-77861b9cef05\"", \""jaccard\"": 0.0}"", ""{\""id\"": \""BID_94e042d6-e6a7-498d-a41b-68737c477fb9\"", \""jaccard\"": 0.0}""]",,
prov_weakest_matches__5__p2,prov_weakest_matches,provenance,zurich,en,3,True,What are the 5 weakest primary correspondences by Jaccard confidence?,"MATCH (b:Building)-[r:ENRICHED_BY {is_primary: true}]->(:OsmFeature) WHERE r.jaccard IS NOT NULL RETURN b.id AS id, round(r.jaccard * 1000) / 1000.0 AS jaccard ORDER BY r.jaccard ASC, b.id ASC LIMIT 5",,"[""{\""id\"": \""ID_05F89CE6-B899-4E2F-8A02-59070F16DF3B\"", \""jaccard\"": 0.0}"", ""{\""id\"": \""ID_137F26D1-E41A-4E51-9348-6FEF431F42E1\"", \""jaccard\"": 0.0}"", ""{\""id\"": \""ID_2014D025-D62F-4482-BCC1-0A73EAC83648\"", \""jaccard\"": 0.0}"", ""{\""id\"": \""ID_3B490B7B-03FE-4C95-A28D-FD3FFDF4B30C\"", \""jaccard\"": 0.0}"", ""{\""id\"": \""ID_7A721378-7DC2-46F2-919E-529413E72DAB\"", \""jaccard\"": 0.0}""]",,
prov_weakest_matches__5__p2,prov_weakest_matches,provenance,nyc,en,3,True,What are the 5 weakest primary correspondences by Jaccard confidence?,"MATCH (b:Building)-[r:ENRICHED_BY {is_primary: true}]->(:OsmFeature) WHERE r.jaccard IS NOT NULL RETURN b.id AS id, round(r.jaccard * 1000) / 1000.0 AS jaccard ORDER BY r.jaccard ASC, b.id ASC LIMIT 5",,"[""{\""id\"": \""gml_04F1A1SIYFUVCS5U5ZRQH6DKAUZZNGWTCXPB\"", \""jaccard\"": 0.0}"", ""{\""id\"": \""gml_6NBBZM1RM1XUVS7X3XINWS910N6AZYOFBUFA\"", \""jaccard\"": 0.0}"", ""{\""id\"": \""gml_C5YDA6EXWQX6SG1WEUJ12SK6D2QBFH7JCC76\"", \""jaccard\"": 0.0}"", ""{\""id\"": \""gml_LTGH7VIFJ77N4W6XLJI5WGZ1H752PUHHUZ07\"", \""jaccard\"": 0.0}"", ""{\""id\"": \""gml_UV1618926B9GUGJ8HH2N31ADHMASGEJ96DKU\"", \""jaccard\"": 0.0}""]",,
prov_weakest_matches__5__p2,prov_weakest_matches,provenance,tokyo,en,3,True,What are the 5 weakest primary correspondences by Jaccard confidence?,"MATCH (b:Building)-[r:ENRICHED_BY {is_primary: true}]->(:OsmFeature) WHERE r.jaccard IS NOT NULL RETURN b.id AS id, round(r.jaccard * 1000) / 1000.0 AS jaccard ORDER BY r.jaccard ASC, b.id ASC LIMIT 5",,"[""{\""id\"": \""bldg_2ad8b8e3-5f99-4798-a790-fccc66fa4cba\"", \""jaccard\"": 0.0}"", ""{\""id\"": \""bldg_510a51b2-4a82-4026-b35e-76718f9380a4\"", \""jaccard\"": 0.0}"", ""{\""id\"": \""bldg_be195230-39ec-43e7-840e-f38a0b01204b\"", \""jaccard\"": 0.0}"", ""{\""id\"": \""bldg_d8e017b7-ab6d-4970-a411-e98e4c39da5b\"", \""jaccard\"": 0.0}"", ""{\""id\"": \""bldg_fc204bfa-e343-464a-b75a-16c2221188c6\"", \""jaccard\"": 0.0}""]",,
prov_high_confidence__0.5__p0,prov_high_confidence,provenance,hamburg,en,3,True,How many buildings have a primary OSM match with a Jaccard overlap of at least 0.5?,MATCH (b:Building)-[r:ENRICHED_BY {is_primary: true}]->(:OsmFeature) WHERE r.jaccard >= 0.5 RETURN count(DISTINCT b) AS n,,"[""{\""n\"": 266736}""]",,
prov_high_confidence__0.5__p0,prov_high_confidence,provenance,helsinki,en,3,True,How many buildings have a primary OSM match with a Jaccard overlap of at least 0.5?,MATCH (b:Building)-[r:ENRICHED_BY {is_primary: true}]->(:OsmFeature) WHERE r.jaccard >= 0.5 RETURN count(DISTINCT b) AS n,,"[""{\""n\"": 1896}""]",,
prov_high_confidence__0.5__p0,prov_high_confidence,provenance,zurich,en,3,True,How many buildings have a primary OSM match with a Jaccard overlap of at least 0.5?,MATCH (b:Building)-[r:ENRICHED_BY {is_primary: true}]->(:OsmFeature) WHERE r.jaccard >= 0.5 RETURN count(DISTINCT b) AS n,,"[""{\""n\"": 76633}""]",,
prov_high_confidence__0.5__p0,prov_high_confidence,provenance,nyc,en,3,True,How many buildings have a primary OSM match with a Jaccard overlap of at least 0.5?,MATCH (b:Building)-[r:ENRICHED_BY {is_primary: true}]->(:OsmFeature) WHERE r.jaccard >= 0.5 RETURN count(DISTINCT b) AS n,,"[""{\""n\"": 1054277}""]",,
prov_high_confidence__0.5__p0,prov_high_confidence,provenance,tokyo,en,3,True,How many buildings have a primary OSM match with a Jaccard overlap of at least 0.5?,MATCH (b:Building)-[r:ENRICHED_BY {is_primary: true}]->(:OsmFeature) WHERE r.jaccard >= 0.5 RETURN count(DISTINCT b) AS n,,"[""{\""n\"": 763300}""]",,
prov_zurich_revised_count__p2,prov_zurich_revised_count,provenance,zurich,en,2,True,For how many buildings is a reason for revision (grund_aenderung) on record?,<withheld: held-out test split>,,<withheld: held-out test split>,,
prov_secondary_edges__p1,prov_secondary_edges,provenance,hamburg,en,2,True,Count the ENRICHED_BY edges that are not marked as primary.,<withheld: held-out test split>,,<withheld: held-out test split>,,
prov_secondary_edges__p1,prov_secondary_edges,provenance,helsinki,en,2,True,Count the ENRICHED_BY edges that are not marked as primary.,<withheld: held-out test split>,,<withheld: held-out test split>,,
prov_secondary_edges__p1,prov_secondary_edges,provenance,zurich,en,2,True,Count the ENRICHED_BY edges that are not marked as primary.,<withheld: held-out test split>,,<withheld: held-out test split>,,
prov_secondary_edges__p1,prov_secondary_edges,provenance,nyc,en,2,True,Count the ENRICHED_BY edges that are not marked as primary.,<withheld: held-out test split>,,<withheld: held-out test split>,,
prov_secondary_edges__p1,prov_secondary_edges,provenance,tokyo,en,2,True,Count the ENRICHED_BY edges that are not marked as primary.,<withheld: held-out test split>,,<withheld: held-out test split>,,
prov_source_qualified_value__bldg_94e62511-7db6-4e86-__p1,prov_source_qualified_value,provenance,tokyo,en,4,True,"For building bldg_94e62511-7db6-4e86-b3c8-6ebe9d8e4984, what height does each source report?","MATCH (b:Building {id: 'bldg_94e62511-7db6-4e86-b3c8-6ebe9d8e4984'})-[r:ENRICHED_BY {is_primary: true}]->(o:OsmFeature) RETURN b.measured_height AS authoritative_height_m, toFloat(o.osm_height) AS osm_height_m, r.jaccard AS match_jaccard",,"[""{\""authoritative_height_m\"": 6.8, \""match_jaccard\"": 0.192943, \""osm_height_m\"": 7.5}""]",,
spatial_bbox_tallest__POLYGON((-11109.33500364__p0,spatial_bbox_tallest,spatial,tokyo,en,4,True,"Which is the tallest building inside the bounding box POLYGON((-11109.335003640681 -32191.837520247205, 1823.39999751931 -32191.837520247205, 1823.39999751931 -25314.110390225367, -11109.335003640681 -25314.110390225367, -11109.335003640681 -32191.837520247205))?",<withheld: held-out test split>,,<withheld: held-out test split>,,
"spatial_near_water__-46931.18,-24220.23_100__p0",spatial_near_water,spatial,tokyo,en,5,True,"How many buildings stand within 100 m of the water feature at (-46931.18,-24220.23)?","WITH split('-46931.18,-24220.23', ',') AS xy WITH point({x: toFloat(xy[0]), y: toFloat(xy[1])}) AS p CALL spatial.intersects('features', 'POLYGON((' + toString(p.x-100)+' '+toString(p.y-100)+',' + toString(p.x+100)+' '+toString(p.y-100)+',' + toString(p.x+100)+' '+toString(p.y+100)+',' + toString(p.x-100)+' '+toString(p.y+100)+',' + toString(p.x-100)+' '+toString(p.y-100)+'))') YIELD node WITH p, node WHERE node:Building AND point.distance(p, node.location) <= 100 RETURN count(DISTINCT node) AS n",,"[""{\""n\"": 0}""]",,
spatial_dense_pairs__POLYGON((-17005.67500263__p2,spatial_dense_pairs,spatial,tokyo,en,4,True,"How many building pairs within POLYGON((-17005.675002632634 -26613.54999033735, -16505.675002632634 -26613.54999033735, -16505.675002632634 -26113.54999033735, -17005.675002632634 -26113.54999033735, -17005.675002632634 -26613.54999033735)) are closer than 10 meters to each other?","CALL spatial.intersects('features', 'POLYGON((-17005.675002632634 -26613.54999033735, -16505.675002632634 -26613.54999033735, -16505.675002632634 -26113.54999033735, -17005.675002632634 -26113.54999033735, -17005.675002632634 -26613.54999033735))') YIELD node WITH node WHERE node:Building WITH collect(node) AS bldgs UNWIND bldgs AS a UNWIND bldgs AS b WITH a, b WHERE a.id < b.id AND point.distance(a.location, b.location) < 10 RETURN count(*) AS n",,"[""{\""n\"": 1674}""]",,
spatial_neighbours__DEHHALKA100002O7__p1,spatial_neighbours,spatial,hamburg,en,3,True,"Within 100 meters of building DEHHALKA100002O7, how many other buildings are there?","MATCH (b0:Building {id: 'DEHHALKA100002O7'}) WITH b0, b0.location AS c CALL spatial.intersects('features', 'POLYGON((' + toString(c.x-100)+' '+toString(c.y-100)+',' + toString(c.x+100)+' '+toString(c.y-100)+',' + toString(c.x+100)+' '+toString(c.y+100)+',' + toString(c.x-100)+' '+toString(c.y+100)+',' + toString(c.x-100)+' '+toString(c.y-100)+'))') YIELD node WITH b0, node WHERE node:Building AND node.id <> b0.id AND point.distance(b0.location, node.location) <= 100 RETURN count(node) AS n",,"[""{\""n\"": 33}""]",,
"spatial_within_distance_point__-16755.68,-26363.55_50__p2",spatial_within_distance_point,spatial,tokyo,en,3,True,"How many buildings are located no more than 50 m from (-16755.68,-26363.55)?","WITH split('-16755.68,-26363.55', ',') AS xy WITH point({x: toFloat(xy[0]), y: toFloat(xy[1])}) AS p CALL spatial.intersects('features', 'POLYGON((' + toString(p.x-50)+' '+toString(p.y-50)+',' + toString(p.x+50)+' '+toString(p.y-50)+',' + toString(p.x+50)+' '+toString(p.y+50)+',' + toString(p.x-50)+' '+toString(p.y+50)+',' + toString(p.x-50)+' '+toString(p.y-50)+'))') YIELD node WITH p, node WHERE node:Building AND point.distance(p, node.location) <= 50 RETURN count(node) AS n",,"[""{\""n\"": 77}""]",,
spatial_knearest__DEHHALKA100002LW_10__p1,spatial_knearest,spatial,hamburg,en,3,True,What are the 10 nearest buildings to building DEHHALKA100002LW?,"MATCH (b0:Building {id: 'DEHHALKA100002LW'}) MATCH (node:Building) WHERE node.id <> b0.id AND node.location IS NOT NULL RETURN node.id AS id, round(point.distance(b0.location, node.location) * 100) / 100.0 AS distance_m ORDER BY distance_m ASC, id ASC LIMIT 10",,"[""{\""distance_m\"": 24.4, \""id\"": \""DEHHALKAJ0000z0p\""}"", ""{\""distance_m\"": 32.11, \""id\"": \""DEHHALKAJ0000zQl\""}"", ""{\""distance_m\"": 41.32, \""id\"": \""DEHHALKAJ0000z3B\""}"", ""{\""distance_m\"": 42.31, \""id\"": \""DEHHALKAJ0000yyO\""}"", ""{\""distance_m\"": 47.66, \""id\"": \""DEHHALKAJ0000ylO\""}"", ""{\""distance_m\"": 53.49, \""id\"": \""DEHHALKAJ0000z47\""}"", ""{\""distance_m\"": 73.07, \""id\"": \""DEHHALKAy50000kT\""}"", ""{\""distance_m\"": 80.29, \""id\"": \""DEHHALKAJ0000zYD\""}"", ""{\""distance_m\"": 83.66, \""id\"": \""DEHHALKAJ0000zb8\""}"", ""{\""distance_m\"": 85.16, \""id\"": \""DEHHALKAy50000ka\""}""]",,
spatial_isolated__POLYGON((-6996.510015737__p2,spatial_isolated,spatial,tokyo,en,3,True,"How many buildings inside POLYGON((-6996.510015737107 -43116.09999566423, -6496.510015737107 -43116.09999566423, -6496.510015737107 -42616.09999566423, -6996.510015737107 -42616.09999566423, -6996.510015737107 -43116.09999566423)) have no other building closer than 100 meters?",<withheld: held-out test split>,,<withheld: held-out test split>,,
"spatial_near_water__586625.2,4514296.54_50__p2",spatial_near_water,spatial,nyc,en,5,True,"How many buildings are within 50 m of the water feature centered at (586625.2,4514296.54)?","WITH split('586625.2,4514296.54', ',') AS xy WITH point({x: toFloat(xy[0]), y: toFloat(xy[1])}) AS p CALL spatial.intersects('features', 'POLYGON((' + toString(p.x-50)+' '+toString(p.y-50)+',' + toString(p.x+50)+' '+toString(p.y-50)+',' + toString(p.x+50)+' '+toString(p.y+50)+',' + toString(p.x-50)+' '+toString(p.y+50)+',' + toString(p.x-50)+' '+toString(p.y-50)+'))') YIELD node WITH p, node WHERE node:Building AND point.distance(p, node.location) <= 50 RETURN count(DISTINCT node) AS n",,"[""{\""n\"": 0}""]",,
spatial_knearest__BID_0019d516-d07e-4315-9_5__p2,spatial_knearest,spatial,helsinki,en,3,True,List the 5 buildings closest in distance to building BID_0019d516-d07e-4315-957c-e4c0335d95e2.,"MATCH (b0:Building {id: 'BID_0019d516-d07e-4315-957c-e4c0335d95e2'}) MATCH (node:Building) WHERE node.id <> b0.id AND node.location IS NOT NULL RETURN node.id AS id, round(point.distance(b0.location, node.location) * 100) / 100.0 AS distance_m ORDER BY distance_m ASC, id ASC LIMIT 5",,"[""{\""distance_m\"": 28.33, \""id\"": \""BID_0b88a77f-016f-454a-bf29-f0960a86b7b2\""}"", ""{\""distance_m\"": 28.8, \""id\"": \""BID_cbe221a5-9d40-4319-949c-6cd3371c4475\""}"", ""{\""distance_m\"": 39.13, \""id\"": \""BID_102aa36e-72f8-4cf3-995f-6103084b17eb\""}"", ""{\""distance_m\"": 45.34, \""id\"": \""BID_d5dd3406-aae5-428c-abb1-3333e04a59a9\""}"", ""{\""distance_m\"": 46.78, \""id\"": \""BID_d4858549-ed2e-4b2f-bdf3-148bb4c1c398\""}""]",,
spatial_bbox_by_rooftype__POLYGON((2.5497410574350__p1,spatial_bbox_by_rooftype,spatial,helsinki,en,4,True,"For the window POLYGON((2.5497410574350003E7 6673155.62635, 2.549794575175E7 6673155.62635, 2.549794575175E7 6675003.252, 2.5497410574350003E7 6675003.252, 2.5497410574350003E7 6673155.62635)), break down the buildings by roof type.","CALL spatial.intersects('features', 'POLYGON((2.5497410574350003E7 6673155.62635, 2.549794575175E7 6673155.62635, 2.549794575175E7 6675003.252, 2.5497410574350003E7 6675003.252, 2.5497410574350003E7 6673155.62635))') YIELD node WITH node WHERE node:Building MATCH (node)-[:HAS_ROOF_TYPE]->(r:RoofType) RETURN r.name AS roof_type, count(node) AS n ORDER BY n DESC, roof_type ASC",,"[""{\""n\"": 1, \""roof_type\"": \""2100;1000;2100\""}"", ""{\""n\"": 1, \""roof_type\"": \""2100;3500;1000;2100;2100;3500\""}"", ""{\""n\"": 1, \""roof_type\"": \""Mono-Pitch Roof\""}"", ""{\""n\"": 487, \""roof_type\"": \""Flat Roof\""}""]",,
spatial_bbox_count__POLYGON((2.549794575175E__p0,spatial_bbox_count,spatial,helsinki,en,3,True,"How many buildings lie inside the bounding box POLYGON((2.549794575175E7 6675003.252, 2.54998744715E7 6675003.252, 2.54998744715E7 6676333.5948, 2.549794575175E7 6676333.5948, 2.549794575175E7 6675003.252))?",<withheld: held-out test split>,,<withheld: held-out test split>,,
spatial_neighbours__BID_001328a4-3279-492c-9__p1,spatial_neighbours,spatial,helsinki,en,3,True,"Within 100 meters of building BID_001328a4-3279-492c-99da-8e51f8e9a587, how many other buildings are there?","MATCH (b0:Building {id: 'BID_001328a4-3279-492c-99da-8e51f8e9a587'}) WITH b0, b0.location AS c CALL spatial.intersects('features', 'POLYGON((' + toString(c.x-100)+' '+toString(c.y-100)+',' + toString(c.x+100)+' '+toString(c.y-100)+',' + toString(c.x+100)+' '+toString(c.y+100)+',' + toString(c.x-100)+' '+toString(c.y+100)+',' + toString(c.x-100)+' '+toString(c.y-100)+'))') YIELD node WITH b0, node WHERE node:Building AND node.id <> b0.id AND point.distance(b0.location, node.location) <= 100 RETURN count(node) AS n",,"[""{\""n\"": 13}""]",,
spatial_neighbours__gml_0004F7HL773S7RHQKNZZ__p0,spatial_neighbours,spatial,nyc,en,3,True,How many buildings stand within 100 meters of building gml_0004F7HL773S7RHQKNZZBQHZE6XZCCY12H7I?,"MATCH (b0:Building {id: 'gml_0004F7HL773S7RHQKNZZBQHZE6XZCCY12H7I'}) WITH b0, b0.location AS c CALL spatial.intersects('features', 'POLYGON((' + toString(c.x-100)+' '+toString(c.y-100)+',' + toString(c.x+100)+' '+toString(c.y-100)+',' + toString(c.x+100)+' '+toString(c.y+100)+',' + toString(c.x-100)+' '+toString(c.y+100)+',' + toString(c.x-100)+' '+toString(c.y-100)+'))') YIELD node WITH b0, node WHERE node:Building AND node.id <> b0.id AND point.distance(b0.location, node.location) <= 100 RETURN count(node) AS n",,"[""{\""n\"": 73}""]",,
spatial_bbox_count__POLYGON((575962.43430570__p2,spatial_bbox_count,spatial,nyc,en,3,True,"How many buildings fall within the window POLYGON((575962.434305702 4494280.545199325, 592674.9346730058 4494280.545199325, 592674.9346730058 4504704.670227293, 575962.434305702 4504704.670227293, 575962.434305702 4494280.545199325))?",<withheld: held-out test split>,,<withheld: held-out test split>,,
spatial_bbox_count__POLYGON((567693.16800000__p1,spatial_bbox_count,spatial,hamburg,en,3,True,"Count the buildings whose footprint intersects the window POLYGON((567693.1680000001 5936812.1645, 577388.6880000001 5936812.1645, 577388.6880000001 5945199.251800001, 567693.1680000001 5945199.251800001, 567693.1680000001 5936812.1645)).",<withheld: held-out test split>,,<withheld: held-out test split>,,
spatial_near_amenity_tallest__archive_100__p1,spatial_near_amenity_tallest,spatial,helsinki,en,5,True,"Within 100 meters of a archive POI, which building is the tallest?","MATCH (o:OsmFeature {osm_amenity: 'archive'}) WITH o, o.location AS c CALL spatial.intersects('features', 'POLYGON((' + toString(c.x-100)+' '+toString(c.y-100)+',' + toString(c.x+100)+' '+toString(c.y-100)+',' + toString(c.x+100)+' '+toString(c.y+100)+',' + toString(c.x-100)+' '+toString(c.y+100)+',' + toString(c.x-100)+' '+toString(c.y-100)+'))') YIELD node WITH o, node WHERE node:Building AND node.measured_height IS NOT NULL AND point.distance(o.location, node.location) <= 100 RETURN node.id AS id, node.measured_height AS height_m ORDER BY node.measured_height DESC, node.id ASC LIMIT 1",,"[""{\""height_m\"": 36.65, \""id\"": \""BID_134a555e-7197-4922-9abb-f24c6d9233ee\""}""]",,
"spatial_within_distance_point__2.549742721E7,6674530.98_100__p0",spatial_within_distance_point,spatial,helsinki,en,3,True,"How many buildings lie within 100 m of the point (2.549742721E7,6674530.98)?","WITH split('2.549742721E7,6674530.98', ',') AS xy WITH point({x: toFloat(xy[0]), y: toFloat(xy[1])}) AS p CALL spatial.intersects('features', 'POLYGON((' + toString(p.x-100)+' '+toString(p.y-100)+',' + toString(p.x+100)+' '+toString(p.y-100)+',' + toString(p.x+100)+' '+toString(p.y+100)+',' + toString(p.x-100)+' '+toString(p.y+100)+',' + toString(p.x-100)+' '+toString(p.y-100)+'))') YIELD node WITH p, node WHERE node:Building AND point.distance(p, node.location) <= 100 RETURN count(node) AS n",,"[""{\""n\"": 14}""]",,
spatial_knearest__bldg_0000019b-2a5b-413a-_10__p1,spatial_knearest,spatial,tokyo,en,3,True,What are the 10 nearest buildings to building bldg_0000019b-2a5b-413a-9aec-11acb9d33edf?,"MATCH (b0:Building {id: 'bldg_0000019b-2a5b-413a-9aec-11acb9d33edf'}) MATCH (node:Building) WHERE node.id <> b0.id AND node.location IS NOT NULL RETURN node.id AS id, round(point.distance(b0.location, node.location) * 100) / 100.0 AS distance_m ORDER BY distance_m ASC, id ASC LIMIT 10",,"[""{\""distance_m\"": 10.93, \""id\"": \""bldg_7caf62ca-fe10-4fa3-b6fe-e925e3da8c26\""}"", ""{\""distance_m\"": 11.61, \""id\"": \""bldg_30532f40-d373-40e2-b41f-03d04727891a\""}"", ""{\""distance_m\"": 11.95, \""id\"": \""bldg_8c227e68-5bb6-45d6-9658-73cd1d1c49f1\""}"", ""{\""distance_m\"": 13.61, \""id\"": \""bldg_004bd594-253f-4a23-ab38-cabe0d4e9eaf\""}"", ""{\""distance_m\"": 15.13, \""id\"": \""bldg_b41ed0a8-40bb-4070-9bda-a397310d874e\""}"", ""{\""distance_m\"": 15.41, \""id\"": \""bldg_3776b0ab-a211-40d8-b9ab-62b94ad955c9\""}"", ""{\""distance_m\"": 16.87, \""id\"": \""bldg_1f44889d-1a0e-457b-9b34-2e9b940351c8\""}"", ""{\""distance_m\"": 17.82, \""id\"": \""bldg_1dcb6f45-4d8a-45a6-bd7c-0844b7cf73eb\""}"", ""{\""distance_m\"": 7.99, \""id\"": \""bldg_15671cce-f3fa-47ac-8204-97ebafeeb618\""}"", ""{\""distance_m\"": 9.33, \""id\"": \""bldg_c29df2c8-aca3-40d7-b848-ac9f380bece7\""}""]",,
spatial_isolated__POLYGON((2704551.7539999__p2,spatial_isolated,spatial,zurich,en,3,True,"How many buildings inside POLYGON((2704551.753999999 1274428.83935, 2705051.753999999 1274428.83935, 2705051.753999999 1274928.83935, 2704551.753999999 1274928.83935, 2704551.753999999 1274428.83935)) have no other building closer than 100 meters?",<withheld: held-out test split>,,<withheld: held-out test split>,,
spatial_roof_complexity__10__p2,spatial_roof_complexity,spatial,hamburg,en,3,True,List the 10 buildings whose roofs have the most polygons.,<withheld: held-out test split>,,<withheld: held-out test split>,,
spatial_roof_complexity__10__p2,spatial_roof_complexity,spatial,helsinki,en,3,True,List the 10 buildings whose roofs have the most polygons.,<withheld: held-out test split>,,<withheld: held-out test split>,,
spatial_roof_complexity__10__p2,spatial_roof_complexity,spatial,zurich,en,3,True,List the 10 buildings whose roofs have the most polygons.,<withheld: held-out test split>,,<withheld: held-out test split>,,
spatial_roof_complexity__10__p2,spatial_roof_complexity,spatial,nyc,en,3,True,List the 10 buildings whose roofs have the most polygons.,<withheld: held-out test split>,,<withheld: held-out test split>,,
spatial_roof_complexity__10__p2,spatial_roof_complexity,spatial,tokyo,en,3,True,List the 10 buildings whose roofs have the most polygons.,<withheld: held-out test split>,,<withheld: held-out test split>,,
spatial_neighbours__bldg_000002e4-0c5f-4f8b-__p2,spatial_neighbours,spatial,tokyo,en,3,True,Count the buildings located within 100 m of building bldg_000002e4-0c5f-4f8b-829f-e8a82180f9e2.,"MATCH (b0:Building {id: 'bldg_000002e4-0c5f-4f8b-829f-e8a82180f9e2'}) WITH b0, b0.location AS c CALL spatial.intersects('features', 'POLYGON((' + toString(c.x-100)+' '+toString(c.y-100)+',' + toString(c.x+100)+' '+toString(c.y-100)+',' + toString(c.x+100)+' '+toString(c.y+100)+',' + toString(c.x-100)+' '+toString(c.y+100)+',' + toString(c.x-100)+' '+toString(c.y-100)+'))') YIELD node WITH b0, node WHERE node:Building AND node.id <> b0.id AND point.distance(b0.location, node.location) <= 100 RETURN count(node) AS n",,"[""{\""n\"": 288}""]",,
spatial_neighbours__ID___p1,spatial_neighbours,spatial,zurich,en,3,True,"Within 100 meters of building ID_, how many other buildings are there?","MATCH (b0:Building {id: 'ID_'}) WITH b0, b0.location AS c CALL spatial.intersects('features', 'POLYGON((' + toString(c.x-100)+' '+toString(c.y-100)+',' + toString(c.x+100)+' '+toString(c.y-100)+',' + toString(c.x+100)+' '+toString(c.y+100)+',' + toString(c.x-100)+' '+toString(c.y+100)+',' + toString(c.x-100)+' '+toString(c.y-100)+'))') YIELD node WITH b0, node WHERE node:Building AND node.id <> b0.id AND point.distance(b0.location, node.location) <= 100 RETURN count(node) AS n",,"[""{\""n\"": 1}""]",,
spatial_bbox_agg__POLYGON((-11109.33500364__p0,spatial_bbox_agg,spatial,tokyo,en,3,True,"What is the average building height inside the window POLYGON((-11109.335003640681 -32191.837520247205, 1823.39999751931 -32191.837520247205, 1823.39999751931 -25314.110390225367, -11109.335003640681 -25314.110390225367, -11109.335003640681 -32191.837520247205))?","CALL spatial.intersects('features', 'POLYGON((-11109.335003640681 -32191.837520247205, 1823.39999751931 -32191.837520247205, 1823.39999751931 -25314.110390225367, -11109.335003640681 -25314.110390225367, -11109.335003640681 -32191.837520247205))') YIELD node WITH node WHERE node:Building AND node.measured_height > -999 RETURN round(avg(node.measured_height) * 100) / 100.0 AS avg_height_m, count(node) AS n",,"[""{\""avg_height_m\"": 9.51, \""n\"": 336800}""]",,
spatial_bbox_count__POLYGON((-11109.33500364__p2,spatial_bbox_count,spatial,tokyo,en,3,True,"How many buildings fall within the window POLYGON((-11109.335003640681 -32191.837520247205, 1823.39999751931 -32191.837520247205, 1823.39999751931 -25314.110390225367, -11109.335003640681 -25314.110390225367, -11109.335003640681 -32191.837520247205))?",<withheld: held-out test split>,,<withheld: held-out test split>,,
spatial_near_amenity_tallest__archive_50__p1,spatial_near_amenity_tallest,spatial,helsinki,en,5,True,"Within 50 meters of a archive POI, which building is the tallest?","MATCH (o:OsmFeature {osm_amenity: 'archive'}) WITH o, o.location AS c CALL spatial.intersects('features', 'POLYGON((' + toString(c.x-50)+' '+toString(c.y-50)+',' + toString(c.x+50)+' '+toString(c.y-50)+',' + toString(c.x+50)+' '+toString(c.y+50)+',' + toString(c.x-50)+' '+toString(c.y+50)+',' + toString(c.x-50)+' '+toString(c.y-50)+'))') YIELD node WITH o, node WHERE node:Building AND node.measured_height IS NOT NULL AND point.distance(o.location, node.location) <= 50 RETURN node.id AS id, node.measured_height AS height_m ORDER BY node.measured_height DESC, node.id ASC LIMIT 1",,"[""{\""height_m\"": 22.78, \""id\"": \""BID_837fb4c4-0e90-407f-817d-0886c98a7c26\""}""]",,
spatial_knearest__bldg_000002e4-0c5f-4f8b-_10__p2,spatial_knearest,spatial,tokyo,en,3,True,List the 10 buildings closest in distance to building bldg_000002e4-0c5f-4f8b-829f-e8a82180f9e2.,"MATCH (b0:Building {id: 'bldg_000002e4-0c5f-4f8b-829f-e8a82180f9e2'}) MATCH (node:Building) WHERE node.id <> b0.id AND node.location IS NOT NULL RETURN node.id AS id, round(point.distance(b0.location, node.location) * 100) / 100.0 AS distance_m ORDER BY distance_m ASC, id ASC LIMIT 10",,"[""{\""distance_m\"": 10.05, \""id\"": \""bldg_f249a164-fb38-433a-a42f-416a6b4bff17\""}"", ""{\""distance_m\"": 13.07, \""id\"": \""bldg_450d0518-01cf-4722-89b1-72f9b6a727cb\""}"", ""{\""distance_m\"": 13.66, \""id\"": \""bldg_0fc03047-2835-415b-85f6-99ad3415f582\""}"", ""{\""distance_m\"": 15.07, \""id\"": \""bldg_018a565f-83d6-48f0-900d-53b1c1424fc8\""}"", ""{\""distance_m\"": 15.73, \""id\"": \""bldg_77977cd2-b9f1-4501-81a7-277636c1069c\""}"", ""{\""distance_m\"": 15.97, \""id\"": \""bldg_0525e384-c729-434e-9820-0a93ce3e79c0\""}"", ""{\""distance_m\"": 19.11, \""id\"": \""bldg_33dccd95-c26f-4d24-affb-a4d7a7f86de0\""}"", ""{\""distance_m\"": 7.12, \""id\"": \""bldg_96a1c3bd-f533-4896-8a76-a2628541f218\""}"", ""{\""distance_m\"": 8.27, \""id\"": \""bldg_1dc7dc66-f4a7-4376-8adc-97ce464a6e34\""}"", ""{\""distance_m\"": 8.5, \""id\"": \""bldg_1c211a9e-9201-40a8-9cd5-64c6493a0dde\""}""]",,
spatial_knearest__DEHHALKA100002O7_5__p0,spatial_knearest,spatial,hamburg,en,3,True,Which 5 buildings are closest to building DEHHALKA100002O7?,"MATCH (b0:Building {id: 'DEHHALKA100002O7'}) MATCH (node:Building) WHERE node.id <> b0.id AND node.location IS NOT NULL RETURN node.id AS id, round(point.distance(b0.location, node.location) * 100) / 100.0 AS distance_m ORDER BY distance_m ASC, id ASC LIMIT 5",,"[""{\""distance_m\"": 12.72, \""id\"": \""DEHHALKAV0000dqL\""}"", ""{\""distance_m\"": 15.14, \""id\"": \""DEHHALKAV0000e8Q\""}"", ""{\""distance_m\"": 26.1, \""id\"": \""DEHHALKAV0000dgV\""}"", ""{\""distance_m\"": 29.85, \""id\"": \""DEHHALKAV0000dzC\""}"", ""{\""distance_m\"": 36.1, \""id\"": \""DEHHALKAV0000rYl\""}""]",,
spatial_bbox_by_rooftype__POLYGON((557265.3193_592__p2,spatial_bbox_by_rooftype,spatial,hamburg,en,4,True,"Inside the bounding box POLYGON((557265.3193 5924086.7424, 567693.1680000001 5924086.7424, 567693.1680000001 5936812.1645, 557265.3193 5936812.1645, 557265.3193 5924086.7424)), how many buildings does each roof type have?","CALL spatial.intersects('features', 'POLYGON((557265.3193 5924086.7424, 567693.1680000001 5924086.7424, 567693.1680000001 5936812.1645, 557265.3193 5936812.1645, 557265.3193 5924086.7424))') YIELD node WITH node WHERE node:Building MATCH (node)-[:HAS_ROOF_TYPE]->(r:RoofType) RETURN r.name AS roof_type, count(node) AS n ORDER BY n DESC, roof_type ASC",,"[""{\""n\"": 133, \""roof_type\"": \""Tower Roof / Spire\""}"", ""{\""n\"": 19809, \""roof_type\"": \""Gable Roof\""}"", ""{\""n\"": 2504, \""roof_type\"": \""Mono-Pitch Roof\""}"", ""{\""n\"": 31427, \""roof_type\"": \""Flat Roof\""}"", ""{\""n\"": 36, \""roof_type\"": \""Other\""}"", ""{\""n\"": 3961, \""roof_type\"": \""Hip Roof\""}"", ""{\""n\"": 656, \""roof_type\"": \""Tent / Pyramid Roof\""}""]",,
"spatial_near_water__553084.47,5936694.63_50__p2",spatial_near_water,spatial,hamburg,en,5,True,"How many buildings are within 50 m of the water feature centered at (553084.47,5936694.63)?","WITH split('553084.47,5936694.63', ',') AS xy WITH point({x: toFloat(xy[0]), y: toFloat(xy[1])}) AS p CALL spatial.intersects('features', 'POLYGON((' + toString(p.x-50)+' '+toString(p.y-50)+',' + toString(p.x+50)+' '+toString(p.y-50)+',' + toString(p.x+50)+' '+toString(p.y+50)+',' + toString(p.x-50)+' '+toString(p.y+50)+',' + toString(p.x-50)+' '+toString(p.y-50)+'))') YIELD node WITH p, node WHERE node:Building AND point.distance(p, node.location) <= 50 RETURN count(DISTINCT node) AS n",,"[""{\""n\"": 3}""]",,
spatial_dense_pairs__POLYGON((584961.10984060__p2,spatial_dense_pairs,spatial,nyc,en,4,True,"How many building pairs within POLYGON((584961.1098406042 4503451.940382095, 585461.1098406042 4503451.940382095, 585461.1098406042 4503951.940382095, 584961.1098406042 4503951.940382095, 584961.1098406042 4503451.940382095)) are closer than 10 meters to each other?","CALL spatial.intersects('features', 'POLYGON((584961.1098406042 4503451.940382095, 585461.1098406042 4503451.940382095, 585461.1098406042 4503951.940382095, 584961.1098406042 4503951.940382095, 584961.1098406042 4503451.940382095))') YIELD node WITH node WHERE node:Building WITH collect(node) AS bldgs UNWIND bldgs AS a UNWIND bldgs AS b WITH a, b WHERE a.id < b.id AND point.distance(a.location, b.location) < 10 RETURN count(*) AS n",,"[""{\""n\"": 716}""]",,
spatial_bbox_tallest__POLYGON((2.5497410574350__p0,spatial_bbox_tallest,spatial,helsinki,en,4,True,"Which is the tallest building inside the bounding box POLYGON((2.5497410574350003E7 6673155.62635, 2.549794575175E7 6673155.62635, 2.549794575175E7 6675003.252, 2.5497410574350003E7 6675003.252, 2.5497410574350003E7 6673155.62635))?",<withheld: held-out test split>,,<withheld: held-out test split>,,
"spatial_near_water__586797.37,4514731.05_100__p1",spatial_near_water,spatial,nyc,en,5,True,"Count the buildings within 100 meters of the water feature located at (586797.37,4514731.05).","WITH split('586797.37,4514731.05', ',') AS xy WITH point({x: toFloat(xy[0]), y: toFloat(xy[1])}) AS p CALL spatial.intersects('features', 'POLYGON((' + toString(p.x-100)+' '+toString(p.y-100)+',' + toString(p.x+100)+' '+toString(p.y-100)+',' + toString(p.x+100)+' '+toString(p.y+100)+',' + toString(p.x-100)+' '+toString(p.y+100)+',' + toString(p.x-100)+' '+toString(p.y-100)+'))') YIELD node WITH p, node WHERE node:Building AND point.distance(p, node.location) <= 100 RETURN count(DISTINCT node) AS n",,"[""{\""n\"": 0}""]",,
spatial_dense_pairs__POLYGON((560172.571_5943__p2,spatial_dense_pairs,spatial,hamburg,en,4,True,"How many building pairs within POLYGON((560172.571 5943187.8865, 560672.571 5943187.8865, 560672.571 5943687.8865, 560172.571 5943687.8865, 560172.571 5943187.8865)) are closer than 10 meters to each other?","CALL spatial.intersects('features', 'POLYGON((560172.571 5943187.8865, 560672.571 5943187.8865, 560672.571 5943687.8865, 560172.571 5943687.8865, 560172.571 5943187.8865))') YIELD node WITH node WHERE node:Building WITH collect(node) AS bldgs UNWIND bldgs AS a UNWIND bldgs AS b WITH a, b WHERE a.id < b.id AND point.distance(a.location, b.location) < 10 RETURN count(*) AS n",,"[""{\""n\"": 110}""]",,
"spatial_within_distance_point__2693476.26,1279116.11_100__p1",spatial_within_distance_point,spatial,zurich,en,3,True,"Count the buildings within 100 meters of the point (2693476.26,1279116.11).","WITH split('2693476.26,1279116.11', ',') AS xy WITH point({x: toFloat(xy[0]), y: toFloat(xy[1])}) AS p CALL spatial.intersects('features', 'POLYGON((' + toString(p.x-100)+' '+toString(p.y-100)+',' + toString(p.x+100)+' '+toString(p.y-100)+',' + toString(p.x+100)+' '+toString(p.y+100)+',' + toString(p.x-100)+' '+toString(p.y+100)+',' + toString(p.x-100)+' '+toString(p.y-100)+'))') YIELD node WITH p, node WHERE node:Building AND point.distance(p, node.location) <= 100 RETURN count(node) AS n",,"[""{\""n\"": 2}""]",,
"spatial_within_distance_point__600535.59,4510221.03_100__p0",spatial_within_distance_point,spatial,nyc,en,3,True,"How many buildings lie within 100 m of the point (600535.59,4510221.03)?","WITH split('600535.59,4510221.03', ',') AS xy WITH point({x: toFloat(xy[0]), y: toFloat(xy[1])}) AS p CALL spatial.intersects('features', 'POLYGON((' + toString(p.x-100)+' '+toString(p.y-100)+',' + toString(p.x+100)+' '+toString(p.y-100)+',' + toString(p.x+100)+' '+toString(p.y+100)+',' + toString(p.x-100)+' '+toString(p.y+100)+',' + toString(p.x-100)+' '+toString(p.y-100)+'))') YIELD node WITH p, node WHERE node:Building AND point.distance(p, node.location) <= 100 RETURN count(node) AS n",,"[""{\""n\"": 76}""]",,
spatial_knearest__gml_0006DE955I2I8YDHQLQY_5__p0,spatial_knearest,spatial,nyc,en,3,True,Which 5 buildings are closest to building gml_0006DE955I2I8YDHQLQYJ9QQCW2WR114YJ8H?,"MATCH (b0:Building {id: 'gml_0006DE955I2I8YDHQLQYJ9QQCW2WR114YJ8H'}) MATCH (node:Building) WHERE node.id <> b0.id AND node.location IS NOT NULL RETURN node.id AS id, round(point.distance(b0.location, node.location) * 100) / 100.0 AS distance_m ORDER BY distance_m ASC, id ASC LIMIT 5",,"[""{\""distance_m\"": 10.35, \""id\"": \""gml_Z93J9BX4GW5MWL124NEPSVOBX1EBF24DMZGR\""}"", ""{\""distance_m\"": 17.75, \""id\"": \""gml_2DWCTSCPT76UBBG48HUPU8H8B550PFZ8ICKM\""}"", ""{\""distance_m\"": 17.83, \""id\"": \""gml_Z5A6X5TBUU49UR1HRZB216LYGKVLBJXKFQ34\""}"", ""{\""distance_m\"": 30.19, \""id\"": \""gml_2Q8PMV740SM314NXUZTFQZTEGQZO1SXJMPED\""}"", ""{\""distance_m\"": 30.54, \""id\"": \""gml_YJI5ZG7UJLKO817LAJSENM8M9O5C46EOLH0H\""}""]",,
spatial_knearest__gml_0006DE955I2I8YDHQLQY_5__p2,spatial_knearest,spatial,nyc,en,3,True,List the 5 buildings closest in distance to building gml_0006DE955I2I8YDHQLQYJ9QQCW2WR114YJ8H.,"MATCH (b0:Building {id: 'gml_0006DE955I2I8YDHQLQYJ9QQCW2WR114YJ8H'}) MATCH (node:Building) WHERE node.id <> b0.id AND node.location IS NOT NULL RETURN node.id AS id, round(point.distance(b0.location, node.location) * 100) / 100.0 AS distance_m ORDER BY distance_m ASC, id ASC LIMIT 5",,"[""{\""distance_m\"": 10.35, \""id\"": \""gml_Z93J9BX4GW5MWL124NEPSVOBX1EBF24DMZGR\""}"", ""{\""distance_m\"": 17.75, \""id\"": \""gml_2DWCTSCPT76UBBG48HUPU8H8B550PFZ8ICKM\""}"", ""{\""distance_m\"": 17.83, \""id\"": \""gml_Z5A6X5TBUU49UR1HRZB216LYGKVLBJXKFQ34\""}"", ""{\""distance_m\"": 30.19, \""id\"": \""gml_2Q8PMV740SM314NXUZTFQZTEGQZO1SXJMPED\""}"", ""{\""distance_m\"": 30.54, \""id\"": \""gml_YJI5ZG7UJLKO817LAJSENM8M9O5C46EOLH0H\""}""]",,
"spatial_within_distance_point__-8305.01,-50303.03_50__p1",spatial_within_distance_point,spatial,tokyo,en,3,True,"Count the buildings within 50 meters of the point (-8305.01,-50303.03).","WITH split('-8305.01,-50303.03', ',') AS xy WITH point({x: toFloat(xy[0]), y: toFloat(xy[1])}) AS p CALL spatial.intersects('features', 'POLYGON((' + toString(p.x-50)+' '+toString(p.y-50)+',' + toString(p.x+50)+' '+toString(p.y-50)+',' + toString(p.x+50)+' '+toString(p.y+50)+',' + toString(p.x-50)+' '+toString(p.y+50)+',' + toString(p.x-50)+' '+toString(p.y-50)+'))') YIELD node WITH p, node WHERE node:Building AND point.distance(p, node.location) <= 50 RETURN count(node) AS n",,"[""{\""n\"": 50}""]",,
spatial_neighbours__ID___de,spatial_neighbours,spatial,zurich,de,3,True,Wie viele Gebäude stehen innerhalb von 100 Metern um Gebäude ID_?,"MATCH (b0:Building {id: 'ID_'}) WITH b0, b0.location AS c CALL spatial.intersects('features', 'POLYGON((' + toString(c.x-100)+' '+toString(c.y-100)+',' + toString(c.x+100)+' '+toString(c.y-100)+',' + toString(c.x+100)+' '+toString(c.y+100)+',' + toString(c.x-100)+' '+toString(c.y+100)+',' + toString(c.x-100)+' '+toString(c.y-100)+'))') YIELD node WITH b0, node WHERE node:Building AND node.id <> b0.id AND point.distance(b0.location, node.location) <= 100 RETURN count(node) AS n",,"[""{\""n\"": 1}""]",,
spatial_near_amenity_tallest__amphitheatre_50__p0,spatial_near_amenity_tallest,spatial,hamburg,en,5,True,What is the tallest building within 50 m of a amphitheatre point of interest?,"MATCH (o:OsmFeature {osm_amenity: 'amphitheatre'}) WITH o, o.location AS c CALL spatial.intersects('features', 'POLYGON((' + toString(c.x-50)+' '+toString(c.y-50)+',' + toString(c.x+50)+' '+toString(c.y-50)+',' + toString(c.x+50)+' '+toString(c.y+50)+',' + toString(c.x-50)+' '+toString(c.y+50)+',' + toString(c.x-50)+' '+toString(c.y-50)+'))') YIELD node WITH o, node WHERE node:Building AND node.measured_height IS NOT NULL AND point.distance(o.location, node.location) <= 50 RETURN node.id AS id, node.measured_height AS height_m ORDER BY node.measured_height DESC, node.id ASC LIMIT 1",,[],,
"spatial_within_distance_point__2.549742721E7,6674530.98_50__p0",spatial_within_distance_point,spatial,helsinki,en,3,True,"How many buildings lie within 50 m of the point (2.549742721E7,6674530.98)?","WITH split('2.549742721E7,6674530.98', ',') AS xy WITH point({x: toFloat(xy[0]), y: toFloat(xy[1])}) AS p CALL spatial.intersects('features', 'POLYGON((' + toString(p.x-50)+' '+toString(p.y-50)+',' + toString(p.x+50)+' '+toString(p.y-50)+',' + toString(p.x+50)+' '+toString(p.y+50)+',' + toString(p.x-50)+' '+toString(p.y+50)+',' + toString(p.x-50)+' '+toString(p.y-50)+'))') YIELD node WITH p, node WHERE node:Building AND point.distance(p, node.location) <= 50 RETURN count(node) AS n",,"[""{\""n\"": 2}""]",,
spatial_neighbours__bldg_000002e4-0c5f-4f8b-__p0,spatial_neighbours,spatial,tokyo,en,3,True,How many buildings stand within 100 meters of building bldg_000002e4-0c5f-4f8b-829f-e8a82180f9e2?,"MATCH (b0:Building {id: 'bldg_000002e4-0c5f-4f8b-829f-e8a82180f9e2'}) WITH b0, b0.location AS c CALL spatial.intersects('features', 'POLYGON((' + toString(c.x-100)+' '+toString(c.y-100)+',' + toString(c.x+100)+' '+toString(c.y-100)+',' + toString(c.x+100)+' '+toString(c.y+100)+',' + toString(c.x-100)+' '+toString(c.y+100)+',' + toString(c.x-100)+' '+toString(c.y-100)+'))') YIELD node WITH b0, node WHERE node:Building AND node.id <> b0.id AND point.distance(b0.location, node.location) <= 100 RETURN count(node) AS n",,"[""{\""n\"": 288}""]",,
spatial_neighbours__BID_0019d516-d07e-4315-9__p2,spatial_neighbours,spatial,helsinki,en,3,True,Count the buildings located within 100 m of building BID_0019d516-d07e-4315-957c-e4c0335d95e2.,"MATCH (b0:Building {id: 'BID_0019d516-d07e-4315-957c-e4c0335d95e2'}) WITH b0, b0.location AS c CALL spatial.intersects('features', 'POLYGON((' + toString(c.x-100)+' '+toString(c.y-100)+',' + toString(c.x+100)+' '+toString(c.y-100)+',' + toString(c.x+100)+' '+toString(c.y+100)+',' + toString(c.x-100)+' '+toString(c.y+100)+',' + toString(c.x-100)+' '+toString(c.y-100)+'))') YIELD node WITH b0, node WHERE node:Building AND node.id <> b0.id AND point.distance(b0.location, node.location) <= 100 RETURN count(node) AS n",,"[""{\""n\"": 27}""]",,
"spatial_near_water__575676.65,5951781.3_50__p0",spatial_near_water,spatial,hamburg,en,5,True,"How many buildings stand within 50 m of the water feature at (575676.65,5951781.3)?","WITH split('575676.65,5951781.3', ',') AS xy WITH point({x: toFloat(xy[0]), y: toFloat(xy[1])}) AS p CALL spatial.intersects('features', 'POLYGON((' + toString(p.x-50)+' '+toString(p.y-50)+',' + toString(p.x+50)+' '+toString(p.y-50)+',' + toString(p.x+50)+' '+toString(p.y+50)+',' + toString(p.x-50)+' '+toString(p.y+50)+',' + toString(p.x-50)+' '+toString(p.y-50)+'))') YIELD node WITH p, node WHERE node:Building AND point.distance(p, node.location) <= 50 RETURN count(DISTINCT node) AS n",,"[""{\""n\"": 1}""]",,
spatial_dense_pairs__POLYGON((2.5497177211E7___p0,spatial_dense_pairs,spatial,helsinki,en,4,True,"Within the window POLYGON((2.5497177211E7 6674280.9825, 2.5497677211E7 6674280.9825, 2.5497677211E7 6674780.9825, 2.5497177211E7 6674780.9825, 2.5497177211E7 6674280.9825)), how many pairs of buildings stand less than 10 meters apart?","CALL spatial.intersects('features', 'POLYGON((2.5497177211E7 6674280.9825, 2.5497677211E7 6674280.9825, 2.5497677211E7 6674780.9825, 2.5497177211E7 6674780.9825, 2.5497177211E7 6674280.9825))') YIELD node WITH node WHERE node:Building WITH collect(node) AS bldgs UNWIND bldgs AS a UNWIND bldgs AS b WITH a, b WHERE a.id < b.id AND point.distance(a.location, b.location) < 10 RETURN count(*) AS n",,"[""{\""n\"": 3}""]",,
spatial_knearest__ID__10__p2,spatial_knearest,spatial,zurich,en,3,True,List the 10 buildings closest in distance to building ID_.,"MATCH (b0:Building {id: 'ID_'}) MATCH (node:Building) WHERE node.id <> b0.id AND node.location IS NOT NULL RETURN node.id AS id, round(point.distance(b0.location, node.location) * 100) / 100.0 AS distance_m ORDER BY distance_m ASC, id ASC LIMIT 10",,"[""{\""distance_m\"": 0.0, \""id\"": \""ID_F3B5350C-7E6B-4BB5-AD6E-7A7A30AC259D\""}"", ""{\""distance_m\"": 522.76, \""id\"": \""ID_246AE2C7-2395-4986-B00F-039A64F5152E\""}"", ""{\""distance_m\"": 525.57, \""id\"": \""ID_25A49B0C-3646-4DDE-AB78-350F12991F5E\""}"", ""{\""distance_m\"": 537.86, \""id\"": \""ID_330DB08F-F9B0-4BB8-98B4-3121DE16BB51\""}"", ""{\""distance_m\"": 552.31, \""id\"": \""ID_F8C2E6E4-A726-4513-9022-205BF0338689\""}"", ""{\""distance_m\"": 575.55, \""id\"": \""ID_5541E2E9-93A9-439B-B387-C76DF3D8AF12\""}"", ""{\""distance_m\"": 583.46, \""id\"": \""ID_CBE4AC88-CA6E-43C2-B6D6-DF3C6B9B9C7B\""}"", ""{\""distance_m\"": 589.41, \""id\"": \""ID_F978C371-81A2-41C9-BF67-1ED4B4E105A4\""}"", ""{\""distance_m\"": 641.76, \""id\"": \""ID_5E2AFF84-BA83-42B2-AD13-6DC740A4DB89\""}"", ""{\""distance_m\"": 652.32, \""id\"": \""ID_BA54F8C3-B751-4CC0-A473-B05C26EB3732\""}""]",,
spatial_bbox_tallest__POLYGON((2683900.4736249__p2,spatial_bbox_tallest,spatial,zurich,en,4,True,"What is the tallest building whose footprint falls inside POLYGON((2683900.4736249996 1248918.786749999, 2706849.3148099994 1248918.786749999, 2706849.3148099994 1279023.389359999, 2683900.4736249996 1279023.389359999, 2683900.4736249996 1248918.786749999))?",<withheld: held-out test split>,,<withheld: held-out test split>,,
spatial_neighbours__BID_0019d516-d07e-4315-9__p1,spatial_neighbours,spatial,helsinki,en,3,True,"Within 100 meters of building BID_0019d516-d07e-4315-957c-e4c0335d95e2, how many other buildings are there?","MATCH (b0:Building {id: 'BID_0019d516-d07e-4315-957c-e4c0335d95e2'}) WITH b0, b0.location AS c CALL spatial.intersects('features', 'POLYGON((' + toString(c.x-100)+' '+toString(c.y-100)+',' + toString(c.x+100)+' '+toString(c.y-100)+',' + toString(c.x+100)+' '+toString(c.y+100)+',' + toString(c.x-100)+' '+toString(c.y+100)+',' + toString(c.x-100)+' '+toString(c.y-100)+'))') YIELD node WITH b0, node WHERE node:Building AND node.id <> b0.id AND point.distance(b0.location, node.location) <= 100 RETURN count(node) AS n",,"[""{\""n\"": 27}""]",,
spatial_knearest__gml_0006DE955I2I8YDHQLQY_5__p1,spatial_knearest,spatial,nyc,en,3,True,What are the 5 nearest buildings to building gml_0006DE955I2I8YDHQLQYJ9QQCW2WR114YJ8H?,"MATCH (b0:Building {id: 'gml_0006DE955I2I8YDHQLQYJ9QQCW2WR114YJ8H'}) MATCH (node:Building) WHERE node.id <> b0.id AND node.location IS NOT NULL RETURN node.id AS id, round(point.distance(b0.location, node.location) * 100) / 100.0 AS distance_m ORDER BY distance_m ASC, id ASC LIMIT 5",,"[""{\""distance_m\"": 10.35, \""id\"": \""gml_Z93J9BX4GW5MWL124NEPSVOBX1EBF24DMZGR\""}"", ""{\""distance_m\"": 17.75, \""id\"": \""gml_2DWCTSCPT76UBBG48HUPU8H8B550PFZ8ICKM\""}"", ""{\""distance_m\"": 17.83, \""id\"": \""gml_Z5A6X5TBUU49UR1HRZB216LYGKVLBJXKFQ34\""}"", ""{\""distance_m\"": 30.19, \""id\"": \""gml_2Q8PMV740SM314NXUZTFQZTEGQZO1SXJMPED\""}"", ""{\""distance_m\"": 30.54, \""id\"": \""gml_YJI5ZG7UJLKO817LAJSENM8M9O5C46EOLH0H\""}""]",,
spatial_bbox_tallest__POLYGON((-20298.99012761__p0,spatial_bbox_tallest,spatial,tokyo,en,4,True,"Which is the tallest building inside the bounding box POLYGON((-20298.990127613983 -43569.838498623285, -11109.335003640681 -43569.838498623285, -11109.335003640681 -32191.837520247205, -20298.990127613983 -32191.837520247205, -20298.990127613983 -43569.838498623285))?",<withheld: held-out test split>,,<withheld: held-out test split>,,
"spatial_near_water__553084.47,5936694.63_100__p0",spatial_near_water,spatial,hamburg,en,5,True,"How many buildings stand within 100 m of the water feature at (553084.47,5936694.63)?","WITH split('553084.47,5936694.63', ',') AS xy WITH point({x: toFloat(xy[0]), y: toFloat(xy[1])}) AS p CALL spatial.intersects('features', 'POLYGON((' + toString(p.x-100)+' '+toString(p.y-100)+',' + toString(p.x+100)+' '+toString(p.y-100)+',' + toString(p.x+100)+' '+toString(p.y+100)+',' + toString(p.x-100)+' '+toString(p.y+100)+',' + toString(p.x-100)+' '+toString(p.y-100)+'))') YIELD node WITH p, node WHERE node:Building AND point.distance(p, node.location) <= 100 RETURN count(DISTINCT node) AS n",,"[""{\""n\"": 24}""]",,
spatial_roof_complexity__10__p1,spatial_roof_complexity,spatial,hamburg,en,3,True,What are the 10 buildings with the highest number of roof polygons?,<withheld: held-out test split>,,<withheld: held-out test split>,,
spatial_roof_complexity__10__p1,spatial_roof_complexity,spatial,helsinki,en,3,True,What are the 10 buildings with the highest number of roof polygons?,<withheld: held-out test split>,,<withheld: held-out test split>,,
spatial_roof_complexity__10__p1,spatial_roof_complexity,spatial,zurich,en,3,True,What are the 10 buildings with the highest number of roof polygons?,<withheld: held-out test split>,,<withheld: held-out test split>,,
spatial_roof_complexity__10__p1,spatial_roof_complexity,spatial,nyc,en,3,True,What are the 10 buildings with the highest number of roof polygons?,<withheld: held-out test split>,,<withheld: held-out test split>,,
spatial_roof_complexity__10__p1,spatial_roof_complexity,spatial,tokyo,en,3,True,What are the 10 buildings with the highest number of roof polygons?,<withheld: held-out test split>,,<withheld: held-out test split>,,
"spatial_within_distance_point__600535.59,4510221.03_50__p2",spatial_within_distance_point,spatial,nyc,en,3,True,"How many buildings are located no more than 50 m from (600535.59,4510221.03)?","WITH split('600535.59,4510221.03', ',') AS xy WITH point({x: toFloat(xy[0]), y: toFloat(xy[1])}) AS p CALL spatial.intersects('features', 'POLYGON((' + toString(p.x-50)+' '+toString(p.y-50)+',' + toString(p.x+50)+' '+toString(p.y-50)+',' + toString(p.x+50)+' '+toString(p.y+50)+',' + toString(p.x-50)+' '+toString(p.y+50)+',' + toString(p.x-50)+' '+toString(p.y-50)+'))') YIELD node WITH p, node WHERE node:Building AND point.distance(p, node.location) <= 50 RETURN count(node) AS n",,"[""{\""n\"": 18}""]",,
spatial_dense_pairs__POLYGON((584961.10984060__p1,spatial_dense_pairs,spatial,nyc,en,4,True,"In the window POLYGON((584961.1098406042 4503451.940382095, 585461.1098406042 4503451.940382095, 585461.1098406042 4503951.940382095, 584961.1098406042 4503951.940382095, 584961.1098406042 4503451.940382095)), count the pairs of buildings that are less than 10 m apart.","CALL spatial.intersects('features', 'POLYGON((584961.1098406042 4503451.940382095, 585461.1098406042 4503451.940382095, 585461.1098406042 4503951.940382095, 584961.1098406042 4503951.940382095, 584961.1098406042 4503451.940382095))') YIELD node WITH node WHERE node:Building WITH collect(node) AS bldgs UNWIND bldgs AS a UNWIND bldgs AS b WITH a, b WHERE a.id < b.id AND point.distance(a.location, b.location) < 10 RETURN count(*) AS n",,"[""{\""n\"": 716}""]",,
spatial_knearest__BID_0019d516-d07e-4315-9_10__p2,spatial_knearest,spatial,helsinki,en,3,True,List the 10 buildings closest in distance to building BID_0019d516-d07e-4315-957c-e4c0335d95e2.,"MATCH (b0:Building {id: 'BID_0019d516-d07e-4315-957c-e4c0335d95e2'}) MATCH (node:Building) WHERE node.id <> b0.id AND node.location IS NOT NULL RETURN node.id AS id, round(point.distance(b0.location, node.location) * 100) / 100.0 AS distance_m ORDER BY distance_m ASC, id ASC LIMIT 10",,"[""{\""distance_m\"": 28.33, \""id\"": \""BID_0b88a77f-016f-454a-bf29-f0960a86b7b2\""}"", ""{\""distance_m\"": 28.8, \""id\"": \""BID_cbe221a5-9d40-4319-949c-6cd3371c4475\""}"", ""{\""distance_m\"": 39.13, \""id\"": \""BID_102aa36e-72f8-4cf3-995f-6103084b17eb\""}"", ""{\""distance_m\"": 45.34, \""id\"": \""BID_d5dd3406-aae5-428c-abb1-3333e04a59a9\""}"", ""{\""distance_m\"": 46.78, \""id\"": \""BID_d4858549-ed2e-4b2f-bdf3-148bb4c1c398\""}"", ""{\""distance_m\"": 47.73, \""id\"": \""BID_a45bd92d-8cb5-4547-aa3b-4b7ab9fbdd4d\""}"", ""{\""distance_m\"": 51.57, \""id\"": \""BID_d8f4f3f1-0cfe-46b7-bcde-a0b1cbc0e388\""}"", ""{\""distance_m\"": 51.76, \""id\"": \""BID_e857e098-b5cb-440e-81bd-cf683703c5e4\""}"", ""{\""distance_m\"": 56.52, \""id\"": \""BID_e2156ede-2408-4a91-989e-151a56adf715\""}"", ""{\""distance_m\"": 61.33, \""id\"": \""BID_5c86812d-6fa4-46d3-a7fd-9046122ba2fa\""}""]",,
spatial_bbox_agg__POLYGON((2.549794575175E__p1,spatial_bbox_agg,spatial,helsinki,en,3,True,"Within the bounding box POLYGON((2.549794575175E7 6675003.252, 2.54998744715E7 6675003.252, 2.54998744715E7 6676333.5948, 2.549794575175E7 6676333.5948, 2.549794575175E7 6675003.252)), what is the average building height?","CALL spatial.intersects('features', 'POLYGON((2.549794575175E7 6675003.252, 2.54998744715E7 6675003.252, 2.54998744715E7 6676333.5948, 2.549794575175E7 6676333.5948, 2.549794575175E7 6675003.252))') YIELD node WITH node WHERE node:Building AND node.measured_height > -999 RETURN round(avg(node.measured_height) * 100) / 100.0 AS avg_height_m, count(node) AS n",,"[""{\""avg_height_m\"": 14.02, \""n\"": 563}""]",,
spatial_knearest__BID_0019d516-d07e-4315-9_5__p0,spatial_knearest,spatial,helsinki,en,3,True,Which 5 buildings are closest to building BID_0019d516-d07e-4315-957c-e4c0335d95e2?,"MATCH (b0:Building {id: 'BID_0019d516-d07e-4315-957c-e4c0335d95e2'}) MATCH (node:Building) WHERE node.id <> b0.id AND node.location IS NOT NULL RETURN node.id AS id, round(point.distance(b0.location, node.location) * 100) / 100.0 AS distance_m ORDER BY distance_m ASC, id ASC LIMIT 5",,"[""{\""distance_m\"": 28.33, \""id\"": \""BID_0b88a77f-016f-454a-bf29-f0960a86b7b2\""}"", ""{\""distance_m\"": 28.8, \""id\"": \""BID_cbe221a5-9d40-4319-949c-6cd3371c4475\""}"", ""{\""distance_m\"": 39.13, \""id\"": \""BID_102aa36e-72f8-4cf3-995f-6103084b17eb\""}"", ""{\""distance_m\"": 45.34, \""id\"": \""BID_d5dd3406-aae5-428c-abb1-3333e04a59a9\""}"", ""{\""distance_m\"": 46.78, \""id\"": \""BID_d4858549-ed2e-4b2f-bdf3-148bb4c1c398\""}""]",,
spatial_bbox_count__POLYGON((557265.3193_592__de,spatial_bbox_count,spatial,hamburg,de,3,True,"Wie viele Gebäude liegen innerhalb des Suchfensters POLYGON((557265.3193 5924086.7424, 567693.1680000001 5924086.7424, 567693.1680000001 5936812.1645, 557265.3193 5936812.1645, 557265.3193 5924086.7424))?",<withheld: held-out test split>,,<withheld: held-out test split>,,
spatial_bbox_by_rooftype__POLYGON((2.5497410574350__p2,spatial_bbox_by_rooftype,spatial,helsinki,en,4,True,"Inside the bounding box POLYGON((2.5497410574350003E7 6673155.62635, 2.549794575175E7 6673155.62635, 2.549794575175E7 6675003.252, 2.5497410574350003E7 6675003.252, 2.5497410574350003E7 6673155.62635)), how many buildings does each roof type have?","CALL spatial.intersects('features', 'POLYGON((2.5497410574350003E7 6673155.62635, 2.549794575175E7 6673155.62635, 2.549794575175E7 6675003.252, 2.5497410574350003E7 6675003.252, 2.5497410574350003E7 6673155.62635))') YIELD node WITH node WHERE node:Building MATCH (node)-[:HAS_ROOF_TYPE]->(r:RoofType) RETURN r.name AS roof_type, count(node) AS n ORDER BY n DESC, roof_type ASC",,"[""{\""n\"": 1, \""roof_type\"": \""2100;1000;2100\""}"", ""{\""n\"": 1, \""roof_type\"": \""2100;3500;1000;2100;2100;3500\""}"", ""{\""n\"": 1, \""roof_type\"": \""Mono-Pitch Roof\""}"", ""{\""n\"": 487, \""roof_type\"": \""Flat Roof\""}""]",,
"spatial_within_distance_point__565336.46,5934209.53_100__p2",spatial_within_distance_point,spatial,hamburg,en,3,True,"How many buildings are located no more than 100 m from (565336.46,5934209.53)?","WITH split('565336.46,5934209.53', ',') AS xy WITH point({x: toFloat(xy[0]), y: toFloat(xy[1])}) AS p CALL spatial.intersects('features', 'POLYGON((' + toString(p.x-100)+' '+toString(p.y-100)+',' + toString(p.x+100)+' '+toString(p.y-100)+',' + toString(p.x+100)+' '+toString(p.y+100)+',' + toString(p.x-100)+' '+toString(p.y+100)+',' + toString(p.x-100)+' '+toString(p.y-100)+'))') YIELD node WITH p, node WHERE node:Building AND point.distance(p, node.location) <= 100 RETURN count(node) AS n",,"[""{\""n\"": 14}""]",,
spatial_near_amenity_tallest__animal_shelter_100__p0,spatial_near_amenity_tallest,spatial,helsinki,en,5,True,What is the tallest building within 100 m of a animal_shelter point of interest?,"MATCH (o:OsmFeature {osm_amenity: 'animal_shelter'}) WITH o, o.location AS c CALL spatial.intersects('features', 'POLYGON((' + toString(c.x-100)+' '+toString(c.y-100)+',' + toString(c.x+100)+' '+toString(c.y-100)+',' + toString(c.x+100)+' '+toString(c.y+100)+',' + toString(c.x-100)+' '+toString(c.y+100)+',' + toString(c.x-100)+' '+toString(c.y-100)+'))') YIELD node WITH o, node WHERE node:Building AND node.measured_height IS NOT NULL AND point.distance(o.location, node.location) <= 100 RETURN node.id AS id, node.measured_height AS height_m ORDER BY node.measured_height DESC, node.id ASC LIMIT 1",,"[""{\""height_m\"": 5.52, \""id\"": \""BID_51320883-0b9c-46b1-b2c4-ea4700f5559b\""}""]",,
spatial_bbox_count__POLYGON((-20298.99012761__p0,spatial_bbox_count,spatial,tokyo,en,3,True,"How many buildings lie inside the bounding box POLYGON((-20298.990127613983 -43569.838498623285, -11109.335003640681 -43569.838498623285, -11109.335003640681 -32191.837520247205, -20298.990127613983 -32191.837520247205, -20298.990127613983 -43569.838498623285))?",<withheld: held-out test split>,,<withheld: held-out test split>,,
spatial_knearest__ID_00001DB9-565B-4C0A-B2_5__p1,spatial_knearest,spatial,zurich,en,3,True,What are the 5 nearest buildings to building ID_00001DB9-565B-4C0A-B2A4-6F856FEAEBA5?,"MATCH (b0:Building {id: 'ID_00001DB9-565B-4C0A-B2A4-6F856FEAEBA5'}) MATCH (node:Building) WHERE node.id <> b0.id AND node.location IS NOT NULL RETURN node.id AS id, round(point.distance(b0.location, node.location) * 100) / 100.0 AS distance_m ORDER BY distance_m ASC, id ASC LIMIT 5",,"[""{\""distance_m\"": 17.74, \""id\"": \""ID_3374D373-EBE5-4E21-9970-25604630E186\""}"", ""{\""distance_m\"": 30.72, \""id\"": \""ID_1DA39203-AA25-4ABA-9F07-C871E6355402\""}"", ""{\""distance_m\"": 35.33, \""id\"": \""ID_07AB57D2-E586-46C3-8797-6BE7367BB2ED\""}"", ""{\""distance_m\"": 39.56, \""id\"": \""ID_9F76C9C8-F896-475E-8CA9-33CDE7092325\""}"", ""{\""distance_m\"": 43.74, \""id\"": \""ID_72610600-0768-482F-8E64-FD9998D64EDE\""}""]",,
spatial_knearest__BID_0019d516-d07e-4315-9_10__p1,spatial_knearest,spatial,helsinki,en,3,True,What are the 10 nearest buildings to building BID_0019d516-d07e-4315-957c-e4c0335d95e2?,"MATCH (b0:Building {id: 'BID_0019d516-d07e-4315-957c-e4c0335d95e2'}) MATCH (node:Building) WHERE node.id <> b0.id AND node.location IS NOT NULL RETURN node.id AS id, round(point.distance(b0.location, node.location) * 100) / 100.0 AS distance_m ORDER BY distance_m ASC, id ASC LIMIT 10",,"[""{\""distance_m\"": 28.33, \""id\"": \""BID_0b88a77f-016f-454a-bf29-f0960a86b7b2\""}"", ""{\""distance_m\"": 28.8, \""id\"": \""BID_cbe221a5-9d40-4319-949c-6cd3371c4475\""}"", ""{\""distance_m\"": 39.13, \""id\"": \""BID_102aa36e-72f8-4cf3-995f-6103084b17eb\""}"", ""{\""distance_m\"": 45.34, \""id\"": \""BID_d5dd3406-aae5-428c-abb1-3333e04a59a9\""}"", ""{\""distance_m\"": 46.78, \""id\"": \""BID_d4858549-ed2e-4b2f-bdf3-148bb4c1c398\""}"", ""{\""distance_m\"": 47.73, \""id\"": \""BID_a45bd92d-8cb5-4547-aa3b-4b7ab9fbdd4d\""}"", ""{\""distance_m\"": 51.57, \""id\"": \""BID_d8f4f3f1-0cfe-46b7-bcde-a0b1cbc0e388\""}"", ""{\""distance_m\"": 51.76, \""id\"": \""BID_e857e098-b5cb-440e-81bd-cf683703c5e4\""}"", ""{\""distance_m\"": 56.52, \""id\"": \""BID_e2156ede-2408-4a91-989e-151a56adf715\""}"", ""{\""distance_m\"": 61.33, \""id\"": \""BID_5c86812d-6fa4-46d3-a7fd-9046122ba2fa\""}""]",,
"spatial_within_distance_point__585211.11,4503701.94_100__p2",spatial_within_distance_point,spatial,nyc,en,3,True,"How many buildings are located no more than 100 m from (585211.11,4503701.94)?","WITH split('585211.11,4503701.94', ',') AS xy WITH point({x: toFloat(xy[0]), y: toFloat(xy[1])}) AS p CALL spatial.intersects('features', 'POLYGON((' + toString(p.x-100)+' '+toString(p.y-100)+',' + toString(p.x+100)+' '+toString(p.y-100)+',' + toString(p.x+100)+' '+toString(p.y+100)+',' + toString(p.x-100)+' '+toString(p.y+100)+',' + toString(p.x-100)+' '+toString(p.y-100)+'))') YIELD node WITH p, node WHERE node:Building AND point.distance(p, node.location) <= 100 RETURN count(node) AS n",,"[""{\""n\"": 74}""]",,
"spatial_within_distance_point__2.549746563E7,6674718.64_50__p1",spatial_within_distance_point,spatial,helsinki,en,3,True,"Count the buildings within 50 meters of the point (2.549746563E7,6674718.64).","WITH split('2.549746563E7,6674718.64', ',') AS xy WITH point({x: toFloat(xy[0]), y: toFloat(xy[1])}) AS p CALL spatial.intersects('features', 'POLYGON((' + toString(p.x-50)+' '+toString(p.y-50)+',' + toString(p.x+50)+' '+toString(p.y-50)+',' + toString(p.x+50)+' '+toString(p.y+50)+',' + toString(p.x-50)+' '+toString(p.y+50)+',' + toString(p.x-50)+' '+toString(p.y-50)+'))') YIELD node WITH p, node WHERE node:Building AND point.distance(p, node.location) <= 50 RETURN count(node) AS n",,"[""{\""n\"": 7}""]",,
spatial_bbox_count__POLYGON((557265.3193_592__p1,spatial_bbox_count,spatial,hamburg,en,3,True,"Count the buildings whose footprint intersects the window POLYGON((557265.3193 5924086.7424, 567693.1680000001 5924086.7424, 567693.1680000001 5936812.1645, 557265.3193 5936812.1645, 557265.3193 5924086.7424)).",<withheld: held-out test split>,,<withheld: held-out test split>,,
spatial_isolated__POLYGON((572194.07484955__p1,spatial_isolated,spatial,nyc,en,3,True,"In the window POLYGON((572194.0748495511 4494557.439092146, 572694.0748495511 4494557.439092146, 572694.0748495511 4495057.439092146, 572194.0748495511 4495057.439092146, 572194.0748495511 4494557.439092146)), count the buildings with no neighboring building within 100 m.",<withheld: held-out test split>,,<withheld: held-out test split>,,
"spatial_within_distance_point__600535.59,4510221.03_100__p1",spatial_within_distance_point,spatial,nyc,en,3,True,"Count the buildings within 100 meters of the point (600535.59,4510221.03).","WITH split('600535.59,4510221.03', ',') AS xy WITH point({x: toFloat(xy[0]), y: toFloat(xy[1])}) AS p CALL spatial.intersects('features', 'POLYGON((' + toString(p.x-100)+' '+toString(p.y-100)+',' + toString(p.x+100)+' '+toString(p.y-100)+',' + toString(p.x+100)+' '+toString(p.y+100)+',' + toString(p.x-100)+' '+toString(p.y+100)+',' + toString(p.x-100)+' '+toString(p.y-100)+'))') YIELD node WITH p, node WHERE node:Building AND point.distance(p, node.location) <= 100 RETURN count(node) AS n",,"[""{\""n\"": 76}""]",,
spatial_roof_complexity__5__p1,spatial_roof_complexity,spatial,hamburg,en,3,True,What are the 5 buildings with the highest number of roof polygons?,<withheld: held-out test split>,,<withheld: held-out test split>,,
spatial_roof_complexity__5__p1,spatial_roof_complexity,spatial,helsinki,en,3,True,What are the 5 buildings with the highest number of roof polygons?,<withheld: held-out test split>,,<withheld: held-out test split>,,
spatial_roof_complexity__5__p1,spatial_roof_complexity,spatial,zurich,en,3,True,What are the 5 buildings with the highest number of roof polygons?,<withheld: held-out test split>,,<withheld: held-out test split>,,
spatial_roof_complexity__5__p1,spatial_roof_complexity,spatial,nyc,en,3,True,What are the 5 buildings with the highest number of roof polygons?,<withheld: held-out test split>,,<withheld: held-out test split>,,
spatial_roof_complexity__5__p1,spatial_roof_complexity,spatial,tokyo,en,3,True,What are the 5 buildings with the highest number of roof polygons?,<withheld: held-out test split>,,<withheld: held-out test split>,,
spatial_bbox_agg__POLYGON((2670274.504315___p2,spatial_bbox_agg,spatial,zurich,en,3,True,"For buildings inside POLYGON((2670274.504315 1232655.5227999995, 2683900.4736249996 1232655.5227999995, 2683900.4736249996 1248918.786749999, 2670274.504315 1248918.786749999, 2670274.504315 1232655.5227999995)), what is the mean measured height?","CALL spatial.intersects('features', 'POLYGON((2670274.504315 1232655.5227999995, 2683900.4736249996 1232655.5227999995, 2683900.4736249996 1248918.786749999, 2670274.504315 1248918.786749999, 2670274.504315 1232655.5227999995))') YIELD node WITH node WHERE node:Building AND node.measured_height > -999 RETURN round(avg(node.measured_height) * 100) / 100.0 AS avg_height_m, count(node) AS n",,"[""{\""avg_height_m\"": 12.29, \""n\"": 20477}""]",,
spatial_near_amenity_tallest__Table_100__p2,spatial_near_amenity_tallest,spatial,zurich,en,5,True,Which is the tallest building located within 100 m of an amenity of type Table?,"MATCH (o:OsmFeature {osm_amenity: 'Table'}) WITH o, o.location AS c CALL spatial.intersects('features', 'POLYGON((' + toString(c.x-100)+' '+toString(c.y-100)+',' + toString(c.x+100)+' '+toString(c.y-100)+',' + toString(c.x+100)+' '+toString(c.y+100)+',' + toString(c.x-100)+' '+toString(c.y+100)+',' + toString(c.x-100)+' '+toString(c.y-100)+'))') YIELD node WITH o, node WHERE node:Building AND node.measured_height IS NOT NULL AND point.distance(o.location, node.location) <= 100 RETURN node.id AS id, node.measured_height AS height_m ORDER BY node.measured_height DESC, node.id ASC LIMIT 1",,[],,
spatial_isolated__POLYGON((2682346.56645_1__p0,spatial_isolated,spatial,zurich,en,3,True,"Within the window POLYGON((2682346.56645 1253261.3496000003, 2682846.56645 1253261.3496000003, 2682846.56645 1253761.3496000003, 2682346.56645 1253761.3496000003, 2682346.56645 1253261.3496000003)), how many buildings have no other building within 100 meters?",<withheld: held-out test split>,,<withheld: held-out test split>,,
spatial_dense_pairs__POLYGON((560172.571_5943__p1,spatial_dense_pairs,spatial,hamburg,en,4,True,"In the window POLYGON((560172.571 5943187.8865, 560672.571 5943187.8865, 560672.571 5943687.8865, 560172.571 5943687.8865, 560172.571 5943187.8865)), count the pairs of buildings that are less than 10 m apart.","CALL spatial.intersects('features', 'POLYGON((560172.571 5943187.8865, 560672.571 5943187.8865, 560672.571 5943687.8865, 560172.571 5943687.8865, 560172.571 5943187.8865))') YIELD node WITH node WHERE node:Building WITH collect(node) AS bldgs UNWIND bldgs AS a UNWIND bldgs AS b WITH a, b WHERE a.id < b.id AND point.distance(a.location, b.location) < 10 RETURN count(*) AS n",,"[""{\""n\"": 110}""]",,
"spatial_near_water__575676.65,5951781.3_50__p2",spatial_near_water,spatial,hamburg,en,5,True,"How many buildings are within 50 m of the water feature centered at (575676.65,5951781.3)?","WITH split('575676.65,5951781.3', ',') AS xy WITH point({x: toFloat(xy[0]), y: toFloat(xy[1])}) AS p CALL spatial.intersects('features', 'POLYGON((' + toString(p.x-50)+' '+toString(p.y-50)+',' + toString(p.x+50)+' '+toString(p.y-50)+',' + toString(p.x+50)+' '+toString(p.y+50)+',' + toString(p.x-50)+' '+toString(p.y+50)+',' + toString(p.x-50)+' '+toString(p.y-50)+'))') YIELD node WITH p, node WHERE node:Building AND point.distance(p, node.location) <= 50 RETURN count(DISTINCT node) AS n",,"[""{\""n\"": 1}""]",,
spatial_dense_pairs__POLYGON((565086.45800000__p1,spatial_dense_pairs,spatial,hamburg,en,4,True,"In the window POLYGON((565086.4580000001 5933959.526000001, 565586.4580000001 5933959.526000001, 565586.4580000001 5934459.526000001, 565086.4580000001 5934459.526000001, 565086.4580000001 5933959.526000001)), count the pairs of buildings that are less than 10 m apart.","CALL spatial.intersects('features', 'POLYGON((565086.4580000001 5933959.526000001, 565586.4580000001 5933959.526000001, 565586.4580000001 5934459.526000001, 565086.4580000001 5934459.526000001, 565086.4580000001 5933959.526000001))') YIELD node WITH node WHERE node:Building WITH collect(node) AS bldgs UNWIND bldgs AS a UNWIND bldgs AS b WITH a, b WHERE a.id < b.id AND point.distance(a.location, b.location) < 10 RETURN count(*) AS n",,"[""{\""n\"": 16}""]",,
spatial_knearest__ID__10__p1,spatial_knearest,spatial,zurich,en,3,True,What are the 10 nearest buildings to building ID_?,"MATCH (b0:Building {id: 'ID_'}) MATCH (node:Building) WHERE node.id <> b0.id AND node.location IS NOT NULL RETURN node.id AS id, round(point.distance(b0.location, node.location) * 100) / 100.0 AS distance_m ORDER BY distance_m ASC, id ASC LIMIT 10",,"[""{\""distance_m\"": 0.0, \""id\"": \""ID_F3B5350C-7E6B-4BB5-AD6E-7A7A30AC259D\""}"", ""{\""distance_m\"": 522.76, \""id\"": \""ID_246AE2C7-2395-4986-B00F-039A64F5152E\""}"", ""{\""distance_m\"": 525.57, \""id\"": \""ID_25A49B0C-3646-4DDE-AB78-350F12991F5E\""}"", ""{\""distance_m\"": 537.86, \""id\"": \""ID_330DB08F-F9B0-4BB8-98B4-3121DE16BB51\""}"", ""{\""distance_m\"": 552.31, \""id\"": \""ID_F8C2E6E4-A726-4513-9022-205BF0338689\""}"", ""{\""distance_m\"": 575.55, \""id\"": \""ID_5541E2E9-93A9-439B-B387-C76DF3D8AF12\""}"", ""{\""distance_m\"": 583.46, \""id\"": \""ID_CBE4AC88-CA6E-43C2-B6D6-DF3C6B9B9C7B\""}"", ""{\""distance_m\"": 589.41, \""id\"": \""ID_F978C371-81A2-41C9-BF67-1ED4B4E105A4\""}"", ""{\""distance_m\"": 641.76, \""id\"": \""ID_5E2AFF84-BA83-42B2-AD13-6DC740A4DB89\""}"", ""{\""distance_m\"": 652.32, \""id\"": \""ID_BA54F8C3-B751-4CC0-A473-B05C26EB3732\""}""]",,
spatial_neighbours__DEHHALKA100002LW__p0,spatial_neighbours,spatial,hamburg,en,3,True,How many buildings stand within 100 meters of building DEHHALKA100002LW?,"MATCH (b0:Building {id: 'DEHHALKA100002LW'}) WITH b0, b0.location AS c CALL spatial.intersects('features', 'POLYGON((' + toString(c.x-100)+' '+toString(c.y-100)+',' + toString(c.x+100)+' '+toString(c.y-100)+',' + toString(c.x+100)+' '+toString(c.y+100)+',' + toString(c.x-100)+' '+toString(c.y+100)+',' + toString(c.x-100)+' '+toString(c.y-100)+'))') YIELD node WITH b0, node WHERE node:Building AND node.id <> b0.id AND point.distance(b0.location, node.location) <= 100 RETURN count(node) AS n",,"[""{\""n\"": 13}""]",,
spatial_bbox_tallest__POLYGON((557265.3193_592__p1,spatial_bbox_tallest,spatial,hamburg,en,4,True,"Within the window POLYGON((557265.3193 5924086.7424, 567693.1680000001 5924086.7424, 567693.1680000001 5936812.1645, 557265.3193 5936812.1645, 557265.3193 5924086.7424)), which building is the tallest?",<withheld: held-out test split>,,<withheld: held-out test split>,,
spatial_knearest__bldg_000002e4-0c5f-4f8b-_10__p0,spatial_knearest,spatial,tokyo,en,3,True,Which 10 buildings are closest to building bldg_000002e4-0c5f-4f8b-829f-e8a82180f9e2?,"MATCH (b0:Building {id: 'bldg_000002e4-0c5f-4f8b-829f-e8a82180f9e2'}) MATCH (node:Building) WHERE node.id <> b0.id AND node.location IS NOT NULL RETURN node.id AS id, round(point.distance(b0.location, node.location) * 100) / 100.0 AS distance_m ORDER BY distance_m ASC, id ASC LIMIT 10",,"[""{\""distance_m\"": 10.05, \""id\"": \""bldg_f249a164-fb38-433a-a42f-416a6b4bff17\""}"", ""{\""distance_m\"": 13.07, \""id\"": \""bldg_450d0518-01cf-4722-89b1-72f9b6a727cb\""}"", ""{\""distance_m\"": 13.66, \""id\"": \""bldg_0fc03047-2835-415b-85f6-99ad3415f582\""}"", ""{\""distance_m\"": 15.07, \""id\"": \""bldg_018a565f-83d6-48f0-900d-53b1c1424fc8\""}"", ""{\""distance_m\"": 15.73, \""id\"": \""bldg_77977cd2-b9f1-4501-81a7-277636c1069c\""}"", ""{\""distance_m\"": 15.97, \""id\"": \""bldg_0525e384-c729-434e-9820-0a93ce3e79c0\""}"", ""{\""distance_m\"": 19.11, \""id\"": \""bldg_33dccd95-c26f-4d24-affb-a4d7a7f86de0\""}"", ""{\""distance_m\"": 7.12, \""id\"": \""bldg_96a1c3bd-f533-4896-8a76-a2628541f218\""}"", ""{\""distance_m\"": 8.27, \""id\"": \""bldg_1dc7dc66-f4a7-4376-8adc-97ce464a6e34\""}"", ""{\""distance_m\"": 8.5, \""id\"": \""bldg_1c211a9e-9201-40a8-9cd5-64c6493a0dde\""}""]",,
spatial_neighbours__ID_00001DB9-565B-4C0A-B2__p0,spatial_neighbours,spatial,zurich,en,3,True,How many buildings stand within 100 meters of building ID_00001DB9-565B-4C0A-B2A4-6F856FEAEBA5?,"MATCH (b0:Building {id: 'ID_00001DB9-565B-4C0A-B2A4-6F856FEAEBA5'}) WITH b0, b0.location AS c CALL spatial.intersects('features', 'POLYGON((' + toString(c.x-100)+' '+toString(c.y-100)+',' + toString(c.x+100)+' '+toString(c.y-100)+',' + toString(c.x+100)+' '+toString(c.y+100)+',' + toString(c.x-100)+' '+toString(c.y+100)+',' + toString(c.x-100)+' '+toString(c.y-100)+'))') YIELD node WITH b0, node WHERE node:Building AND node.id <> b0.id AND point.distance(b0.location, node.location) <= 100 RETURN count(node) AS n",,"[""{\""n\"": 30}""]",,
